Company_Name,Brand_Name,FnB_Setting,Dining_Concept,Category,Name_of_Outlet,Outlet_Address,Regions,Menu_Item_Endorsement_Criteria,postal
 IVEGAN PTE. LTD.,ivegan pte ltd,Restaurant,,Other,thomson plaza outlet,301 upper thomson road #01-109 thomson plaza Singapore 574408,Central,"Lower in calories, Higher in wholegrains, Higher in wholegrains and lower in calories",574408
Abaavo Group Private Limited,Wingstop,Quick Service Restaurant/Fast Food,Halal,Fast Food,Wingstop - Hougang Rivercourt,377 Hougang Street 32 #1-33 Hougang Rivercourt Singapore 530377,North-East,Lower in calories,530377
Abaavo Group Private Limited,WINGSTOP,Quick Service Restaurant/Fast Food,Halal,Fast Food,Hougang Rivercourt,377 Hougang Street 32 #1-33 Hougang Rivercourt Singapore 530377,North-East,Lower in calories,530377
Abaavo Group Private Limited,WINGSTOP,Quick Service Restaurant/Fast Food,Halal,Fast Food,Heartbeat @ Bedok,11 Bedok North Street 1 #1-32 Heartbeat@Bedok Singapore 469662,East,Lower in calories,469662
ABR Holdings Limited,Swensen's,Restaurant,Halal,Western,Swensens - Bedok Mall,311 New Upper Changi Road #01-77 S 467360,East,"Lower in calories, Lower in sugar, No added sugar, Healthier children's meal, Lower in sugar and source of dietary fibre",467360
ABR Holdings Limited,Swensen's,Restaurant,Halal,Western,Swensens - Causeway Point,"1 Woodlands Square, #02-08/09, Causeway Point S738099",North,"Lower in calories, Lower in sugar, No added sugar, Healthier children's meal, Lower in sugar and source of dietary fibre",738099
ABR Holdings Limited,Swensen's,Restaurant,Halal,Western,Swensens - Clementi Mall,"3155 Commonwealth Ave West, #05-31/32/33, Clementi Mall S 129588",West,"Lower in calories, Lower in sugar, No added sugar, Healthier children's meal, Lower in sugar and source of dietary fibre",129588
ABR Holdings Limited,Swensen's,Restaurant,Halal,Western,Swensens - Compass One,"1 Sengkang Square, #B1-16, Compass One S 545078",North-East,"Lower in calories, Lower in sugar, No added sugar, Healthier children's meal, Lower in sugar and source of dietary fibre",545078
ABR Holdings Limited,Swensen's,Restaurant,Halal,Western,Swensens - Ehub@Downtown East,1 Pasir Ris Close #02-121/122 Singapore 519599,East,"Lower in calories, Lower in sugar, No added sugar, Healthier children's meal, Lower in sugar and source of dietary fibre",519599
ABR Holdings Limited,Swensen's,Restaurant,Halal,Western,Swensens - IMM,"2 Jurong East St 21, #01-111, IMM S 609601",West,"Lower in calories, Lower in sugar, No added sugar, Healthier children's meal, Lower in sugar and source of dietary fibre",609601
ABR Holdings Limited,Swensen's,Restaurant,Halal,Western,Swensens - Junction 8,"9 Bishan Place #01-39, Junction 8 S 579837",Central,"Lower in calories, Lower in sugar, No added sugar, Healthier children's meal, Lower in sugar and source of dietary fibre",579837
ABR Holdings Limited,Swensen's,Restaurant,Halal,Western,Swensens - Jurong Point,"63 Jurong West Central 3, #B1-64, Jurong Point S 648886",West,"Lower in calories, Lower in sugar, No added sugar, Healthier children's meal, Lower in sugar and source of dietary fibre",648886
ABR Holdings Limited,Swensen's,Restaurant,Halal,Western,Swensens - NEX,"23 Serangoon Central, #02 - 07/08, Nex Mall, Singapore 556083",North-East,"Lower in calories, Lower in sugar, No added sugar, Healthier children's meal, Lower in sugar and source of dietary fibre",556083
ABR Holdings Limited,Swensen's,Restaurant,Halal,Western,Swensens - North Point,"930 Yishun Ave 2 #01-16/17, North point S 769098",North,"Lower in calories, Lower in sugar, No added sugar, Healthier children's meal, Lower in sugar and source of dietary fibre",769098
ABR Holdings Limited,Swensen's,Restaurant,Halal,Western,Swensens - Parkway Parade,"80 Marine Parade Road #B1-33/34, Parkway Parade S  449269",East,"Lower in calories, Lower in sugar, No added sugar, Healthier children's meal, Lower in sugar and source of dietary fibre",449269
ABR Holdings Limited,Swensen's,Restaurant,Halal,Western,Swensens - Plaza Singapura,"68 Orchard Road #03-23, Plaza Singapura S 238839",Central,"Lower in calories, Lower in sugar, No added sugar, Healthier children's meal, Lower in sugar and source of dietary fibre",238839
ABR Holdings Limited,Swensen's,Restaurant,Halal,Western,Swensens - Tampines Mall,"4 Tampines Central 5, #03-30, Tampines Mall S 529510",East,"Lower in calories, Lower in sugar, No added sugar, Healthier children's meal, Lower in sugar and source of dietary fibre",529510
ABR Holdings Limited,Swensen's,Restaurant,Halal,Western,Swensens - Thomson Plaza,"301 Upper Thomson Road #03-23, Thomson Plaza S 574408",Central,"Lower in calories, Lower in sugar, No added sugar, Healthier children's meal, Lower in sugar and source of dietary fibre",574408
ABR Holdings Limited,Swensen's,Restaurant,Halal,Western,Swensens - West Mall,"1 Bukit Batok Central Link #02-05, West Mall S 658713",West,"Lower in calories, Lower in sugar, No added sugar, Healthier children's meal, Lower in sugar and source of dietary fibre",658713
ABR Holdings Limited,Swensen's,Restaurant,Halal,Western,Swensens - Singpost Centre,"10 Eunos Road 8, #02-136/137 Singapore 408600",East,"Lower in calories, Lower in sugar, No added sugar, Healthier children's meal, Lower in sugar and source of dietary fibre",408600
AFTERGLOW CONCEPTS PRIVATE LIMITED,Afterglow,Restaurant,,Western,Afterglow,24 Keong Saik Road Singapore 089131,Central,Lower in calories,89131
BARCOOK BAKERY PTE. LTD.,Barcook Bakery,Bakery,,"Breads, cakes, cookies, pastries",BARCOOK LAB (HONG LIM COMPLEX ),531 Upper Cross Street #01-54 Hong Lim Complex Singapore 050531,Central,Higher in wholegrains,50531
BARCOOK BAKERY PTE. LTD.,Barcook Bakery,Bakery,,"Breads, cakes, cookies, pastries",BARCOOK JAPAN (PAYA LEBAR QUARTER MALL -PLQ MALL),10 Paya Lebar Rd #B2-07 Paya Lebar Quarter Mall Singapore 409057,Central,Higher in wholegrains,409057
BARCOOK BAKERY PTE. LTD.,Barcook Bakery,Bakery,,"Breads, cakes, cookies, pastries",BARCOOK (ONE RAFFLES PLACE),1 Raffles Place #B1-03 1 Raffles Place Singapore 048616,Central,Higher in wholegrains,48616
BARCOOK BAKERY PTE. LTD.,Barcook Bakery,Bakery,,"Breads, cakes, cookies, pastries",BARCOOK (OG ALBERT COMPLEX),60 Albert Street #01-03-04 OG Albert Complex Singapore 189969,Central,Higher in wholegrains,189969
BARCOOK BAKERY PTE. LTD.,Barcook Bakery,Bakery,,"Breads, cakes, cookies, pastries",BARCOOK (NOVENA SQUARE 2),10 Sinaran Drive #01-16-18 Novena Square 2 Singapore 307506,Central,Higher in wholegrains,307506
BARCOOK BAKERY PTE. LTD.,Barcook Bakery,Bakery,,"Breads, cakes, cookies, pastries",BARCOOK (NEX SHOPPING MALL),23 Serangoon Central #03-K18 Nex Shopping Mall Singapore 556083,North-East,Higher in wholegrains,556083
BARCOOK BAKERY PTE. LTD.,Barcook Bakery,Bakery,,"Breads, cakes, cookies, pastries",BARCOOK (INTERNATIONAL PLAZA),10 Anson Road #01-35 International Plaza Singapore 079903,Central,Higher in wholegrains,79903
BARCOOK BAKERY PTE. LTD.,Barcook Bakery,Bakery,,"Breads, cakes, cookies, pastries",BARCOOK (HILLION MALL),17 Petir Road #B2-32 Hillion Mall Singapore 678278,West,Higher in wholegrains,678278
BARCOOK BAKERY PTE. LTD.,Barcook Bakery,Bakery,,"Breads, cakes, cookies, pastries",BARCOOK (CLARKE QUAY CENTRAL),6 Eu Tong Sen Street #01-67 Clarke quay Central Singapore 059817,Central,Higher in wholegrains,59817
BARCOOK BAKERY PTE. LTD.,Barcook Bakery,Bakery,,"Breads, cakes, cookies, pastries",BARCOOK (ALEXANDRA RETAIL CENTRE),460 Alexandra Road #01-19 Singapore 119963,Central,Higher in wholegrains,119963
Beanstalk Specialities Pte. Ltd.,Nine Fresh,Kiosk,,Bubble Tea,Nine Fresh Desserts Taiwan ?? - Toa Payoh Central,520 Lorong 6 Toa Payoh HDB Hub #01-50 Singapore 310520,Central,Lower in sugar,310520
Beanstalk Specialities Pte. Ltd.,Nine Fresh,Kiosk,,Bubble Tea,Nine Fresh Desserts Taiwan ?? - Ang Mo Kio,703 Ang Mo Kio Ave 8 #01-2533 Singapore 560703,North-East,Lower in sugar,560703
Beanstalk Specialities Pte. Ltd.,Nine Fresh,Kiosk,,Bubble Tea,Nine Fresh Desserts Taiwan ?? - Chinatown Point,"133 New Bridge Road #B2-43, Chinatown Point Singapore 059413",Central,Lower in sugar,59413
Beanstalk Specialities Pte. Ltd.,Nine Fresh,Kiosk,,Bubble Tea,Nine Fresh Desserts Taiwan ?? - Choa Chu Kang,10 Choa Chu Kang Avenue 4 #B2-43 Choa Chu Kang MRT Station Singapore 689810,West,Lower in sugar,689810
Beanstalk Specialities Pte. Ltd.,Nine Fresh,Kiosk,,Bubble Tea,Nine Fresh Desserts Taiwan ?? - Compass One,1 Sengkang Square #B1-41 Compass One Singapore 545078,North-East,Lower in sugar,545078
Beanstalk Specialities Pte. Ltd.,Nine Fresh,Kiosk,,Bubble Tea,Nine Fresh Desserts Taiwan ?? - Hougang Mall,90 Hougang Avenue 10 #B1-K11 Hougang Mall Singapore 538766,North-East,Lower in sugar,538766
Beanstalk Specialities Pte. Ltd.,Nine Fresh,Kiosk,,Bubble Tea,Nine Fresh Desserts Taiwan ?? - Jurong Point,1 Jurong West Central 2 #B1-K3 Jurong Point Singapore 648886,West,Lower in sugar,648886
Beanstalk Specialities Pte. Ltd.,Nine Fresh,Kiosk,,Bubble Tea,Nine Fresh Desserts Taiwan ?? - Northpoint City,930 Yishun Avenue 2 #B2-153 Northpoint City Singapore 769098,North,Lower in sugar,769098
Beanstalk Specialities Pte. Ltd.,Nine Fresh,Kiosk,,Bubble Tea,Nine Fresh Desserts Taiwan ?? - Paya Lebar Square,"60 Paya Lebar Rd #01-49, Paya Lebar Square Singapore 409051",Central,Lower in sugar,409051
Beanstalk Specialities Pte. Ltd.,Nine Fresh,Kiosk,,Bubble Tea,Nine Fresh Desserts Taiwan ?? - Century Square,2 Tampines Central 5 #B2-25 Century Square Singapore 529509,East,Lower in sugar,529509
Beanstalk Specialities Pte. Ltd.,Nine Fresh,Kiosk,,Bubble Tea,Nine Fresh Desserts Taiwan ?? - Seletar Mall,33 Sengkang West Avenue #B1-K3 Seletar Mall Singapore 797653,North-East,Lower in sugar,797653
Beanstalk Specialities Pte. Ltd.,Nine Fresh,Kiosk,,Bubble Tea,Nine Fresh Desserts Taiwan ?? - Sun Plaza,30 Sembawang Drive #B1-36 Sun Plaza Singapore 757713,North,Lower in sugar,757713
Beanstalk Specialities Pte. Ltd.,Nine Fresh,Kiosk,,Bubble Tea,Nine Fresh Desserts Taiwan ?? - Tiong Bahru Plaza,30 Tiong Bahru Road #B1-K1 Tiong Bahru Plaza Singapore 168732,Central,Lower in sugar,168732
Beanstalk Specialities Pte. Ltd.,Nine Fresh,Kiosk,,Bubble Tea,Nine Fresh Desserts Taiwan ?? - White Sands,1 Pasir Ris Central Street 3 #02-K7 White Sands Shopping Centre Singapore 518457,East,Lower in sugar,518457
Beanstalk Specialities Pte. Ltd.,Nine Fresh,Kiosk,,Bubble Tea,Nine Fresh Desserts Taiwan ?? - Woodlands MRT,30 Woodlands Avenue 2 #01-12  Woodlands MRT Station Singapore 738343,North,Lower in sugar,738343
Beanstalk Specialities Pte. Ltd.,Nine Fresh,Kiosk,,Bubble Tea,Nine Fresh Desserts Taiwan ?? - Yew Tee Point,21 Choa Chu Kang North 6 #B1-42 Yew Tee Point Singapore 689578,West,Lower in sugar,689578
BreadTalk Pte Ltd,ToastBox,Café,,Other,Toast Box - Tan Tock Seng Hospital,11 Jalan Tan Tock Seng #01-06 Singapore 308433,Central,"Lower in calories, No added sugar",308433
BreadTalk Pte Ltd,Toast Box,Café,,Other,Toast Box - Resorts World Sentosa,26 Sentosa Gateway #B1-203 Singapore 098138,South,"Lower in calories, No added sugar",98138
BreadTalk Pte Ltd,Toast Box,Café,,Other,Toast Box - One Holland Village,7 HOLLAND VILLAGE WAY Singapore 275748,Central,"Lower in calories, No added sugar",275748
BreadTalk Pte Ltd,Toast Box,Café,,Other,Toast Box - Changi City Point,5 Changi Business Park Central 1 Singapore 486038,East,"Lower in calories, No added sugar",486038
BreadTalk Pte Ltd,Toast Box,Café,,Other,Toast Box - The Woodleigh Mall,11 Bidadari Park Drive Singapore 367803,South-West,"Lower in calories, No added sugar",367803
BreadTalk Pte Ltd,Toast Box,Café,,Other,Toast Box Coffee House,58 Seng Poh Road Singapore 160058,Central,"Lower in calories, No added sugar",160058
BreadTalk Pte Ltd,Toast Box,Café,,Other,Toast Box - KOMO Shoppes,963C Upper Changi Road North Singapore 506790,East,"Lower in calories, No added sugar",506790
BreadTalk Pte Ltd,Toast Box,Café,,Other,Toast Box - ION Orchard,2 Orchard Turn #B4-03D Singapore 238801,Central,"Lower in calories, No added sugar",238801
BreadTalk Pte Ltd,Toast Box,Café,,Other,Toast Box - Nex,23 Serangoon Central #B2-58/59 Singapore 556083,North-East,"Lower in calories, No added sugar",556083
BreadTalk Pte Ltd,Toast Box,Café,,Other,Toast Box - Bugis Junction,200 Victoria Street #01-67 Singapore 188021,Central,"Lower in calories, No added sugar",188021
BreadTalk Pte Ltd,Toast Box,Café,,Other,Toast Box - Kitchener Complex,Blk 809 French Road #01-32/33 Singapore 200809,Central,"Lower in calories, No added sugar",200809
BreadTalk Pte Ltd,Toast Box,Café,,Other,Toast Box - Parkway Parade,80 Marine Parade Road #B1-85 Singapore 449269,East,"Lower in calories, No added sugar",449269
BreadTalk Pte Ltd,Toast Box,Café,,Other,Toast Box - myVillage,1 Maju Avenue (Serangoon Gardens) #01-01 Singapore 556679,North-East,"Lower in calories, No added sugar",556679
BreadTalk Pte Ltd,Toast Box,Café,,Other,Toast Box - VivoCity B2,1 Harbourfront Walk #B2-34 Singapore 098585,South,"Lower in calories, No added sugar",98585
BreadTalk Pte Ltd,Toast Box,Café,,Other,Toast Box - United Square,101 Thomson Road #01-81 Singapore 307591,Central,"Lower in calories, No added sugar",307591
BreadTalk Pte Ltd,Toast Box,Café,,Other,Toast Box - Paya Lebar Quarter,"10 Paya Lebar Road #B2-19 PLQ Mall, Paya Lebar Quarter Singapore 409057",East,"Lower in calories, No added sugar",409057
BreadTalk Pte Ltd,Toast Box,Café,,Other,Toast Box - Toa Payoh HDB Hub,530 Lorong 6 Toa Payoh #01-04 Singapore 310530,Central,"Lower in calories, No added sugar",310530
BreadTalk Pte Ltd,Toast Box,Café,,Other,Toast Box - Wisma Atria,435 Orchard Road #04-00 Singapore 238877,Central,"Lower in calories, No added sugar",238877
BreadTalk Pte Ltd,Toast Box,Café,,Other,Toast Box - Raffles City,252 North Bridge Road #B1-44A Singapore 179103,Central,"Lower in calories, No added sugar",179103
BreadTalk Pte Ltd,Toast Box,Café,,Other,Toast Box - AMK Hub,53 Ang Mo Kio Avenue 3 #01-02 Singapore 569933,North-East,"Lower in calories, No added sugar",569933
BreadTalk Pte Ltd,Toast Box,Café,,Other,Toast Box - Marina Bay Sands,2 Bayfront Avenue #B1-01E Singapore 018956,Central,"Lower in calories, No added sugar",18956
BreadTalk Pte Ltd,Toast Box,Café,,Other,Toast Box - YewTee Point,21 Choa Chu Kang North 6 #01-03 Singapore 689578,West,"Lower in calories, No added sugar",689578
BreadTalk Pte Ltd,Toast Box,Café,,Other,Toast Box - Nankin Row,3 Pickering Street #01-26 Singapore 048660,Central,"Lower in calories, No added sugar",48660
BreadTalk Pte Ltd,Toast Box,Café,,Other,Toast Box - Sixth Avenue,8/8A Sixth Avenue Singapore 276473,Central,"Lower in calories, No added sugar",276473
BreadTalk Pte Ltd,Toast Box,Café,,Other,Toast Box - Junction 8,9 Bishan Place #01-35/36 Singapore 579837,Central,"Lower in calories, No added sugar",579837
BreadTalk Pte Ltd,Toast Box,Café,,Other,Toast Box - National University Hospital,5 Lower Kent Ridge Road #01-11 Main Building Singapore 119074,South,"Lower in calories, No added sugar",119074
BreadTalk Pte Ltd,Toast Box,Café,,Other,Toast Box - City Gate,371 Beach Road #01-04 City Gate Singapore 199587,South,"Lower in calories, No added sugar",199587
BreadTalk Pte Ltd,Toast Box,Café,,Other,Toast Box - Jem,50 Jurong Gateway Rd #01-50 Singapore 608549,West,"Lower in calories, No added sugar",608549
BreadTalk Pte Ltd,Toast Box,Café,,Other,Toast Box - Esplanade,8 Raffles Avenue #01-01 Singapore 039802,South-West,"Lower in calories, No added sugar",39802
BreadTalk Pte Ltd,Toast Box,Café,,Other,Toast Box - Hougang Mall,90 Hougang Ave 10 #B1-29 Singapore 538766,North-East,"Lower in calories, No added sugar",538766
BreadTalk Pte Ltd,Toast Box,Café,,Other,Toast Box - Bedok Mall,311 New Upper Changi Road #B2-25/26 Singapore 467360,East,"Lower in calories, No added sugar",467360
BreadTalk Pte Ltd,Toast Box,Café,,Other,Toast Box - Phillip Street,3 Phillip Street #01-05 Singapore 048693,Central,"Lower in calories, No added sugar",48693
BreadTalk Pte Ltd,Toast Box,Café,,Other,Toast Box - Jewel Changi Airport,78 Airport Boulevard #B2-231 Jewel Changi Airport Singapore 819666,East,"Lower in calories, No added sugar",819666
BreadTalk Pte Ltd,Toast Box,Café,,Other,Toast Box - 313@Somerset B2,313 Orchard Road #B2-31 Singapore 238895,Central,"Lower in calories, No added sugar",238895
BreadTalk Pte Ltd,Toast Box,Café,,Other,Toast Box - Rivervale Mall,11 Rivervale Crescent #01-15/16 Singapore 545082,East,"Lower in calories, No added sugar",545082
BreadTalk Pte Ltd,Toast Box,Café,,Other,Toast Box - Great World,1 Kim Seng Promenade #B1-105 Singapore 237994,Central,"Lower in calories, No added sugar",237994
BreadTalk Pte Ltd,Toast Box,Café,,Other,Toast Box - Jurong Point,63 Jurong West Central 3 #B1-70/71 Singapore 648331,West,"Lower in calories, No added sugar",648331
BreadTalk Pte Ltd,Toast Box,Café,,Other,Toast Box - Suntec City,3 Temasek Boulevard Fountain Court #B1-167 Singapore 038983,Central,"Lower in calories, No added sugar",38983
BreadTalk Pte Ltd,Toast Box,Café,,Other,Toast Box - City Square Mall,180 Kitchener Road #01-42/43 Singapore 208539,East,"Lower in calories, No added sugar",208539
BreadTalk Pte Ltd,Toast Box,Café,,Other,Toast Box - Causeway Point L4,1 Woodlands Square #04-01/04 Singapore 738099,North,"Lower in calories, No added sugar",738099
BreadTalk Pte Ltd,Toast Box,Café,,Other,Toast Box - Shaw Lido,350 Orchard Road #B1-03 Singapore 238868,Central,"Lower in calories, No added sugar",238868
BreadTalk Pte Ltd,Toast Box,Café,,Other,Toast Box - Northpoint City,930 Yishun Avenue 2 #01-49 Singapore 769098,North,"Lower in calories, No added sugar",769098
BreadTalk Pte Ltd,Toast Box,Café,,Other,Toast Box - Alexandra Central,321 Alexandra Road #01-02 Singapore 159971,Central,"Lower in calories, No added sugar",159971
BreadTalk Pte Ltd,Toast Box,Café,,Other,Toast Box - Greenwich Village,1 Seletar Road #01-06 Singapore 807011,North,"Lower in calories, No added sugar",807011
BreadTalk Pte Ltd,Toast Box,Café,,Other,Toast Box - Singapore Press Holdings,1000 Toa Payoh North News Centre Tower Block #01-01 Singapore 318994,Central,"Lower in calories, No added sugar",318994
BreadTalk Pte Ltd,Toast Box,Café,,Other,Toast Box - Causeway Point L1,1 Woodlands Square #01-34 Singapore 738099,North,"Lower in calories, No added sugar",738099
BreadTalk Pte Ltd,Toast Box,Café,,Other,Toast Box - Manulife Tower,8 Cross Street #01-K1 Singapore 048424,Central,"Lower in calories, No added sugar",48424
BreadTalk Pte Ltd,Toast Box,Café,,Other,Toast Box - Waterway Point,83 Punggol Central #B1-15 Singapore 828761,North-East,"Lower in calories, No added sugar",828761
BreadTalk Pte Ltd,Toast Box,Café,,Other,Toast Box - Novena Square,238 Thomson Road #01-15 Singapore 307683,Central,"Lower in calories, No added sugar",307683
BreadTalk Pte Ltd,Toast Box,Café,,Other,Toast Box - VivoCity L3,1 Harbourfront Walk #03-01 Singapore 098585,South,"Lower in calories, No added sugar",98585
BreadTalk Pte Ltd,Toast Box,Café,,Other,Toast Box - BreadTalk IHQ,30 Tai Seng Street #01-05 Singapore 534013,East,"Lower in calories, No added sugar",534013
BreadTalk Pte Ltd,Toast Box,Café,,Other,Toast Box - The Rail Mall,448 Upper Bukit Timah Road #01-01 Singapore 678068,Central,"Lower in calories, No added sugar",678068
BreadTalk Pte Ltd,Toast Box,Café,,Other,Toast Box - Loyang Point,259 Pasir Ris Street 21 #02-38 Loyang Point Singapore 510259,East,"Lower in calories, No added sugar",510259
BreadTalk Pte Ltd,Toast Box,Café,,Other,Toast Box - Compass One,1 Sengkang Square #B1-35 Singapore 545078,North-East,"Lower in calories, No added sugar",545078
BreadTalk Pte Ltd,Toast Box,Café,,Other,Toast Box - Sun Plaza,30 Sembawang Drive #01-02 Singapore 757713,North,"Lower in calories, No added sugar",757713
BreadTalk Pte Ltd,Toast Box,Café,,Other,Toast Box - Asia Square,8 Marina View Tower 1 #02-06 Singapore 018960,Central,"Lower in calories, No added sugar",18960
BreadTalk Pte Ltd,Toast Box,Café,,Other,Toast Box - Tiong Bahru Plaza,302 Tiong Bahru Road #01-110 Singapore 168732,Central,"Lower in calories, No added sugar",168732
BreadTalk Pte Ltd,Toast Box,Café,,Other,Toast Box - Scotts Square,6 Scotts Rd #B1-13 Singapore 228209,Central,"Lower in calories, No added sugar",228209
BreadTalk Pte Ltd,Toast Box,Café,,Other,Toast Box - The Sail,2 Marina Blvd #B1-03 Singapore 018987,South,"Lower in calories, No added sugar",18987
BreadTalk Pte Ltd,Toast Box,Café,,Other,Toast Box - Joo Koon (Fairprice Circle),1 Joo Koon Circle #01-44 Singapore 629117,West,"Lower in calories, No added sugar",629117
BreadTalk Pte Ltd,Toast Box,Café,,Other,Toast Box - Bras Basah Complex,231 Bain Street #01-51/53 Singapore 180231,Central,"Lower in calories, No added sugar",180231
BreadTalk Pte Ltd,Toast Box,Café,,Other,Toast Box - Chinatown Point,133 New Bridge Road #01-45/46 Singapore 059413,Central,"Lower in calories, No added sugar",59413
BreadTalk Pte Ltd,Toast Box,Café,,Other,Toast Box - Lot One (Food Junction),21 Choa Chu Kang Ave 4 #04-16 Singapore 689812,West,"Lower in calories, No added sugar",689812
BreadTalk Pte Ltd,Toast Box,Café,,Other,Toast Box - Paragon,290 Orchard Road #02-28A Singapore 238859,Central,"Lower in calories, No added sugar",238859
BreadTalk Pte Ltd,Toast Box,Café,,Other,Toast Box - Westgate,3 Gateway Drive #02-02 Singapore 608532,West,"Lower in calories, No added sugar",608532
BreadTalk Pte Ltd,Toast Box,Café,,Other,Toast Box - 313@Somerset L5,313 Orchard Road #05-01 Singapore 238895,Central,"Lower in calories, No added sugar",238895
BreadTalk Pte Ltd,Toast Box,Café,,Other,Toast Box - The Clementi Mall,3155 Commonwealth Ave West #01-01-02 Singapore 129588,West,"Lower in calories, No added sugar",129588
BreadTalk Pte Ltd,Toast Box,Café,,Other,Toast Box - Funan,107 North Bridge Road #B1-27 Singapore 179097,Central,"Lower in calories, No added sugar",179097
BreadTalk Pte Ltd,Toast Box,Café,,Other,Toast Box - Singapore Cruise Centre,1 Maritime Square #02-27 Singapore 099253,Central,"Lower in calories, No added sugar",99253
BreadTalk Pte Ltd,Toast Box,Café,,Other,Toast Box - Marina Bay Link Mall,8A Marina Boulevard #B2-19 Singapore 018984,Central,"Lower in calories, No added sugar",18984
BreadTalk Pte Ltd,Toast Box,Café,,Other,Toast Box - Heartland Mall,Blk 205 Hougang Street 21 #01-00 Singapore 530205,East,"Lower in calories, No added sugar",530205
BreadTalk Pte Ltd,Toast Box,Café,,Other,Toast Box - West Coast Plaza,154 West Coast Rd #B1-01/02 Singapore 127371,West,"Lower in calories, No added sugar",127371
BreadTalk Pte Ltd,Toast Box,Café,,Other,Toast Box - Eastpoint Mall,3 Simei Street 6 #01-01 Singapore 528833,East,"Lower in calories, No added sugar",528833
BreadTalk Pte Ltd,Toast Box,Café,,Other,Toast Box - Wheelock Place,501 Orchard Rd #B2-01 Singapore 238880,Central,"Lower in calories, No added sugar",238880
BreadTalk Pte Ltd,Toast Box,Café,,Other,Toast Box - Tampines Mall,4 Tampines Central 5 #01-32 Singapore 529510,East,"Lower in calories, No added sugar",529510
BreadTalk Pte Ltd,Toast Box,Café,,Other,Toast Box - NAFA,80 Bencoolen Street #B1-17 Campus 1 Singapore 189655,Central,"Lower in calories, No added sugar",189655
BreadTalk Pte Ltd,Toast Box,Café,,Other,Toast Box - The Centrepoint,176 Orchard Road #B1-08 Singapore 238843,Central,"Lower in calories, No added sugar",238843
BreadTalk Pte Ltd,Toast Box,Café,,Other,Toast Box - Zhongshan Mall,20 Ah Hood Road #01-11/14 Singapore 329984,Central,"Lower in calories, No added sugar",329984
BreadTalk Pte Ltd,Toast Box,Café,,Other,Toast Box - Tan Tock Seng Hospital,11 Jalan Tan Tock Seng #01-06 Singapore 308433,Central,"Lower in calories, No added sugar",308433
Breadtalk Pte Ltd,BreadTalk,Bakery,,"Breads, cakes, cookies, pastries",BreadTalk - Ang Mo Kio,53 Ang Mo Kio Avenue 3 #01-01/02 Singapore 569933,North-East,"Higher in wholegrains, Lower in sugar, No added sugar",569933
Breadtalk Pte Ltd,BreadTalk,Bakery,,"Breads, cakes, cookies, pastries",BreadTalk - Bugis Junction,200 Victoria Street #B1-23 Bugis Junction Singapore 188021,Central,"Higher in wholegrains, Lower in sugar, No added sugar",188021
Breadtalk Pte Ltd,BreadTalk,Bakery,,"Breads, cakes, cookies, pastries",BreadTalk - Causeway Point,1 Woodlands Square #01-34 Causeway Point Singapore 738099,North,"Higher in wholegrains, Lower in sugar, No added sugar",738099
Breadtalk Pte Ltd,BreadTalk,Bakery,,"Breads, cakes, cookies, pastries",BreadTalk - CityLink,1 Raffles Link #B1-42 City Link Mall Singapore 039393,Central,"Higher in wholegrains, Lower in sugar, No added sugar",39393
Breadtalk Pte Ltd,BreadTalk,Bakery,,"Breads, cakes, cookies, pastries",BreadTalk - The Centrepoint,176 Orchard Road #B1-08 The Centrepoint Singapore 238843,Central,"Higher in wholegrains, Lower in sugar, No added sugar",238843
Breadtalk Pte Ltd,BreadTalk,Bakery,,"Breads, cakes, cookies, pastries",BreadTalk - CitySquare,180 Kitchener Road #B1-08 City Square Mall Singapore 208539,Central,"Higher in wholegrains, Lower in sugar, No added sugar",208539
Breadtalk Pte Ltd,BreadTalk,Bakery,,"Breads, cakes, cookies, pastries",BreadTalk - Junction 8,9 Bishan Place #01-35/36 Junction 8 Singapore 579837,Central,"Higher in wholegrains, Lower in sugar, No added sugar",579837
Breadtalk Pte Ltd,BreadTalk,Bakery,,"Breads, cakes, cookies, pastries",BreadTalk - Jurong Point,63 Jurong West Central 3 #B1-72/73 Jurong Point Shopping Centre Singapore 648331,West,"Higher in wholegrains, Lower in sugar, No added sugar",648331
Breadtalk Pte Ltd,BreadTalk,Bakery,,"Breads, cakes, cookies, pastries",BreadTalk - North Point,930 Yishun Avenue 2 #01-49 North Point Singapore 769098,North,"Higher in wholegrains, Lower in sugar, No added sugar",769098
Breadtalk Pte Ltd,BreadTalk,Bakery,,"Breads, cakes, cookies, pastries",BreadTalk - Novena Square,238 Thomson Road #01-26 Novena Square Singapore 307683,Central,"Higher in wholegrains, Lower in sugar, No added sugar",307683
Breadtalk Pte Ltd,BreadTalk,Bakery,,"Breads, cakes, cookies, pastries",BreadTalk - Paragon,290 Orchard Road Paragon #B1-11/12 Singapore 238859,Central,"Higher in wholegrains, Lower in sugar, No added sugar",238859
Breadtalk Pte Ltd,BreadTalk,Bakery,,"Breads, cakes, cookies, pastries",BreadTalk - Parkway Parade,80 Marine Parade Road #B1-48/47 Parkway Parade Singapore 449269,East,"Higher in wholegrains, Lower in sugar, No added sugar",449269
Breadtalk Pte Ltd,BreadTalk,Bakery,,"Breads, cakes, cookies, pastries",BreadTalk - Plaza Singapura,68 Orchard Road #01-23 Plaza Singapura Singapore 238839,Central,"Higher in wholegrains, Lower in sugar, No added sugar",238839
Breadtalk Pte Ltd,BreadTalk,Bakery,,"Breads, cakes, cookies, pastries",BreadTalk - Raffles City,252 North Bridge Road #B1-44A Raffles City Shopping Centre Singapore 179103,Central,"Higher in wholegrains, Lower in sugar, No added sugar",179103
Breadtalk Pte Ltd,BreadTalk,Bakery,,"Breads, cakes, cookies, pastries",BreadTalk - Toa Payoh HDB Hub,530 Lorong 6 Toa Payoh HDB Hub #01-04 Singapore 310530,Central,"Higher in wholegrains, Lower in sugar, No added sugar",310530
Breadtalk Pte Ltd,BreadTalk,Bakery,,"Breads, cakes, cookies, pastries",BreadTalk - Vivo City,1 Harbourfront Walk #B2-34 Vivo City Singapore 098585,Central,"Higher in wholegrains, Lower in sugar, No added sugar",98585
Breadtalk Pte Ltd,BreadTalk,Bakery,,"Breads, cakes, cookies, pastries",BreadTalk - Resort World Sentosa,"26 Sentosa Gateway #B1-203-204 Resorts World Sentosa, 098138",Central,"Higher in wholegrains, Lower in sugar, No added sugar",98138
Breadtalk Pte Ltd,BreadTalk,Bakery,,"Breads, cakes, cookies, pastries",BreadTalk - Serangoon NEX,23 Serangoon Central #B2-58/59 Singapore 556083,North-East,"Higher in wholegrains, Lower in sugar, No added sugar",556083
Breadtalk Pte Ltd,BreadTalk,Bakery,,"Breads, cakes, cookies, pastries",BreadTalk - Marina Bay Link Mall,8A Marina Boulevard #B2-18 Marina Bay Link Mall Singapore 018984,Central,"Higher in wholegrains, Lower in sugar, No added sugar",18984
Breadtalk Pte Ltd,BreadTalk,Bakery,,"Breads, cakes, cookies, pastries",BreadTalk - 313 Somerset,313 Orchard Road #B2-31/32/33 313@Somerset Singapore 238895,Central,"Higher in wholegrains, Lower in sugar, No added sugar",238895
Breadtalk Pte Ltd,BreadTalk,Bakery,,"Breads, cakes, cookies, pastries",BreadTalk - Clementi Mall,3155 Commonwealth Avenue West #01-01/02 Clementi Mall Singapore 129588,West,"Higher in wholegrains, Lower in sugar, No added sugar",129588
Breadtalk Pte Ltd,BreadTalk,Bakery,,"Breads, cakes, cookies, pastries",BreadTalk - Changi City Point,5 Changi Business Park Central 1 #01-12 Changi City Point Singapore 486038,East,"Higher in wholegrains, Lower in sugar, No added sugar",486038
Breadtalk Pte Ltd,BreadTalk,Bakery,,"Breads, cakes, cookies, pastries",BreadTalk - 112 Katong,"112 East Coast Road #01-03 112 Katong, Singapore 428802",East,"Higher in wholegrains, Lower in sugar, No added sugar",428802
Breadtalk Pte Ltd,BreadTalk,Bakery,,"Breads, cakes, cookies, pastries",BreadTalk - Singapore Cruise Centre,"1 Maritime Square #02/20 Harbourfront Centre, Singapore 099253",Central,"Higher in wholegrains, Lower in sugar, No added sugar",99253
Breadtalk Pte Ltd,BreadTalk,Bakery,,"Breads, cakes, cookies, pastries",BreadTalk - Sixth Avenue,8 Sixth Avenue Singapore276473,Central,"Higher in wholegrains, Lower in sugar, No added sugar",276473
Breadtalk Pte Ltd,BreadTalk,Bakery,,"Breads, cakes, cookies, pastries",BreadTalk - Chinatown point,133 North Bridge Road Chinatown Point #01-27/28 Singapore 059413,Central,"Higher in wholegrains, Lower in sugar, No added sugar",59413
Breadtalk Pte Ltd,BreadTalk,Bakery,,"Breads, cakes, cookies, pastries",BreadTalk - Zhongshan Park,"20 Ah Hood Road, #01-10/13 Zhongshan Mall Singapore 329984",Central,"Higher in wholegrains, Lower in sugar, No added sugar",329984
Breadtalk Pte Ltd,BreadTalk,Bakery,,"Breads, cakes, cookies, pastries",BreadTalk - United Square,101 Thomson Road #01-75A/76A United Square Shopping Mall Singapore 307591,Central,"Higher in wholegrains, Lower in sugar, No added sugar",307591
Breadtalk Pte Ltd,BreadTalk,Bakery,,"Breads, cakes, cookies, pastries",BreadTalk - IHQ,30 Tai Seng Street #01-04 Breadtalk IHQ Singapore 534013,Central,"Higher in wholegrains, Lower in sugar, No added sugar",534013
Breadtalk Pte Ltd,BreadTalk,Bakery,,"Breads, cakes, cookies, pastries",BreadTalk - Bedok Mall,311 New Upper Changi Road #B1-25/26 Bedok Mall Singapore 467360,East,"Higher in wholegrains, Lower in sugar, No added sugar",467360
Breadtalk Pte Ltd,BreadTalk,Bakery,,"Breads, cakes, cookies, pastries",BreadTalk - East Point,3 Simei Street 6 #01-01 East Point Mall Singapore 528833,East,"Higher in wholegrains, Lower in sugar, No added sugar",528833
Breadtalk Pte Ltd,BreadTalk,Bakery,,"Breads, cakes, cookies, pastries",BreadTalk - Sun Plaza,30 Sembawang Drive #01-02 Sun Plaza Singapore 757713,North,"Higher in wholegrains, Lower in sugar, No added sugar",757713
Breadtalk Pte Ltd,BreadTalk,Bakery,,"Breads, cakes, cookies, pastries",BreadTalk - Westgate,3 Gateway Drive #02-03 Westgate Singapore 608532,West,"Higher in wholegrains, Lower in sugar, No added sugar",608532
Breadtalk Pte Ltd,BreadTalk,Bakery,,"Breads, cakes, cookies, pastries",BreadTalk - Waterway Point,83 Punggol Central #B1-15 Waterway Point Singapore 828761,North-East,"Higher in wholegrains, Lower in sugar, No added sugar",828761
Breadtalk Pte Ltd,BreadTalk,Bakery,,"Breads, cakes, cookies, pastries",BreadTalk - CompassONE,1 Sengkang Square #B1-29 Compass One Singapore 545078,North-East,"Higher in wholegrains, Lower in sugar, No added sugar",545078
Breadtalk Pte Ltd,BreadTalk,Bakery,,"Breads, cakes, cookies, pastries",BreadTalk - Tampines Central,4 Tampines Central 5 #01-32 Tampines Mall Singapore 529510,East,"Higher in wholegrains, Lower in sugar, No added sugar",529510
Breadtalk Pte Ltd,BreadTalk,Bakery,,"Breads, cakes, cookies, pastries",BreadTalk - Rivervale Mall,11 Rivervale Crescent #01-15 Rivervale Mall Singapore 545082,North-East,"Higher in wholegrains, Lower in sugar, No added sugar",545082
Breadtalk Pte Ltd,BreadTalk,Bakery,,"Breads, cakes, cookies, pastries",BreadTalk - ION,2 Orchard Turn #B2-73 ION Orchard Singapore 238801,Central,"Higher in wholegrains, Lower in sugar, No added sugar",238801
Breadtalk Pte Ltd,BreadTalk,Bakery,,"Breads, cakes, cookies, pastries",BreadTalk - Jewel Changi Airport,78 Airport Boulevard #B2-233 Jewel Changi Airport Singapore 819666,East,"Higher in wholegrains, Lower in sugar, No added sugar",819666
Breadtalk Pte Ltd,BreadTalk,Bakery,,"Breads, cakes, cookies, pastries",BreadTalk - Marina Bay Sands,2 Bayfront Avenue #B1-01F Marina Bay Sands Singapore 018972,Central,"Higher in wholegrains, Lower in sugar, No added sugar",18972
Breadtalk Pte Ltd,BreadTalk,Bakery,,"Breads, cakes, cookies, pastries",BreadTalk - Tiong Bahru Plaza,302 Tiong Bahru Road #01-110 Tiong Bahru Plaza Singapore 168732,Central,"Higher in wholegrains, Lower in sugar, No added sugar",168732
Breadtalk Pte Ltd,BreadTalk,Bakery,,"Breads, cakes, cookies, pastries",BreadTalk - Funan,"109 North Bridge Road, Funan, #B1-26, Singapore 179097",Central,"Higher in wholegrains, Lower in sugar, No added sugar",179097
Breadtalk Pte Ltd,BreadTalk,Bakery,,"Breads, cakes, cookies, pastries",Bread Society by BreadTalk - ION,"2 Orchard Turn, ION Orchard, #B4-08/09, Singapore 238801",Central,"Higher in wholegrains, Lower in sugar, No added sugar",238801
Breadtalk Pte Ltd,ToastBox,Café,,Other,Toast Box - Resorts World Sentosa,26 Sentosa Gateway #B1-203 Singapore 098138,Central,"Lower in calories, No added sugar",98138
Breadtalk Pte Ltd,ToastBox,Café,,Other,Toast Box - One Holland Village,7 HOLLAND VILLAGE WAY Singapore 275748,Central,"Lower in calories, No added sugar",275748
Breadtalk Pte Ltd,ToastBox,Café,,Other,Toast Box - Changi City Point,5 Changi Business Park Central 1 Singapore 486038,East,"Lower in calories, No added sugar",486038
Breadtalk Pte Ltd,ToastBox,Café,,Other,Toast Box - The Woodleigh Mall,11 Bidadari Park Drive Singapore 367803,Central,"Lower in calories, No added sugar",367803
Breadtalk Pte Ltd,ToastBox,Café,,Other,Toast Box Coffee House,58 Seng Poh Road Singapore 160058,Central,"Lower in calories, No added sugar",160058
Breadtalk Pte Ltd,ToastBox,Café,,Other,Toast Box - KOMO Shoppes,963C Upper Changi Road North Singapore 506790,East,"Lower in calories, No added sugar",506790
Breadtalk Pte Ltd,ToastBox,Café,,Other,Toast Box - ION Orchard,2 Orchard Turn #B4-03D Singapore 238801,Central,"Lower in calories, No added sugar",238801
Breadtalk Pte Ltd,ToastBox,Café,,Other,Toast Box - Nex,23 Serangoon Central #B2-58/59 Singapore 556083,North-East,"Lower in calories, No added sugar",556083
Breadtalk Pte Ltd,ToastBox,Café,,Other,Toast Box - Bugis Junction,200 Victoria Street #01-67 Singapore 188021,Central,"Lower in calories, No added sugar",188021
Breadtalk Pte Ltd,ToastBox,Café,,Other,Toast Box - Kitchener Complex,Blk 809 French Road #01-32/33 Singapore 200809,Central,"Lower in calories, No added sugar",200809
Breadtalk Pte Ltd,ToastBox,Café,,Other,Toast Box - Parkway Parade,80 Marine Parade Road #B1-85 Singapore 449269,East,"Lower in calories, No added sugar",449269
Breadtalk Pte Ltd,ToastBox,Café,,Other,Toast Box - myVillage,1 Maju Avenue (Serangoon Gardens) #01-01 Singapore 556679,North-East,"Lower in calories, No added sugar",556679
Breadtalk Pte Ltd,ToastBox,Café,,Other,Toast Box - VivoCity B2,1 Harbourfront Walk #B2-34 Singapore 098585,Central,"Lower in calories, No added sugar",98585
Breadtalk Pte Ltd,ToastBox,Café,,Other,Toast Box - United Square,101 Thomson Road #01-81 Singapore 307591,Central,"Lower in calories, No added sugar",307591
Breadtalk Pte Ltd,ToastBox,Café,,Other,Toast Box - Paya Lebar Quarter,"10 Paya Lebar Road #B2-19 PLQ Mall, Paya Lebar Quarter Singapore 409057",Central,"Lower in calories, No added sugar",409057
Breadtalk Pte Ltd,ToastBox,Café,,Other,Toast Box - Toa Payoh HDB Hub,530 Lorong 6 Toa Payoh #01-04 Singapore 310530,Central,"Lower in calories, No added sugar",310530
Breadtalk Pte Ltd,ToastBox,Café,,Other,Toast Box - Wisma Atria,435 Orchard Road #04-00 Singapore 238877,Central,"Lower in calories, No added sugar",238877
Breadtalk Pte Ltd,ToastBox,Café,,Other,Toast Box - Raffles City,252 North Bridge Road #B1-44A Singapore 179103,Central,"Lower in calories, No added sugar",179103
Breadtalk Pte Ltd,ToastBox,Café,,Other,Toast Box - AMK Hub,53 Ang Mo Kio Avenue 3 #01-02 Singapore 569933,North-East,"Lower in calories, No added sugar",569933
Breadtalk Pte Ltd,ToastBox,Café,,Other,Toast Box - Marina Bay Sands,2 Bayfront Avenue #B1-01E Singapore 018956,Central,"Lower in calories, No added sugar",18956
Breadtalk Pte Ltd,ToastBox,Café,,Other,Toast Box - YewTee Point,21 Choa Chu Kang North 6 #01-03 Singapore 689578,West,"Lower in calories, No added sugar",689578
Breadtalk Pte Ltd,ToastBox,Café,,Other,Toast Box - Nankin Row,3 Pickering Street #01-26 Singapore 048660,Central,"Lower in calories, No added sugar",48660
Breadtalk Pte Ltd,ToastBox,Café,,Other,Toast Box - Sixth Avenue,8/8A Sixth Avenue Singapore 276473,Central,"Lower in calories, No added sugar",276473
Breadtalk Pte Ltd,ToastBox,Café,,Other,Toast Box - Junction 8,9 Bishan Place #01-35/36 Singapore 579837,Central,"Lower in calories, No added sugar",579837
Breadtalk Pte Ltd,ToastBox,Café,,Other,Toast Box - National University Hospital,5 Lower Kent Ridge Road #01-11 Main Building Singapore 119074,West,"Lower in calories, No added sugar",119074
Breadtalk Pte Ltd,ToastBox,Café,,Other,Toast Box - City Gate,371 Beach Road #01-04 City Gate Singapore 199587,Central,"Lower in calories, No added sugar",199587
Breadtalk Pte Ltd,ToastBox,Café,,Other,Toast Box - Jem,50 Jurong Gateway Rd #01-50 Singapore 608549,West,"Lower in calories, No added sugar",608549
Breadtalk Pte Ltd,ToastBox,Café,,Other,Toast Box - Esplanade,8 Raffles Avenue #01-01 Singapore 039802,Central,"Lower in calories, No added sugar",39802
Breadtalk Pte Ltd,ToastBox,Café,,Other,Toast Box - Hougang Mall,90 Hougang Ave 10 #B1-29 Singapore 538766,North-East,"Lower in calories, No added sugar",538766
Breadtalk Pte Ltd,ToastBox,Café,,Other,Toast Box - Bedok Mall,311 New Upper Changi Road #B2-25/26 Singapore 467360,East,"Lower in calories, No added sugar",467360
Breadtalk Pte Ltd,ToastBox,Café,,Other,Toast Box - Phillip Street,3 Phillip Street #01-05 Singapore 048693,Central,"Lower in calories, No added sugar",48693
Breadtalk Pte Ltd,ToastBox,Café,,Other,Toast Box - Jewel Changi Airport,78 Airport Boulevard #B2-231 Jewel Changi Airport Singapore 819666,East,"Lower in calories, No added sugar",819666
Breadtalk Pte Ltd,ToastBox,Café,,Other,Toast Box - 313@Somerset B2,313 Orchard Road #B2-31 Singapore 238895,Central,"Lower in calories, No added sugar",238895
Breadtalk Pte Ltd,ToastBox,Café,,Other,Toast Box - Rivervale Mall,11 Rivervale Crescent #01-15/16 Singapore 545082,North-East,"Lower in calories, No added sugar",545082
Breadtalk Pte Ltd,ToastBox,Café,,Other,Toast Box - Great World,1 Kim Seng Promenade #B1-105 Singapore 237994,Central,"Lower in calories, No added sugar",237994
Breadtalk Pte Ltd,ToastBox,Café,,Other,Toast Box - Jurong Point,63 Jurong West Central 3 #B1-70/71 Singapore 648331,West,"Lower in calories, No added sugar",648331
Breadtalk Pte Ltd,ToastBox,Café,,Other,Toast Box - Suntec City,3 Temasek Boulevard Fountain Court #B1-167 Singapore 038983,Central,"Lower in calories, No added sugar",38983
Breadtalk Pte Ltd,ToastBox,Café,,Other,Toast Box - City Square Mall,180 Kitchener Road #01-42/43 Singapore 208539,Central,"Lower in calories, No added sugar",208539
Breadtalk Pte Ltd,ToastBox,Café,,Other,Toast Box - Causeway Point L4,1 Woodlands Square #04-01/04 Singapore 738099,North,"Lower in calories, No added sugar",738099
Breadtalk Pte Ltd,ToastBox,Café,,Other,Toast Box - Shaw Lido,350 Orchard Road #B1-03 Singapore 238868,Central,"Lower in calories, No added sugar",238868
Breadtalk Pte Ltd,ToastBox,Café,,Other,Toast Box - Northpoint City,930 Yishun Avenue 2 #01-49 Singapore 769098,North,"Lower in calories, No added sugar",769098
Breadtalk Pte Ltd,ToastBox,Café,,Other,Toast Box - Alexandra Central,321 Alexandra Road #01-02 Singapore 159971,Central,"Lower in calories, No added sugar",159971
Breadtalk Pte Ltd,ToastBox,Café,,Other,Toast Box - Greenwich Village,1 Seletar Road #01-06 Singapore 807011,North-East,"Lower in calories, No added sugar",807011
Breadtalk Pte Ltd,ToastBox,Café,,Other,Toast Box - Singapore Press Holdings,1000 Toa Payoh North News Centre Tower Block #01-01 Singapore 318994,Central,"Lower in calories, No added sugar",318994
Breadtalk Pte Ltd,ToastBox,Café,,Other,Toast Box - Causeway Point L1,1 Woodlands Square #01-34 Singapore 738099,North,"Lower in calories, No added sugar",738099
Breadtalk Pte Ltd,ToastBox,Café,,Other,Toast Box - Manulife Tower,8 Cross Street #01-K1 Singapore 048424,Central,"Lower in calories, No added sugar",48424
Breadtalk Pte Ltd,ToastBox,Café,,Other,Toast Box - Waterway Point,83 Punggol Central #B1-15 Singapore 828761,North-East,"Lower in calories, No added sugar",828761
Breadtalk Pte Ltd,ToastBox,Café,,Other,Toast Box - Novena Square,238 Thomson Road #01-15 Singapore 307683,Central,"Lower in calories, No added sugar",307683
Breadtalk Pte Ltd,ToastBox,Café,,Other,Toast Box - VivoCity L3,1 Harbourfront Walk #03-01 Singapore 098585,Central,"Lower in calories, No added sugar",98585
Breadtalk Pte Ltd,ToastBox,Café,,Other,Toast Box - BreadTalk IHQ,30 Tai Seng Street #01-05 Singapore 534013,Central,"Lower in calories, No added sugar",534013
Breadtalk Pte Ltd,ToastBox,Café,,Other,Toast Box - The Rail Mall,448 Upper Bukit Timah Road #01-01 Singapore 678068,Central,"Lower in calories, No added sugar",678068
Breadtalk Pte Ltd,ToastBox,Café,,Other,Toast Box - Loyang Point,259 Pasir Ris Street 21 #02-38 Loyang Point Singapore 510259,East,"Lower in calories, No added sugar",510259
Breadtalk Pte Ltd,ToastBox,Café,,Other,Toast Box - Compass One,1 Sengkang Square #B1-35 Singapore 545078,North-East,"Lower in calories, No added sugar",545078
Breadtalk Pte Ltd,ToastBox,Café,,Other,Toast Box - Sun Plaza,30 Sembawang Drive #01-02 Singapore 757713,North,"Lower in calories, No added sugar",757713
Breadtalk Pte Ltd,ToastBox,Café,,Other,Toast Box - Asia Square,8 Marina View Tower 1 #02-06 Singapore 018960,Central,"Lower in calories, No added sugar",18960
Breadtalk Pte Ltd,ToastBox,Café,,Other,Toast Box - Tiong Bahru Plaza,302 Tiong Bahru Road #01-110 Singapore 168732,Central,"Lower in calories, No added sugar",168732
Breadtalk Pte Ltd,ToastBox,Café,,Other,Toast Box - Scotts Square,6 Scotts Rd #B1-13 Singapore 228209,Central,"Lower in calories, No added sugar",228209
Breadtalk Pte Ltd,ToastBox,Café,,Other,Toast Box - The Sail,2 Marina Blvd #B1-03 Singapore 018987,Central,"Lower in calories, No added sugar",18987
Breadtalk Pte Ltd,ToastBox,Café,,Other,Toast Box - Joo Koon (Fairprice Circle),1 Joo Koon Circle #01-44 Singapore 629117,West,"Lower in calories, No added sugar",629117
Breadtalk Pte Ltd,ToastBox,Café,,Other,Toast Box - Bras Basah Complex,231 Bain Street #01-51/53 Singapore 180231,Central,"Lower in calories, No added sugar",180231
Breadtalk Pte Ltd,ToastBox,Café,,Other,Toast Box - Chinatown Point,133 New Bridge Road #01-45/46 Singapore 059413,Central,"Lower in calories, No added sugar",59413
Breadtalk Pte Ltd,ToastBox,Café,,Other,Toast Box - Lot One (Food Junction),21 Choa Chu Kang Ave 4 #04-16 Singapore 689812,West,"Lower in calories, No added sugar",689812
Breadtalk Pte Ltd,ToastBox,Café,,Other,Toast Box - Paragon,290 Orchard Road #02-28A Singapore 238859,Central,"Lower in calories, No added sugar",238859
Breadtalk Pte Ltd,ToastBox,Café,,Other,Toast Box - Westgate,3 Gateway Drive #02-02 Singapore 608532,West,"Lower in calories, No added sugar",608532
Breadtalk Pte Ltd,ToastBox,Café,,Other,Toast Box - 313@Somerset L5,313 Orchard Road #05-01 Singapore 238895,Central,"Lower in calories, No added sugar",238895
Breadtalk Pte Ltd,ToastBox,Café,,Other,Toast Box - The Clementi Mall,3155 Commonwealth Ave West #01-01-02 Singapore 129588,West,"Lower in calories, No added sugar",129588
Breadtalk Pte Ltd,ToastBox,Café,,Other,Toast Box - Funan,107 North Bridge Road #B1-27 Singapore 179097,Central,"Lower in calories, No added sugar",179097
Breadtalk Pte Ltd,ToastBox,Café,,Other,Toast Box - Singapore Cruise Centre,1 Maritime Square #02-27 Singapore 099253,Central,"Lower in calories, No added sugar",99253
Breadtalk Pte Ltd,ToastBox,Café,,Other,Toast Box - Marina Bay Link Mall,8A Marina Boulevard #B2-19 Singapore 018984,Central,"Lower in calories, No added sugar",18984
Breadtalk Pte Ltd,ToastBox,Café,,Other,Toast Box - Heartland Mall,Blk 205 Hougang Street 21 #01-00 Singapore 530205,North-East,"Lower in calories, No added sugar",530205
Breadtalk Pte Ltd,ToastBox,Café,,Other,Toast Box - West Coast Plaza,154 West Coast Rd #B1-01/02 Singapore 127371,West,"Lower in calories, No added sugar",127371
Breadtalk Pte Ltd,ToastBox,Café,,Other,Toast Box - Eastpoint Mall,3 Simei Street 6 #01-01 Singapore 528833,East,"Lower in calories, No added sugar",528833
Breadtalk Pte Ltd,ToastBox,Café,,Other,Toast Box - Wheelock Place,501 Orchard Rd #B2-01 Singapore 238880,Central,"Lower in calories, No added sugar",238880
Breadtalk Pte Ltd,ToastBox,Café,,Other,Toast Box - Tampines Mall,4 Tampines Central 5 #01-32 Singapore 529510,East,"Lower in calories, No added sugar",529510
Breadtalk Pte Ltd,ToastBox,Café,,Other,Toast Box - NAFA,80 Bencoolen Street #B1-17 Campus 1 Singapore 189655,Central,"Lower in calories, No added sugar",189655
Breadtalk Pte Ltd,ToastBox,Café,,Other,Toast Box - The Centrepoint,176 Orchard Road #B1-08 Singapore 238843,Central,"Lower in calories, No added sugar",238843
Breadtalk Pte Ltd,ToastBox,Café,,Other,Toast Box - Zhongshan Mall,20 Ah Hood Road #01-11/14 Singapore 329984,Central,"Lower in calories, No added sugar",329984
Breadtalk Pte Ltd,ToastBox,Café,,Other,Toast Box - Tan Tock Seng Hospital,11 Jalan Tan Tock Seng #01-06 Singapore 308433,Central,"Lower in calories, No added sugar",308433
Burger King Singapore,Burger King,Quick Service Restaurant/Fast Food,Halal,Western,Burger King - Tampines Mart,5 Tampines Street 32 #02-13/14 Tampines Mart Singapore 529284,East,"Lower in calories, Lower in sugar, No added sugar",529284
Burger King Singapore,Burger King,Quick Service Restaurant/Fast Food,Halal,Western,Burger King - Shaw Plaza,360 Balestier Road #01-17/20 Twin Heights Singapore 329783,Central,"Lower in calories, Lower in sugar, No added sugar",329783
Burger King Singapore,Burger King,Quick Service Restaurant/Fast Food,Halal,Western,Burger King - Woodleigh Mall,11 Bidadari Park Drive #B1-01 Woodleigh Mall Singapore 367803,Central,"Lower in calories, Lower in sugar, No added sugar",367803
Burger King Singapore,Burger King,Quick Service Restaurant/Fast Food,Halal,Western,Burger King - Buona Vista Community Club,36 Holland Drive #01-02 Buona Vista Community Club Singapore 270036,Central,"Lower in calories, Lower in sugar, No added sugar",270036
Burger King Singapore,Burger King,Quick Service Restaurant/Fast Food,Halal,Western,Burger King - Woodlands North Coast,1 North Coast Avenue #01-04 Woodlands North Coast Singapore 737663,North,"Lower in calories, Lower in sugar, No added sugar",737663
Burger King Singapore,Burger King,Quick Service Restaurant/Fast Food,Halal,Western,Burger King - Kinex,11 Tanjong Katong Road #01-42/44 Kinex Singapore 437157,South,"Lower in calories, Lower in sugar, No added sugar",437157
Burger King Singapore,Burger King,Quick Service Restaurant/Fast Food,Halal,Western,Burger King - Toa Payoh,530 Lorong 6 Toa Payoh #01-05 Toa Payoh Singapore 310530,Central,"Lower in calories, Lower in sugar, No added sugar",310530
Burger King Singapore,Burger King,Quick Service Restaurant/Fast Food,Halal,Western,Burger King - ARTRA,12 Alexandra View #01-05 ARTRA Singapore 158736,Central,"Lower in calories, Lower in sugar, No added sugar",158736
Burger King Singapore,Burger King,Quick Service Restaurant/Fast Food,Halal,Western,Burger King - United Square,101 Thomson Road #01-02/03 United Square Singapore 307591,Central,"Lower in calories, Lower in sugar, No added sugar",307591
Burger King Singapore,Burger King,Quick Service Restaurant/Fast Food,Halal,Western,Burger King - Junction 9,18 Yishun Avenue 9 #02-01 Junction 9 Singapore 768897,North,"Lower in calories, Lower in sugar, No added sugar",768897
Burger King Singapore,Burger King,Quick Service Restaurant/Fast Food,Halal,Western,Burger King - SAFRA Choa Chu Kang,28 Choa Chu Kang Drive #01-01 SAFRA Choa Chu Kang Singapore 689964,West,"Lower in calories, Lower in sugar, No added sugar",689964
Burger King Singapore,Burger King,Quick Service Restaurant/Fast Food,Halal,Western,Burger King - Coastal Playgrove,902 East Coast Parkway #01-01 Coastal Playgrove Singapore 449874,East,"Lower in calories, Lower in sugar, No added sugar",449874
Burger King Singapore,Burger King,Quick Service Restaurant/Fast Food,Halal,Western,Burger King - Keat Hong Community Club,2 Choa Chu Kang Loop #01-05 Keat Hong Community Club Singapore 689687,West,"Lower in calories, Lower in sugar, No added sugar",689687
Burger King Singapore,Burger King,Quick Service Restaurant/Fast Food,Halal,Western,Burger King - HometeamNS Khatib,2 Yishun Walk #01-06/07 HomeTeamNS Khatib Singapore 767944,North,"Lower in calories, Lower in sugar, No added sugar",767944
Burger King Singapore,Burger King,Quick Service Restaurant/Fast Food,Halal,Western,Burger King - Eastpoint Mall,3 Simei Street 6 #01-33 Eastpoint Mall Singapore 528833,East,"Lower in calories, Lower in sugar, No added sugar",528833
Burger King Singapore,Burger King,Quick Service Restaurant/Fast Food,Halal,Western,Burger King - Fernvale Woods,455 Sengkang West Avenue #01-03/04 Fernvale Woods Singapore 790455,North-East,"Lower in calories, Lower in sugar, No added sugar",790455
Burger King Singapore,Burger King,Quick Service Restaurant/Fast Food,Halal,Western,Burger King - West Coast Community Centre,2 Clementi West Street 2 #01-01 West Coast Community Centre Singapore 129605,West,"Lower in calories, Lower in sugar, No added sugar",129605
Burger King Singapore,Burger King,Quick Service Restaurant/Fast Food,Halal,Western,Burger King - Thomson Plaza,301 Upper Thomson Road #01-115 Thomson Plaza Singapore 574408,Central,"Lower in calories, Lower in sugar, No added sugar",574408
Burger King Singapore,Burger King,Quick Service Restaurant/Fast Food,Halal,Western,Burger King - The Woodgrove,30 Woodlands Ave 1 #01-11 The Woodgrove Singapore 739065,North,"Lower in calories, Lower in sugar, No added sugar",739065
Burger King Singapore,Burger King,Quick Service Restaurant/Fast Food,Halal,Western,Burger King - Heartland Mall,205 Hougang Street 21 #01-13 Heartland Mall Singapore 530205,North-East,"Lower in calories, Lower in sugar, No added sugar",530205
Burger King Singapore,Burger King,Quick Service Restaurant/Fast Food,Halal,Western,Burger King - HometeamNS Bedok,900 Bedok North Rd #01-02 HomeTeamNS Bedok Reservoir Clubhouse Singapore 479994,East,"Lower in calories, Lower in sugar, No added sugar",479994
Burger King Singapore,Burger King,Quick Service Restaurant/Fast Food,Halal,Western,Burger King - Yishun Town Square,3 Northpoint Drive #01-03 Yishun Town Square Singapore 768020,North,"Lower in calories, Lower in sugar, No added sugar",768020
Burger King Singapore,Burger King,Quick Service Restaurant/Fast Food,Halal,Western,Burger King - West Mall,1 Bukit Batok Central Link #01-28/30 West Mall Singapore 658713,West,"Lower in calories, Lower in sugar, No added sugar",658713
Burger King Singapore,Burger King,Quick Service Restaurant/Fast Food,Halal,Western,Burger King - Hougang Rivercourt,377 Hougang Street 32 #01-01/18 Hougang Rivercourt Singapore 530377,North-East,"Lower in calories, Lower in sugar, No added sugar",530377
Burger King Singapore,Burger King,Quick Service Restaurant/Fast Food,Halal,Western,Burger King - Waterway Point,83 Punggol Central #01-26 Waterway Point Singapore 828761,North-East,"Lower in calories, Lower in sugar, No added sugar",828761
Burger King Singapore,Burger King,Quick Service Restaurant/Fast Food,Halal,Western,Burger King - Wisteria Mall,598 Yishun Ring Road #01-31/32 Wisteria Mall Singapore 768698,North,"Lower in calories, Lower in sugar, No added sugar",768698
Burger King Singapore,Burger King,Quick Service Restaurant/Fast Food,Halal,Western,Burger King - Yew Tee Point,21 Choa Chu Kang North 6 #B1-29/30 Yew Tee Point Singapore 689578,West,"Lower in calories, Lower in sugar, No added sugar",689578
Burger King Singapore,Burger King,Quick Service Restaurant/Fast Food,Halal,Western,Burger King - Clementi Mall,3155 Commonwealth Avenue West #B1-30/31 Clementi Mall Singapore 129588,West,"Lower in calories, Lower in sugar, No added sugar",129588
Burger King Singapore,Burger King,Quick Service Restaurant/Fast Food,Halal,Western,Burger King - Airport Terminal 4 Departure/Transit,"30 Airport Boulevard #02-228 Changi Airport Terminal 4 (Departure/Transit Lounge, Level 2 Mezzanine) Singapore 819662",East,"Lower in calories, Lower in sugar, No added sugar",819662
Burger King Singapore,Burger King,Quick Service Restaurant/Fast Food,Halal,Western,Burger King - AMK Hub,53 Ang Mo Kio Avenue 3 #01-40 AMK Hub Singapore 569933,North-East,"Lower in calories, Lower in sugar, No added sugar",569933
Burger King Singapore,Burger King,Quick Service Restaurant/Fast Food,Halal,Western,Burger King - Bukit Panjang Plaza,1 Jelebu Road #01-28 Bukit Panjang Plaza Singapore 677743,West,"Lower in calories, Lower in sugar, No added sugar",677743
Burger King Singapore,Burger King,Quick Service Restaurant/Fast Food,Halal,Western,Burger King - Burlington Square,175 Bencoolen Street #01-01 Burlington Square Singapore 189649,Central,"Lower in calories, Lower in sugar, No added sugar",189649
Burger King Singapore,Burger King,Quick Service Restaurant/Fast Food,Halal,Western,Burger King - Fairprice Hub,1 Joo Koon Circle #01-51 FairPrice Hub Singapore 629117,West,"Lower in calories, Lower in sugar, No added sugar",629117
Burger King Singapore,Burger King,Quick Service Restaurant/Fast Food,Halal,Western,Burger King - Heartbeat @Bedok,11 Bedok North Street 1 #01-33 Heartbeat @ Bedok Singapore 469662,East,"Lower in calories, Lower in sugar, No added sugar",469662
Burger King Singapore,Burger King,Quick Service Restaurant/Fast Food,Halal,Western,Burger King - HillV2,4 Hillview Rise #01-07 HillV2 Singapore 667979,North-West,"Lower in calories, Lower in sugar, No added sugar",667979
Burger King Singapore,Burger King,Quick Service Restaurant/Fast Food,Halal,Western,Burger King - IMM Building,2 Jurong East Street 21 #01-51 IMM Building Singapore 609601,West,"Lower in calories, Lower in sugar, No added sugar",609601
Burger King Singapore,Burger King,Quick Service Restaurant/Fast Food,Halal,Western,Burger King - JEM,50 Jurong Gateway Road #B1-02 JEM Singapore 608549,West,"Lower in calories, Lower in sugar, No added sugar",608549
Burger King Singapore,Burger King,Quick Service Restaurant/Fast Food,Halal,Western,Burger King - Jurong Point,63 Jurong West Central 3 #B1-54/55 Jurong Point Singapore 648331,West,"Lower in calories, Lower in sugar, No added sugar",648331
Burger King Singapore,Burger King,Quick Service Restaurant/Fast Food,Halal,Western,Burger King - Kallang Leisure Park,5 Stadium Walk #01-43 Kallang Leisure Park Singapore 397693,Central,"Lower in calories, Lower in sugar, No added sugar",397693
Burger King Singapore,Burger King,Quick Service Restaurant/Fast Food,Halal,Western,Burger King - Link @ 896,896 Dunearn Road #01-09 Link @ 896 Singapore 589472,Central,"Lower in calories, Lower in sugar, No added sugar",589472
Burger King Singapore,Burger King,Quick Service Restaurant/Fast Food,Halal,Western,Burger King - Loyang Point,258 Pasir Ris Street 21 #01-23 Loyang Point Singapore 510258,East,"Lower in calories, Lower in sugar, No added sugar",510258
Burger King Singapore,Burger King,Quick Service Restaurant/Fast Food,Halal,Western,Burger King - NEX,23 Serangoon Central #B1-30 NEX Singapore 556083,North-East,"Lower in calories, Lower in sugar, No added sugar",556083
Burger King Singapore,Burger King,Quick Service Restaurant/Fast Food,Halal,Western,Burger King - Kent Ridge Centre,1 Lower Kent Ridge Road #03-11 The Dining Avenue Singapore 119082,Central,"Lower in calories, Lower in sugar, No added sugar",119082
Burger King Singapore,Burger King,Quick Service Restaurant/Fast Food,Halal,Western,Burger King - Parkway Parade,80 Marine Parade Road #01-11 Parkway Parade Singapore 449269,Central,"Lower in calories, Lower in sugar, No added sugar",449269
Burger King Singapore,Burger King,Quick Service Restaurant/Fast Food,Halal,Western,Burger King - Pasir Ris Sports Centre,120 Pasir Ris Central #01-11 Pasir Ris Sports Centre Singapore 519640,East,"Lower in calories, Lower in sugar, No added sugar",519640
Burger King Singapore,Burger King,Quick Service Restaurant/Fast Food,Halal,Western,Burger King - Paya Lebar Square,60 Paya Lebar Rd #01-40/43 Paya Lebar Square Singapore 409051,East,"Lower in calories, Lower in sugar, No added sugar",409051
Burger King Singapore,Burger King,Quick Service Restaurant/Fast Food,Halal,Western,Burger King - Plaza Singapura,68 Orchard Road #B1-11 Plaza Singapura Singapore 238839,Central,"Lower in calories, Lower in sugar, No added sugar",238839
Burger King Singapore,Burger King,Quick Service Restaurant/Fast Food,Halal,Western,Burger King - Seletar Mall,33 Sengkang West Avenue #01-09 Seletar Mall Singapore 797653,North-East,"Lower in calories, Lower in sugar, No added sugar",797653
Burger King Singapore,Burger King,Quick Service Restaurant/Fast Food,Halal,Western,Burger King - Sembawang Shopping Centre,604 Sembawang Road #01-01 Sembawang Shopping Centre Singapore 758459,North,"Lower in calories, Lower in sugar, No added sugar",758459
Burger King Singapore,Burger King,Quick Service Restaurant/Fast Food,Halal,Western,Burger King - Suntec City,3 Temasek Boulevard #03-371 Suntec City Mall Singapore 038983,Central,"Lower in calories, Lower in sugar, No added sugar",38983
Burger King Singapore,Burger King,Quick Service Restaurant/Fast Food,Halal,Western,Burger King - Tampines Mall,4 Tampines Central #01-42/44 Tampines Mall Singapore 529510,East,"Lower in calories, Lower in sugar, No added sugar",529510
Burger King Singapore,Burger King,Quick Service Restaurant/Fast Food,Halal,Western,Burger King - The Central,6 Eu Tong Sen Street #01-23 The Central Singapore 059817,Central,"Lower in calories, Lower in sugar, No added sugar",59817
Burger King Singapore,Burger King,Quick Service Restaurant/Fast Food,Halal,Western,Burger King - VivoCity,1 Harbourfront Walk #02-80 VivoCity Singapore 098585,Central,"Lower in calories, Lower in sugar, No added sugar",98585
Burger King Singapore,Burger King,Quick Service Restaurant/Fast Food,Halal,Western,Burger King - Airport Terminal 1 (Viewing Mall East),"80 Airport Boulevard #03-23 Terminal 1, Singapore Changi Airport (Viewing Mall East) Singapore 819642",East,"Lower in calories, Lower in sugar, No added sugar",819642
Burger King Singapore,Burger King,Quick Service Restaurant/Fast Food,Halal,Western,Burger King - Airport Terminal 1 Departure/Transit,"81 Airport Boulevard #03-02 Terminal 1 (Departure/Transit Lounge West, Mezzanine Level) Singapore 819642",East,"Lower in calories, Lower in sugar, No added sugar",819642
Burger King Singapore,Burger King,Quick Service Restaurant/Fast Food,Halal,Western,Burger King - Airport Terminal 3 Departure/Transit,"65 Airport Boulevard #L03-AF11 Changi Airport Terminal 3 (Departure/Transit Lounge North, Mezzanine Level) Singapore 819663",East,"Lower in calories, Lower in sugar, No added sugar",819663
Burger King Singapore,Burger King,Quick Service Restaurant/Fast Food,Halal,Western,Burger King - Alexendra Retail Centre,460 Alexandra Road #01-17 PSA Building Singapore 119963,Central,"Lower in calories, Lower in sugar, No added sugar",119963
Burger King Singapore,Burger King,Quick Service Restaurant/Fast Food,Halal,Western,Burger King - Compass One,1 Sengkang Square #B1-14 Compass One Singapore 545078,North-East,"Lower in calories, Lower in sugar, No added sugar",545078
Burger King Singapore,Burger King,Quick Service Restaurant/Fast Food,Halal,Western,Burger King - Kebun Baru Community Club,216 Ang Mo Kio Avenue 4 #01-01 Kebun Baru Community Club Singapore 569897,North-East,"Lower in calories, Lower in sugar, No added sugar",569897
Burger King Singapore,Burger King,Quick Service Restaurant/Fast Food,Halal,Western,Burger King - Kitchener Complex,809 French Road #01-31 Kitchener Complex Singapore 200809,Central,"Lower in calories, Lower in sugar, No added sugar",200809
Burger King Singapore,Burger King,Quick Service Restaurant/Fast Food,Halal,Western,Burger King - Marina Bay Link Mall,8A Marina Boulevard #B2-03 Marina Bay Link Mall Singapore 018984,Central,"Lower in calories, Lower in sugar, No added sugar",18984
Burger King Singapore,Burger King,Quick Service Restaurant/Fast Food,Halal,Western,Burger King - Marina Square,6 Raffles Boulevard #02-184 Marina Square Singapore 039594,Central,"Lower in calories, Lower in sugar, No added sugar",39594
Burger King Singapore,Burger King,Quick Service Restaurant/Fast Food,Halal,Western,Burger King - Marsiling Mall,4 Woodlands Street 12 #02-01 Marsiling Mall Singapore 738623,North,"Lower in calories, Lower in sugar, No added sugar",738623
Burger King Singapore,Burger King,Quick Service Restaurant/Fast Food,Halal,Western,Burger King - Changi Business Park,2 Changi Business Park Avenue 1 #01-05 Offices@Park Avenue Changi Singapore 486015,East,"Lower in calories, Lower in sugar, No added sugar",486015
Burger King Singapore,Burger King,Quick Service Restaurant/Fast Food,Halal,Western,Burger King - Tiong Bahru Plaza,302 Tiong Bahru Road #01-106 Tiong Bahru Plaza Singapore 168732,Central,"Lower in calories, Lower in sugar, No added sugar",168732
Burger King Singapore,Burger King,Quick Service Restaurant/Fast Food,Halal,Western,Burger King - Viva Business Park,750A Chai Chee Road #01-02 Viva Business Park Singapore 469001,East,"Lower in calories, Lower in sugar, No added sugar",469001
Burger King Singapore Pte. Ltd.,Burger King,Quick Service Restaurant/Fast Food,Halal,Fast Food,Burger King - Airport Terminal 1 (Viewing Mall East),"80 Airport Boulevard, Viewing Mall East, #03-23, Terminal 1, Singapore Changi Airport, Singapore 819642",East,"Lower in sugar, No added sugar",819642
Burger King Singapore Pte. Ltd.,Burger King,Quick Service Restaurant/Fast Food,Halal,Fast Food,Burger King - Airport Terminal 1 Dep/Transit,"81 Airport Boulevard, Departure/Transit Lounge West, Mezzanine Level, #03-02, Terminal 1, Singapore Changi Airport, Singapore 819642",East,"Lower in sugar, No added sugar",819642
Burger King Singapore Pte. Ltd.,Burger King,Quick Service Restaurant/Fast Food,Halal,Fast Food,Burger King - Airport Terminal 3 Transit,"65 Airport Boulevard, Departure/Transit Lounge North, Mezzanine Level, #L03AF11, Changi Airport Terminal 3, Singapore 819663",East,"Lower in sugar, No added sugar",819663
Burger King Singapore Pte. Ltd.,Burger King,Quick Service Restaurant/Fast Food,Halal,Fast Food,Burger King - Airport Terminal 4 Transit,"10 Airport Boulevard, Departure/Transit Lounge, Level 2 Mezzanine, Changi Airport Terminal 4, #02-228, S(819665)",East,"Lower in sugar, No added sugar",819665
Burger King Singapore Pte. Ltd.,Burger King,Quick Service Restaurant/Fast Food,Halal,Fast Food,Burger King - Alexendra Retail Centre,"460 Alexandra Road #01-17, PSA Building, Singapore 119963",Central,"Lower in sugar, No added sugar",119963
Burger King Singapore Pte. Ltd.,Burger King,Quick Service Restaurant/Fast Food,Halal,Fast Food,Burger King - AMK Hub,"53 Ang Mo Kio Avenue 3 #01-40, AMK Hub, Singapore 569933",North-East,"Lower in sugar, No added sugar",569933
Burger King Singapore Pte. Ltd.,Burger King,Quick Service Restaurant/Fast Food,Halal,Fast Food,Burger King - ARTRA,"12 Alexandra View, #01-05/06/07 ARTRA, Singapore 158741",Central,"Lower in sugar, No added sugar",158741
Burger King Singapore Pte. Ltd.,Burger King,Quick Service Restaurant/Fast Food,Halal,Fast Food,Burger King - Bukit Panjang Plaza,"1 Jelebu Road #01-28, Bukit Panjang Plaza Singapore 677743",West,"Lower in sugar, No added sugar",677743
Burger King Singapore Pte. Ltd.,Burger King,Quick Service Restaurant/Fast Food,Halal,Fast Food,Burger King - Buona Vista Community Club,"36 Holland Drive, #01-02, Buona Vista Community Club, 270036",Central,"Lower in sugar, No added sugar",270036
Burger King Singapore Pte. Ltd.,Burger King,Quick Service Restaurant/Fast Food,Halal,Fast Food,Burger King - Burlington Square,"175 Bencoolen Street, #01-01, Burlington Square, Singapore 189649",Central,"Lower in sugar, No added sugar",189649
Burger King Singapore Pte. Ltd.,Burger King,Quick Service Restaurant/Fast Food,Halal,Fast Food,Burger King - Coastal PlayGrove,"902 East Coast Parkway, #01-01/01A, Coastal PlayGrove, 449874",East,"Lower in sugar, No added sugar",449874
Burger King Singapore Pte. Ltd.,Burger King,Quick Service Restaurant/Fast Food,Halal,Fast Food,Burger King - Compass One,"1 Sengkang Square, #B1-14/14A, Compass One, Singapore 545078",North-East,"Lower in sugar, No added sugar",545078
Burger King Singapore Pte. Ltd.,Burger King,Quick Service Restaurant/Fast Food,Halal,Fast Food,Burger King - Eastpoint Mall,"3 Simei Street 6, #01-33 Eastpoint Mall, Singapore 528833",East,"Lower in sugar, No added sugar",528833
Burger King Singapore Pte. Ltd.,Burger King,Quick Service Restaurant/Fast Food,Halal,Fast Food,Burger King - Fairprice Hub,"1 Joo Koon Circle, #01-51, FairPrice Hub, Singapore 629117 ",West,"Lower in sugar, No added sugar",629117
Burger King Singapore Pte. Ltd.,Burger King,Quick Service Restaurant/Fast Food,Halal,Fast Food,Burger King - Fernvale Woods,"455 Sengkang West Ave, #01-03/04 Fernvale Woods, Singapore 790455",North-East,"Lower in sugar, No added sugar",790455
Burger King Singapore Pte. Ltd.,Burger King,Quick Service Restaurant/Fast Food,Halal,Fast Food,Burger King - Heartbeat @Bedok,"11 Bedok North Street 1, #01-33, Heartbeat @ Bedok, Singapore 469662",East,"Lower in sugar, No added sugar",469662
Burger King Singapore Pte. Ltd.,Burger King,Quick Service Restaurant/Fast Food,Halal,Fast Food,Burger King - Heartland Mall Kovan,"205 Hougang St 21, #01-13 Heartland Mall, Singapore 530205",North-East,"Lower in sugar, No added sugar",530205
Burger King Singapore Pte. Ltd.,Burger King,Quick Service Restaurant/Fast Food,Halal,Fast Food,Burger King - HillV2,"4 Hillview Rise, #01-06 & #01-07, HillV2, Singapore 667979",West,"Lower in sugar, No added sugar",667979
Burger King Singapore Pte. Ltd.,Burger King,Quick Service Restaurant/Fast Food,Halal,Fast Food,Burger King - HomeTeamNS Bedok Clubhouse,"900 Bedok North Rd, #01-02 HomeTeamNS Bedok Clubhouse, Singapore 479994",East,"Lower in sugar, No added sugar",479994
Burger King Singapore Pte. Ltd.,Burger King,Quick Service Restaurant/Fast Food,Halal,Fast Food,Burger King - HomeTeamNS Khatib,"2 Yishun Walk, #01-06/07 HomeTeamNS Khatib, Singapore 767944",North,"Lower in sugar, No added sugar",767944
Burger King Singapore Pte. Ltd.,Burger King,Quick Service Restaurant/Fast Food,Halal,Fast Food,Burger King - Hougang RiverCourt,"377 Hougang Street 32, #01-01/18, Hougang RiverCourt, Singapore 530377",North-East,"Lower in sugar, No added sugar",530377
Burger King Singapore Pte. Ltd.,Burger King,Quick Service Restaurant/Fast Food,Halal,Fast Food,Burger King - IMM Building,"2 Jurong East Street 21, #01-51, IMM Building, Singapore 609601",West,"Lower in sugar, No added sugar",609601
Burger King Singapore Pte. Ltd.,Burger King,Quick Service Restaurant/Fast Food,Halal,Fast Food,Burger King - JEM,50 Jurong Gateway Road #B1-02 JEM Singapore 608549,West,"Lower in sugar, No added sugar",608549
Burger King Singapore Pte. Ltd.,Burger King,Quick Service Restaurant/Fast Food,Halal,Fast Food,Burger King - Junction 9 Mall,"18 Yishun Ave 9, #02-01 Junction 9 Mall, Singapore 768897",North,"Lower in sugar, No added sugar",768897
Burger King Singapore Pte. Ltd.,Burger King,Quick Service Restaurant/Fast Food,Halal,Fast Food,Burger King - Jurong Point,"63 Jurong West Central 3, #B1-54/55, Jurong Point, Singapore 648331",West,"Lower in sugar, No added sugar",648331
Burger King Singapore Pte. Ltd.,Burger King,Quick Service Restaurant/Fast Food,Halal,Fast Food,Burger King - Keat Hong Community Club,"2 Choa Chu Kang Loop, #01-05 Keat Hong Community Club, Singapore 680340",West,"Lower in sugar, No added sugar",680340
Burger King Singapore Pte. Ltd.,Burger King,Quick Service Restaurant/Fast Food,Halal,Fast Food,Burger King - Kebun Baru Community Club,"216 Ang Mo Kio Avenue 4, #01-01, Kebun Baru Community Club, Singapore 569897",North-East,"Lower in sugar, No added sugar",569897
Burger King Singapore Pte. Ltd.,Burger King,Quick Service Restaurant/Fast Food,Halal,Fast Food,Burger King - KINEX,"11 Tanjong Katong Road, #01-42/43/44, KINEX, Singapore 437157",East,"Lower in sugar, No added sugar",437157
Burger King Singapore Pte. Ltd.,Burger King,Quick Service Restaurant/Fast Food,Halal,Fast Food,Burger King - Kitchener Complex,"809 French Road, #01-31, Kitchener Complex, Singapore 200809",Central,"Lower in sugar, No added sugar",200809
Burger King Singapore Pte. Ltd.,Burger King,Quick Service Restaurant/Fast Food,Halal,Fast Food,Burger King - Kallang Leisure Park,5 Stadium Walk #01-43 Leisure Park Kallang Singapore 397693,Central,"Lower in sugar, No added sugar",397693
Burger King Singapore Pte. Ltd.,Burger King,Quick Service Restaurant/Fast Food,Halal,Fast Food,Burger King - Link @ 896,"896 Dunearn Road, #01-09, Link @ 896, Singapore 589472",Central,"Lower in sugar, No added sugar",589472
Burger King Singapore Pte. Ltd.,Burger King,Quick Service Restaurant/Fast Food,Halal,Fast Food,Burger King - Loyang Point,"258 Pasir Ris Street 21, #01-23, Loyang Point, Singapore 510258",East,"Lower in sugar, No added sugar",510258
Burger King Singapore Pte. Ltd.,Burger King,Quick Service Restaurant/Fast Food,Halal,Fast Food,Burger King - Marina Bay Link Mall,8A Marina Boulevard #B2-03 Marina Bay Link Mall Singapore 018984,Central,"Lower in sugar, No added sugar",18984
Burger King Singapore Pte. Ltd.,Burger King,Quick Service Restaurant/Fast Food,Halal,Fast Food,Burger King - Marina Square,"6 Raffles Boulevard, #02-105 & #02-184/185, Marina Square Singapore 039594",Central,"Lower in sugar, No added sugar",39594
Burger King Singapore Pte. Ltd.,Burger King,Quick Service Restaurant/Fast Food,Halal,Fast Food,Burger King - Marsiling Mall,"4 Woodlands Street 12, #02-01, Marsiling Mall, Singapore 738623",North,"Lower in sugar, No added sugar",738623
Burger King Singapore Pte. Ltd.,Burger King,Quick Service Restaurant/Fast Food,Halal,Fast Food,Burger King - NEX,"23 Serangoon Central, #B1-30/31, NEX, Singapore 556083",North-East,"Lower in sugar, No added sugar",556083
Burger King Singapore Pte. Ltd.,Burger King,Quick Service Restaurant/Fast Food,Halal,Fast Food,Burger King - Kent Ridge Centre,1 Lower Kent Ridge Road #03-11 The Dining Avenue Singapore 119082,West,"Lower in sugar, No added sugar",119082
Burger King Singapore Pte. Ltd.,Burger King,Quick Service Restaurant/Fast Food,Halal,Fast Food,Burger King - Parkway Parade,"80 Marine Parade Road, #01-11, Parkway Parade, Singapore 449269",East,"Lower in sugar, No added sugar",449269
Burger King Singapore Pte. Ltd.,Burger King,Quick Service Restaurant/Fast Food,Halal,Fast Food,Burger King - Pasir Ris Sports Centre,"120 Pasir Ris Central, #01-11, Pasir Ris Sports Centre, Singapore 556083",East,"Lower in sugar, No added sugar",556083
Burger King Singapore Pte. Ltd.,Burger King,Quick Service Restaurant/Fast Food,Halal,Fast Food,Burger King - Paya Lebar Square,"60 Paya Lebar Rd #01-40/41/42/43, Paya Lebar Square Singapore 409051",Central,"Lower in sugar, No added sugar",409051
Burger King Singapore Pte. Ltd.,Burger King,Quick Service Restaurant/Fast Food,Halal,Fast Food,Burger King - Plaza Singapura,"68 Orchard Road, #B1-11, Plaza Singapura, Singapore 238839",Central,"Lower in sugar, No added sugar",238839
Burger King Singapore Pte. Ltd.,Burger King,Quick Service Restaurant/Fast Food,Halal,Fast Food,Burger King - Seletar Mall,"33 Sengkang West Avenue, #01-09/10/11/12/13/14, Seletar Mall, Singapore 797653",North-East,"Lower in sugar, No added sugar",797653
Burger King Singapore Pte. Ltd.,Burger King,Quick Service Restaurant/Fast Food,Halal,Fast Food,Burger King - Sembawang Shopping Centre,"604 Sembawang Road, #01-01, Sembawang Shopping Centre, Singapore 758459",North,"Lower in sugar, No added sugar",758459
Burger King Singapore Pte. Ltd.,Burger King,Quick Service Restaurant/Fast Food,Halal,Fast Food,Burger King - Shaw Plaza,"Balestier Rd, Shaw Plaza, Singapore 329783",Central,"Lower in sugar, No added sugar",329783
Burger King Singapore Pte. Ltd.,Burger King,Quick Service Restaurant/Fast Food,Halal,Fast Food,Burger King - Tampines Mall,"4 Tampines Central, #01-42/43/44, Tampines Mall, Singapore 529510",East,"Lower in sugar, No added sugar",529510
Burger King Singapore Pte. Ltd.,Burger King,Quick Service Restaurant/Fast Food,Halal,Fast Food,Burger King - The Central,"6 Eu Tong Sen Street, #01-23, The Central, Singapore 059871",Central,"Lower in sugar, No added sugar",59871
Burger King Singapore Pte. Ltd.,Burger King,Quick Service Restaurant/Fast Food,Halal,Fast Food,Burger King - The Clementi Mall,"3155 Commonwealth Avenue West, #B1-30/31, The Clementi Mall, Singapore 129588",West,"Lower in sugar, No added sugar",129588
Burger King Singapore Pte. Ltd.,Burger King,Quick Service Restaurant/Fast Food,Halal,Fast Food,Burger King - Thomson Plaza,"301 Upper Thomson Rd, #01-115 Thomson Plaza, Singapore 574408",Central,"Lower in sugar, No added sugar",574408
Burger King Singapore Pte. Ltd.,Burger King,Quick Service Restaurant/Fast Food,Halal,Fast Food,Burger King - Tiong Bahru Plaza,"302 Tiong Bahru Road, #01-106, Tiong Bahru Plaza, Singapore 168732",Central,"Lower in sugar, No added sugar",168732
Burger King Singapore Pte. Ltd.,Burger King,Quick Service Restaurant/Fast Food,Halal,Fast Food,Burger King - United Square Shopping Mall,"101 Thomson Rd, #01-02/03 United Square, Singapore 307591",Central,"Lower in sugar, No added sugar",307591
Burger King Singapore Pte. Ltd.,Burger King,Quick Service Restaurant/Fast Food,Halal,Fast Food,Burger King - Viva Business Park,750A Chai Chee Road #01-02 Viva Business Park Singapore 469001,Central,"Lower in sugar, No added sugar",469001
Burger King Singapore Pte. Ltd.,Burger King,Quick Service Restaurant/Fast Food,Halal,Fast Food,Burger King - VivoCity,"1 Harbourfront Walk, #02-80/81, VivoCity, Singapore 098585",Central,"Lower in sugar, No added sugar",98585
Burger King Singapore Pte. Ltd.,Burger King,Quick Service Restaurant/Fast Food,Halal,Fast Food,Burger King - Waterway Point,"83 Punggol Central, #01-26 Waterway Point East Wing, Singapore 828761",North-East,"Lower in sugar, No added sugar",828761
Burger King Singapore Pte. Ltd.,Burger King,Quick Service Restaurant/Fast Food,Halal,Fast Food,Burger King - West Coast Community Centre,"2 Clementi West Street 2, #01-01 West Coast Community Centre, Singapore 129605",West,"Lower in sugar, No added sugar",129605
Burger King Singapore Pte. Ltd.,Burger King,Quick Service Restaurant/Fast Food,Halal,Fast Food,Burger King - West Mall,"1 Bukit Batok Central Link, #01-28/29/30, West Mall, Singapore 658713",West,"Lower in sugar, No added sugar",658713
Burger King Singapore Pte. Ltd.,Burger King,Quick Service Restaurant/Fast Food,Halal,Fast Food,Burger King - Wisteria Mall,"598 Yishun Ring Rd, #01-31/32 Wisteria Mall, Singapore 768698",North,"Lower in sugar, No added sugar",768698
Burger King Singapore Pte. Ltd.,Burger King,Quick Service Restaurant/Fast Food,Halal,Fast Food,Burger King - Woodlands North Coast,"1 North Coast Avenue, North Coast (1, #01-04 North Coast, 737663",North,"Lower in sugar, No added sugar",737663
Burger King Singapore Pte. Ltd.,Burger King,Quick Service Restaurant/Fast Food,Halal,Fast Food,Burger King - Yishun Town Square,"3 North Point Drive, #01-03, Yishun Town Square, 768020",North,"Lower in sugar, No added sugar",768020
Burger King Singapore Pte. Ltd.,Burger King,Quick Service Restaurant/Fast Food,Halal,Fast Food,Burger King - Tampines Mart,5 Tampines Street 32 #02-13/14 Tampines Mart Singapore 529284,East,"Lower in sugar, No added sugar",529284
Burger King Singapore Pte. Ltd.,Burger King,Quick Service Restaurant/Fast Food,Halal,Fast Food,Burger King - Woodleigh Mall,11 Bidadari Park Drive #B1-01 Woodleigh Mall Singapore 367803,Central,"Lower in sugar, No added sugar",367803
Burger King Singapore Pte. Ltd.,Burger King,Quick Service Restaurant/Fast Food,Halal,Fast Food,Burger King - Toa Payoh,530 Lorong 6 Toa Payoh #01-05 Toa Payoh Singapore 310530,Central,"Lower in sugar, No added sugar",310530
Burger King Singapore Pte. Ltd.,Burger King,Quick Service Restaurant/Fast Food,Halal,Fast Food,Burger King - SAFRA Choa Chu Kang,28 Choa Chu Kang Drive #01-01 SAFRA Choa Chu Kang Singapore 689964,West,"Lower in sugar, No added sugar",689964
Burger King Singapore Pte. Ltd.,Burger King,Quick Service Restaurant/Fast Food,Halal,Fast Food,Burger King - The Woodgrove,30 Woodlands Ave 1 #01-11 The Woodgrove Singapore 739065,North,"Lower in sugar, No added sugar",739065
Burger King Singapore Pte. Ltd.,Burger King,Quick Service Restaurant/Fast Food,Halal,Fast Food,Burger King - Yew Tee Point,21 Choa Chu Kang North 6 #B1-29/30 Yew Tee Point Singapore 689578,West,"Lower in sugar, No added sugar",689578
Burger King Singapore Pte. Ltd.,Burger King,Quick Service Restaurant/Fast Food,Halal,Fast Food,Burger King - Suntec City,3 Temasek Boulevard #03-371 Suntec City Mall Singapore 038983,Central,"Lower in sugar, No added sugar",38983
Burger King Singapore Pte. Ltd.,Burger King,Quick Service Restaurant/Fast Food,Halal,Fast Food,Burger King - Changi Business Park,2 Changi Business Park Avenue 1 #01-05 Offices@Park Avenue Changi Singapore 486015,East,"Lower in sugar, No added sugar",486015
Chamber Fine Food Pte. Ltd.,Aunty Rosie's Urban Padang Cuisine,Quick Service Restaurant/Fast Food,Halal,Malay,Aunty Rosie's Urban Padang Cuisine - Sengkang General & Community Hospital,110 Sengkang East Way #02-09 Sengkang General & Community Hospital Singapore 544886,North-East,"Lower in calories, Higher in wholegrains, Lower in sugar, No added sugar",544886
CHICKY FUN PTE LTD,CHICKY FUN,Café,Halal,Chinese,CHICKY FUN,1 FUSIONOPOLIS WAY #B1-24 CONNEXIS # B1-24 Singapore 138632,Central,Lower in calories and sodium,138632
CHICKY FUN PTE LTD,CHICKY FUN,Café,Halal,Chinese,CHICKY FUN@CONNECTION1,168 Jalan Bukit Merah #01-06 CONNECTION ONE Singapore 150168,West,Lower in calories and sodium,150168
CHICKY FUN PTE LTD,CHICKY FUN,Café,Halal,Chinese,CHICKY FUN@ TIMBRE,"1 Expo Drive #01-123, Timbre+ Eastside @ Expo, Singapore  #01-123 TIMBRE EXPO Singapore 486150",East,Lower in calories and sodium,486150
CHICKY FUN PTE LTD,CHICKY FUN,Café,Halal,Chinese,CHICKY FUN@GREENWICH,"1 Seletar Road #01-09/10, Stall 5, Greenwich V, Singapore #01-09 GREENWICH V Singapore 807011",North-East,Lower in calories and sodium,807011
CHICKY FUN PTE LTD,CHICKY FUN,Café,Halal,Chinese,CHICKY FUN @CHINATOWN,"5 BANDA STREET Block 5 Banda Street, #01-52, Stall 2, K88 Kopitiam, Singapore 050005 #01-52 Singapore 050005",Central,Lower in calories and sodium,50005
CHICKY FUN PTE LTD,CHICKY FUN,Café,Halal,Chinese,CHICKY FUN@ SINGAPORE GENERAL HOSPITAL,"6 Outram road, Level 1, Stall #09, Singapore General Hospital, Singapore 169608 #01-09 SGH Singapore 169608",Central,Lower in calories and sodium,169608
CHICKY FUN PTE LTD,CHICKY FUN,Café,Halal,Chinese,CHICKY FUN@CHANGI GENERAL HOSPITAL,"2 Simei Street 3 #01-20 Stall #14, Changi General Hospital Singapore 529889 #01-20 CHANGI GENERAL HOSPITAL Singapore 529889 ",East,Lower in calories and sodium,529889
CHICKY FUN PTE LTD,CHICKY FUN,Café,Halal,Chinese,CHICKY FUN@ JURONG POINT CANTINE,1 JURONG POINT CENTRAL 2 #B1-42 JURONG POINT Singapore 648886,West,Lower in calories and sodium,648886
CHICKY FUN PTE LTD,CHICKY FUN,Café,Halal,Chinese,CHICKY FUN Fusionopolis,1 FISIONOPOLIS WAY #B1-24 CONNEXIS # B1-24 Singapore 138632,Central,Lower in calories and sodium,138632
CHICKY FUN PTE LTD,CHICKY FUN,Café,Halal,Chinese,CHICKY FUN@CONNECTION2,168 Jalan Bukit Merah #01-06 CONNECTION ONE Singapore 150168,Central,Lower in calories and sodium,150168
CHICKY FUN PTE LTD,CHICKY FUN,Café,Halal,Chinese,"
CHICKY FUN@ TIMBRE","1 Expo Drive #01-123, Timbre+ Eastside @ Expo, Singapore  #01-123 TIMBRE EXPO Singapore 486150",East,Lower in calories and sodium,486150
CHICKY FUN PTE LTD,CHICKY FUN,Café,Halal,Chinese,CHICKY FUN@CHANGI GENERAL HOSPITAL,"2 Simei Street 3 #01-20 Stall #14, Changi General Hospital Singapore 529889 #01-20 CHANGI GENERAL HOSPITAL Singapore 529889",East,Lower in calories and sodium,529889
Chilli Padi Nonya Restaurant,Rempah by Chilli Padi,Café,Halal,Chinese,Rempah by Chilli Padi - SGH,3 Outram Rd Singapore General Hospital Singapore 169608,Central,"Higher in wholegrains, Higher in wholegrains and lower in calories, No added sugar, Lower in sugar",169608
Chilli Padi Nonya Restaurant,Rempah by Chilli Padi,Café,Halal,Chinese,Rempah by Chilli Padi - SGH,3 Outram Rd Singapore General Hospital Singapore 169608,Central,"Higher in wholegrains, Higher in wholegrains and lower in calories, Lower in sugar, No added sugar",169608
COMMONWEALTH CONCEPTS PTE. LTD.,PastaMania,Restaurant,Halal,Western,PastaMania West Mall,1 Bukit Batok Central Link #01-40 Singapore 658713,West,"Lower in calories, Lower in calories and sodium, No added sugar, Lower in sugar",658713
COMMONWEALTH CONCEPTS PTE. LTD.,PastaMania,Restaurant,Halal,Western,PastaMania Toa Payoh,190 Toa Payoh Lorong 6 #02-516 Singapore 310190,Central,"Lower in calories, Lower in calories and sodium, No added sugar, Lower in sugar",310190
COMMONWEALTH CONCEPTS PTE. LTD.,PastaMania,Restaurant,Halal,Western,PastaMania Tampines Mall,4 Tampines Central 5 #04-21/22 Singapore 529510,East,"Lower in calories, Lower in calories and sodium, No added sugar, Lower in sugar",529510
COMMONWEALTH CONCEPTS PTE. LTD.,PastaMania,Restaurant,Halal,Western,PastaMania Serangoon (Delivery Hub),55 Serangoon North Avenue 4 #01-02 Singapore 555859,North-East,"Lower in calories, Lower in calories and sodium, No added sugar, Lower in sugar",555859
COMMONWEALTH CONCEPTS PTE. LTD.,PastaMania,Restaurant,Halal,Western,PastaMania Sengkang ActiveSG Sports Centre,57 Anchorvale Road #02-02 Sengkang ActiveSG Sports Centre Singapore 544964,North-East,"Lower in calories, Lower in calories and sodium, No added sugar, Lower in sugar",544964
COMMONWEALTH CONCEPTS PTE. LTD.,PastaMania,Restaurant,Halal,Western,PastaMania Pioneer Mall (Pronto),638 Jurong West Street 61 #02-01 Singapore 640638,West,"Lower in calories, Lower in calories and sodium, No added sugar, Lower in sugar",640638
COMMONWEALTH CONCEPTS PTE. LTD.,PastaMania,Restaurant,Halal,Western,PastaMania Paya Lebar Square,60 Paya Lebar Road #01-09/10 Singapore 409051,East,"Lower in calories, Lower in calories and sodium, No added sugar, Lower in sugar",409051
COMMONWEALTH CONCEPTS PTE. LTD.,PastaMania,Restaurant,Halal,Western,PastaMania Northpoint City,930 Yishun Avenue 2 #03-04 Singapore 769098,North,"Lower in calories, Lower in calories and sodium, No added sugar, Lower in sugar",769098
COMMONWEALTH CONCEPTS PTE. LTD.,PastaMania,Restaurant,Halal,Western,PastaMania Nordcom II (Delivery Hub),28 Gambas Crescent #3-1 Singapore 757012,North,"Lower in calories, Lower in calories and sodium, No added sugar, Lower in sugar",757012
COMMONWEALTH CONCEPTS PTE. LTD.,PastaMania,Restaurant,Halal,Western,PastaMania Lot One Shoppers' Mall,21 Choa Chu Kang Ave 4 #03-02A Singapore 689812,West,"Lower in calories, Lower in calories and sodium, No added sugar, Lower in sugar",689812
COMMONWEALTH CONCEPTS PTE. LTD.,PastaMania,Restaurant,Halal,Western,PastaMania Kallang Wave Mall,1 Stadium Place #01-21 Singapore 397628,Central,"Lower in calories, Lower in calories and sodium, No added sugar, Lower in sugar",397628
COMMONWEALTH CONCEPTS PTE. LTD.,PastaMania,Restaurant,Halal,Western,PastaMania JEM,52 Jurong Gateway Road #04-26 Singapore 608549,West,"Lower in calories, Lower in calories and sodium, No added sugar, Lower in sugar",608549
COMMONWEALTH CONCEPTS PTE. LTD.,PastaMania,Restaurant,Halal,Western,PastaMania Harbourfront Centre,1 Maritime Square #02-5/6/7 Singapore 099253,Central,"Lower in calories, Lower in calories and sodium, No added sugar, Lower in sugar",99253
COMMONWEALTH CONCEPTS PTE. LTD.,PastaMania,Restaurant,Halal,Western,PastaMania Fusionopolis One (Pronto X Kraftwich),1 Fusionopolis Way #01-04 Singapore 138632,Central,"Lower in calories, Lower in calories and sodium, No added sugar, Lower in sugar",138632
COMMONWEALTH CONCEPTS PTE. LTD.,PastaMania,Restaurant,Halal,Western,PastaMania ESR BizPark @ Chai Chee,750 Chai Chee Road #01-12 Singapore 469000,East,"Lower in calories, Lower in calories and sodium, No added sugar, Lower in sugar",469000
COMMONWEALTH CONCEPTS PTE. LTD.,PastaMania,Restaurant,Halal,Western,PastaMania City Square Mall,180 Kitchener Road #02-21/22 Singapore 208539,Central,"Lower in calories, Lower in calories and sodium, No added sugar, Lower in sugar",208539
COMMONWEALTH CONCEPTS PTE. LTD.,PastaMania,Restaurant,Halal,Western,PastaMania Causeway Point,1 Woodlands Square #B1-20 Singapore 738099,North,"Lower in calories, Lower in calories and sodium, No added sugar, Lower in sugar",738099
COMMONWEALTH CONCEPTS PTE. LTD.,PastaMania,Restaurant,Halal,Western,PastaMania Bugis Junction,200 Victoria Street #B1-08 Singapore 188021,Central,"Lower in calories, Lower in calories and sodium, No added sugar, Lower in sugar",188021
COMMONWEALTH CONCEPTS PTE. LTD.,PastaMania,Restaurant,Halal,Western,PastaMania Bishan (Delivery Hub),59 Jalan Pemimpin #01-03 Singapore 577218,Central,"Lower in calories, Lower in calories and sodium, No added sugar, Lower in sugar",577218
COMMONWEALTH CONCEPTS PTE. LTD.,PastaMania,Restaurant,Halal,Western,PastaMania Hougang 1,1 Hougang Street 91 #01-22 Singapore 538692,North-East,"Lower in calories, Lower in calories and sodium, No added sugar, Lower in sugar",538692
COMMONWEALTH CONCEPTS PTE. LTD.,PastaMania,Restaurant,Halal,Western,PastaMania West Mall,1 Bukit Batok Central Link #01-40 Singapore 658713,West,"Lower in calories, Lower in calories and sodium, Lower in sugar, No added sugar",658713
COMMONWEALTH CONCEPTS PTE. LTD.,PastaMania,Restaurant,Halal,Western,PastaMania Toa Payoh,190 Toa Payoh Lorong 6 #02-516 Singapore 310190,Central,"Lower in calories, Lower in calories and sodium, Lower in sugar, No added sugar",310190
COMMONWEALTH CONCEPTS PTE. LTD.,PastaMania,Restaurant,Halal,Western,PastaMania Tampines Mall,4 Tampines Central 5 #04-21/22 Singapore 529510,East,"Lower in calories, Lower in calories and sodium, Lower in sugar, No added sugar",529510
COMMONWEALTH CONCEPTS PTE. LTD.,PastaMania,Restaurant,Halal,Western,PastaMania Serangoon (Delivery Hub),55 Serangoon North Avenue 4 #01-02 Singapore 555859,North-East,"Lower in calories, Lower in calories and sodium, Lower in sugar, No added sugar",555859
COMMONWEALTH CONCEPTS PTE. LTD.,PastaMania,Restaurant,Halal,Western,PastaMania Sengkang ActiveSG Sports Centre,57 Anchorvale Road #02-02 Sengkang ActiveSG Sports Centre Singapore 544964,North-East,"Lower in calories, Lower in calories and sodium, Lower in sugar, No added sugar",544964
COMMONWEALTH CONCEPTS PTE. LTD.,PastaMania,Restaurant,Halal,Western,PastaMania Pioneer Mall (Pronto),638 Jurong West Street 61 #02-01 Singapore 640638,West,"Lower in calories, Lower in calories and sodium, Lower in sugar, No added sugar",640638
COMMONWEALTH CONCEPTS PTE. LTD.,PastaMania,Restaurant,Halal,Western,PastaMania Paya Lebar Square,60 Paya Lebar Road #01-09/10 Singapore 409051,Central,"Lower in calories, Lower in calories and sodium, Lower in sugar, No added sugar",409051
COMMONWEALTH CONCEPTS PTE. LTD.,PastaMania,Restaurant,Halal,Western,PastaMania Northpoint City,930 Yishun Avenue 2 #03-04 Singapore 769098,North,"Lower in calories, Lower in calories and sodium, Lower in sugar, No added sugar",769098
COMMONWEALTH CONCEPTS PTE. LTD.,PastaMania,Restaurant,Halal,Western,PastaMania Nordcom II (Delivery Hub),28 Gambas Crescent #3-1 Singapore 757012,North,"Lower in calories, Lower in calories and sodium, Lower in sugar, No added sugar",757012
COMMONWEALTH CONCEPTS PTE. LTD.,PastaMania,Restaurant,Halal,Western,PastaMania Lot One Shoppers' Mall,21 Choa Chu Kang Ave 4 #03-02A Singapore 689812,West,"Lower in calories, Lower in calories and sodium, Lower in sugar, No added sugar",689812
COMMONWEALTH CONCEPTS PTE. LTD.,PastaMania,Restaurant,Halal,Western,PastaMania Kallang Wave Mall,1 Stadium Place #01-21 Singapore 397628,Central,"Lower in calories, Lower in calories and sodium, Lower in sugar, No added sugar",397628
COMMONWEALTH CONCEPTS PTE. LTD.,PastaMania,Restaurant,Halal,Western,PastaMania JEM,52 Jurong Gateway Road #04-26 Singapore 608549,West,"Lower in calories, Lower in calories and sodium, Lower in sugar, No added sugar",608549
COMMONWEALTH CONCEPTS PTE. LTD.,PastaMania,Restaurant,Halal,Western,PastaMania Harbourfront Centre,1 Maritime Square #02-5/6/7 Singapore 099253,Central,"Lower in calories, Lower in calories and sodium, Lower in sugar, No added sugar",99253
COMMONWEALTH CONCEPTS PTE. LTD.,PastaMania,Restaurant,Halal,Western,PastaMania Fusionopolis One (Pronto X Kraftwich),1 Fusionopolis Way #01-04 Singapore 138632,Central,"Lower in calories, Lower in calories and sodium, Lower in sugar, No added sugar",138632
COMMONWEALTH CONCEPTS PTE. LTD.,PastaMania,Restaurant,Halal,Western,PastaMania ESR BizPark @ Chai Chee,750 Chai Chee Road #01-12 Singapore 469000,East,"Lower in calories, Lower in calories and sodium, Lower in sugar, No added sugar",469000
COMMONWEALTH CONCEPTS PTE. LTD.,PastaMania,Restaurant,Halal,Western,PastaMania City Square Mall,180 Kitchener Road #02-21/22 Singapore 208539,Central,"Lower in calories, Lower in calories and sodium, Lower in sugar, No added sugar",208539
COMMONWEALTH CONCEPTS PTE. LTD.,PastaMania,Restaurant,Halal,Western,PastaMania Causeway Point,1 Woodlands Square #B1-20 Singapore 738099,North,"Lower in calories, Lower in calories and sodium, Lower in sugar, No added sugar",738099
COMMONWEALTH CONCEPTS PTE. LTD.,PastaMania,Restaurant,Halal,Western,PastaMania Bugis Junction,200 Victoria Street #B1-08 Singapore 188021,Central,"Lower in calories, Lower in calories and sodium, Lower in sugar, No added sugar",188021
COMMONWEALTH CONCEPTS PTE. LTD.,PastaMania,Restaurant,Halal,Western,PastaMania Bishan (Delivery Hub),59 Jalan Pemimpin #01-03 Singapore 577218,Central,"Lower in calories, Lower in calories and sodium, Lower in sugar, No added sugar",577218
COMMONWEALTH CONCEPTS PTE. LTD.,PastaMania,Restaurant,Halal,Western,PastaMania Hougang 1,1 Hougang Street 91 #01-22 Singapore 538692,North-East,"Lower in calories, Lower in calories and sodium, Lower in sugar, No added sugar",538692
Commonwealth Retail Concepts Pte. Ltd.,PastaMania,Restaurant,Halal,Western,PastaMania - NEX,"23 Serangoon Central, NEX #04-21 Singapore 556083",North-East,"Lower in calories, No added sugar, Lower in sugar",556083
Delcie's Food Cart/Takeaways and Cakes Pte. Ltd.,Delcie's,Bakery,Halal,"Breads, cakes, cookies, pastries",Delcie's - Whampoa West,34 Whampoa West #01-83 Bendemeer Ville Singapore 330034,Central,"Higher in wholegrains, No added sugar",330034
DELIFRANCE SINGAPORE PTE. LTD.,Delifrance,Café,Halal,Western,DELIFRANCE - NG TENG FONG GENERAL HOSPITAL,1 Jurong East Street 21 #02-33 NG TENG FONG GENERAL HOSPITAL Singapore 609606,West,"Lower in calories, No added sugar",609606
DELIFRANCE SINGAPORE PTE. LTD.,Delifrance,Café,Halal,Western,DELIFRANCE - WATERWAY POINT,"83 Punggol Central #01-17A, Waterway Point Singapore 828761",North-East,"Lower in calories, No added sugar",828761
DELIFRANCE SINGAPORE PTE. LTD.,Delifrance,Café,Halal,Western,DELIFRANCE - TAMPINES 1,"10 Tampines Central 1, #03-K3.K4.K5, Tampines 1 Singapore 529536",East,"Lower in calories, No added sugar",529536
DELIFRANCE SINGAPORE PTE. LTD.,Delifrance,Café,Halal,Western,DELIFRANCE - SINGPOST,10 Eunos Road 8 #01-141A/141B Singpost Centre Singapore 408600,East,"Lower in calories, No added sugar",408600
DELIFRANCE SINGAPORE PTE. LTD.,Delifrance,Café,Halal,Western,DELIFRANCE - SENGKANG HOSPITAL,110 Sengkang East Way #01-01 Sengkang General Hospital Singapore 544886,North-East,"Lower in calories, No added sugar",544886
DELIFRANCE SINGAPORE PTE. LTD.,Delifrance,Café,Halal,Western,DELIFRANCE - NUH,"1 Lower Kent Ridge Road, #04-11/12, NUH Medical Centre Singapore 119082",Central,"Lower in calories, No added sugar",119082
DELIFRANCE SINGAPORE PTE. LTD.,Delifrance,Café,Halal,Western,DELIFRANCE - NORTHPOINT CITY,"1 Northpoint Drive, #01-168/169 South Wing of Northpoint City Singapore 768019",North,"Lower in calories, No added sugar",768019
DELIFRANCE SINGAPORE PTE. LTD.,Delifrance,Café,Halal,Western,DELIFRANCE - SUNTEC CITY,"3 Temasek Boulevard, #02-600, Suntec City Mall Singapore 038983",Central,"Lower in calories, No added sugar",38983
DELIFRANCE SINGAPORE PTE. LTD.,Delifrance,Café,Halal,Western,DELIFRANCE - KK HOSPITAL,100 Bukit Timah Road #01-08/09/10 KK Hospital Singapore 229899,Central,"Lower in calories, No added sugar",229899
DELIFRANCE SINGAPORE PTE. LTD.,Delifrance,Café,Halal,Western,DELIFRANCE - JEM,"Jurong Gateway Road, #B1-K15/16, JEM Singapore 608549",West,"Lower in calories, No added sugar",608549
DELIFRANCE SINGAPORE PTE. LTD.,Delifrance,Café,Halal,Western,DELIFRANCE - JELITA,"293 Holland Road, #02-10B, Jelita, Singapore 278628",Central,"Lower in calories, No added sugar",278628
DELIFRANCE SINGAPORE PTE. LTD.,Delifrance,Café,Halal,Western,DELIFRANCE - HDB HUB,Lorong 6 Toa Payoh #01-10 HDB Hub Singapore 310480,Central,"Lower in calories, No added sugar",310480
DELIFRANCE SINGAPORE PTE. LTD.,Delifrance,Café,Halal,Western,DELIFRANCE - DOWNTOWN EAST,1 Pasir Ris Close #02-321 DOWNTOWN EAST Singapore 519599,East,"Lower in calories, No added sugar",519599
DELIFRANCE SINGAPORE PTE. LTD.,Delifrance,Café,Halal,Western,DELIFRANCE - CHANGI GENERAL HOSPITAL,Simei Street 3 #01-32 Changi General Hospital Singapore 529889,East,"Lower in calories, No added sugar",529889
DELIFRANCE SINGAPORE PTE. LTD.,Delifrance,Café,Halal,Western,DELIFRANCE - CCK LOT 1,21 Choa Chu Kang Avenue 4 #03-14 Lot One Shoppers' Mall Singapore 689812,West,"Lower in calories, No added sugar",689812
DELIFRANCE SINGAPORE PTE. LTD.,Delifrance,Café,Halal,Western,DELIFRANCE - CHANGI CITY POINT,5 Changi Business Park Central 1 #01-45/46 Changi City Point Singapore 486038,East,"Lower in calories, No added sugar",486038
DELIFRANCE SINGAPORE PTE. LTD.,Delifrance,Café,Halal,Western,DELIFRANCE - CAUSEWAY POINT,1 Woodlands Square #B1-21 Causeway Point Singapore 738099,North,"Lower in calories, No added sugar",738099
DELIFRANCE SINGAPORE PTE. LTD.,Delifrance,Café,Halal,Western,DELIFRANCE - NUH,"1 Lower Kent Ridge Road, #04-11/12, NUH Medical Centre Singapore 119082",West,"Lower in calories, No added sugar",119082
Dian Xiao Er Group Pte. Ltd,Dian Xiao Er,Restaurant,,Chinese,Downtown East,1 Pasir Ris Close #02-319 Downtown East Singapore 519599,East,"Lower in calories, Lower in sugar, No added sugar, Lower in calories and sodium",519599
Dian Xiao Er Group Pte. Ltd,Dian Xiao Er,Restaurant,,Chinese,Waterway Point,83 Punggol Central #01-30 Waterway Point Singapore 828761,East,"Lower in calories, Lower in sugar, No added sugar, Lower in calories and sodium",828761
Dian Xiao Er Group Pte. Ltd,Dian Xiao Er,Restaurant,,Chinese,Tampines One,10 Tampines Central 1 #04-15 Tampines One Singapore 529536,East,"Lower in calories, Lower in sugar, No added sugar, Lower in calories and sodium",529536
Dian Xiao Er Group Pte. Ltd,Dian Xiao Er,Restaurant,,Chinese,Northpoint City,930 Yishun Avenue 2 #02-06 Northpoint City Singapore 769098,North,"Lower in calories, Lower in sugar, No added sugar, Lower in calories and sodium",769098
Dian Xiao Er Group Pte. Ltd,Dian Xiao Er,Restaurant,,Chinese,VivoCity,1 HarbourFront Walk #02-138 VivoCity Singapore 098585,South,"Lower in calories, Lower in sugar, No added sugar, Lower in calories and sodium",98585
Dian Xiao Er Group Pte. Ltd,Dian Xiao Er,Restaurant,,Chinese,Marina Square,6 Raffles Boulevard #02-200 Marina Square Singapore 039594,South-West,"Lower in calories, Lower in sugar, No added sugar, Lower in calories and sodium",39594
Dian Xiao Er Group Pte. Ltd,Dian Xiao Er,Restaurant,,Chinese,NEX,23 Serangoon Central #02-09 NEX Singapore 556083,East,"Lower in calories, Lower in sugar, No added sugar, Lower in calories and sodium",556083
Dian Xiao Er Group Pte. Ltd,Dian Xiao Er,Restaurant,,Chinese,Jurong Point,"63 63 Jurong West Central 3, ##B1-57 Jurong Point Singapore 648331",West,"Lower in calories, Lower in sugar, No added sugar, Lower in calories and sodium",648331
Dian Xiao Er Group Pte. Ltd,Dian Xiao Er,Restaurant,,Chinese,Lot One,21 Choa Chu Kang Avenue 4 #B1-32 Lot One Singapore 689812,West,"Lower in calories, Lower in sugar, No added sugar, Lower in calories and sodium",689812
Dian Xiao Er Group Pte. Ltd,Dian Xiao Er,Restaurant,,Chinese,Junction 8,9 Bishan Place #B1-07 Junction 8 Singapore 579837,Central,"Lower in calories, Lower in sugar, No added sugar, Lower in calories and sodium",579837
Dian Xiao Er Group Pte. Ltd,Dian Xiao Er,Restaurant,,Chinese,Jewel Changi Airport,78 78 Airport Boulevard #B2-229 Jewel Changi Airport Singapore 819666,East,"Lower in calories, Lower in sugar, No added sugar, Lower in calories and sodium",819666
Dian Xiao Er Group Pte. Ltd,Dian Xiao Er,Restaurant,,Chinese,JEM,50 Jurong Gateway Road #03-08 Jem Singapore 608549,West,"Lower in calories, Lower in sugar, No added sugar, Lower in calories and sodium",608549
Dian Xiao Er Group Pte. Ltd,Dian Xiao Er,Restaurant,,Chinese,Hillion Mall,17 Petir Road #01-08 Hillion Mall Singapore 678278,North,"Lower in calories, Lower in sugar, No added sugar, Lower in calories and sodium",678278
Dian Xiao Er Group Pte. Ltd,Dian Xiao Er,Restaurant,,Chinese,City Square Mall,180 Kitchener Road #03-37 City Square Mall Singapore 208539,Central,"Lower in calories, Lower in sugar, No added sugar, Lower in calories and sodium",208539
Dian Xiao Er Group Pte. Ltd,Dian Xiao Er,Restaurant,,Chinese,Causeway Point,1 Woodlands Square #05-11 Causeway Point Singapore 738099,North,"Lower in calories, Lower in sugar, No added sugar, Lower in calories and sodium",738099
Dian Xiao Er Group Pte. Ltd,Dian Xiao Er,Restaurant,,Chinese,Bedok Mall,311 New Upper Changi Road #01-73 Bedok Mall Singapore 467360,East,"Lower in calories, Lower in sugar, No added sugar, Lower in calories and sodium",467360
Dian Xiao Er Group Pte. Ltd,Dian Xiao Er,Restaurant,,Chinese,Waterway Point,83 Punggol Central #01-30 Waterway Point Singapore 828761,North-East,"Lower in calories, Lower in calories and sodium, Lower in sugar, No added sugar, Healthier children's meal",828761
Dian Xiao Er Group Pte. Ltd,Dian Xiao Er,Restaurant,,Chinese,Tampines One,10 Tampines Central 1 #04-15 Tampines One Singapore 529536,East,"Lower in calories, Lower in calories and sodium, Lower in sugar, No added sugar, Healthier children's meal",529536
Dian Xiao Er Group Pte. Ltd,Dian Xiao Er,Restaurant,,Chinese,Northpoint City,930 Yishun Avenue 2 #02-06 Northpoint City Singapore 769098,North,"Lower in calories, Lower in calories and sodium, Lower in sugar, No added sugar, Healthier children's meal",769098
Dian Xiao Er Group Pte. Ltd,Dian Xiao Er,Restaurant,,Chinese,VivoCity,1 HarbourFront Walk #02-138 VivoCity Singapore 098585,Central,"Lower in calories, Lower in calories and sodium, Lower in sugar, No added sugar, Healthier children's meal",98585
Dian Xiao Er Group Pte. Ltd,Dian Xiao Er,Restaurant,,Chinese,Marina Square,6 Raffles Boulevard #02-200 Marina Square Singapore 039594,Central,"Lower in calories, Lower in calories and sodium, Lower in sugar, No added sugar, Healthier children's meal",39594
Dian Xiao Er Group Pte. Ltd,Dian Xiao Er,Restaurant,,Chinese,NEX,23 Serangoon Central #02-09 NEX Singapore 556083,North-East,"Lower in calories, Lower in calories and sodium, Lower in sugar, No added sugar, Healthier children's meal",556083
Dian Xiao Er Group Pte. Ltd,Dian Xiao Er,Restaurant,,Chinese,Jurong Point,"63 Jurong West Central 3, #B1-57 Jurong Point Singapore 648331",West,"Lower in calories, Lower in calories and sodium, Lower in sugar, No added sugar, Healthier children's meal",648331
Dian Xiao Er Group Pte. Ltd,Dian Xiao Er,Restaurant,,Chinese,Lot One,21 Choa Chu Kang Avenue 4 #B1-32 Lot One Singapore 689812,West,"Lower in calories, Lower in calories and sodium, Lower in sugar, No added sugar, Healthier children's meal",689812
Dian Xiao Er Group Pte. Ltd,Dian Xiao Er,Restaurant,,Chinese,Junction 8,9 Bishan Place #B1-07 Junction 8 Singapore 579837,Central,"Lower in calories, Lower in calories and sodium, Lower in sugar, No added sugar, Healthier children's meal",579837
Dian Xiao Er Group Pte. Ltd,Dian Xiao Er,Restaurant,,Chinese,Jewel Changi Airport,78 Airport Boulevard #B2-229 Jewel Changi Airport Singapore 819666,East,"Lower in calories, Lower in calories and sodium, Lower in sugar, No added sugar, Healthier children's meal",819666
Dian Xiao Er Group Pte. Ltd,Dian Xiao Er,Restaurant,,Chinese,JEM,50 Jurong Gateway Road #03-08 Jem Singapore 608549,West,"Lower in calories, Lower in calories and sodium, Lower in sugar, No added sugar, Healthier children's meal",608549
Dian Xiao Er Group Pte. Ltd,Dian Xiao Er,Restaurant,,Chinese,Hillion Mall,17 Petir Road #01-08 Hillion Mall Singapore 678278,West,"Lower in calories, Lower in calories and sodium, Lower in sugar, No added sugar, Healthier children's meal",678278
Dian Xiao Er Group Pte. Ltd,Dian Xiao Er,Restaurant,,Chinese,City Square Mall,180 Kitchener Road #03-37 City Square Mall Singapore 208539,Central,"Lower in calories, Lower in calories and sodium, Lower in sugar, No added sugar, Healthier children's meal",208539
Dian Xiao Er Group Pte. Ltd,Dian Xiao Er,Restaurant,,Chinese,Causeway Point,1 Woodlands Square #05-11 Causeway Point Singapore 738099,North,"Lower in calories, Lower in calories and sodium, Lower in sugar, No added sugar, Healthier children's meal",738099
Dian Xiao Er Group Pte. Ltd,Dian Xiao Er,Restaurant,,Chinese,Bedok Mall,311 New Upper Changi Road #01-73 Bedok Mall Singapore 467360,East,"Lower in calories, Lower in calories and sodium, Lower in sugar, No added sugar, Healthier children's meal",467360
Dian Xiao Er Group Pte. Ltd,Dian Xiao Er,Restaurant,,Chinese,Downtown East,1 Pasir Ris Close #02-319 Downtown East Singapore 519599,East,"Lower in calories, Lower in calories and sodium, Lower in sugar, No added sugar, Healthier children's meal",519599
DUKE BAKERY PTE. LTD.,Duke Bakery Pte Ltd,Bakery,,"Breads, cakes, cookies, pastries",Duke Bakery- Bedok Mall,311 New Upper Changi Road #01-01 Bedok Mall Singapore 467360,East,Higher in wholegrains,467360
DUKE BAKERY PTE. LTD.,Duke Bakery Pte Ltd,Bakery,,"Breads, cakes, cookies, pastries",Duke Bakery- City Link,1 Raffles Link #B1-61 City Link Mall Singapore 039393,Central,Higher in wholegrains,39393
DUKE BAKERY PTE. LTD.,Duke Bakery Pte Ltd,Bakery,,"Breads, cakes, cookies, pastries",Duke Bakery- Serangoon,1 Maju Avenue #B1-21/22 myVillage Singapore 556679,North-East,Higher in wholegrains,556679
DUKE BAKERY PTE. LTD.,Duke Bakery Pte Ltd,Bakery,,"Breads, cakes, cookies, pastries",Duke Bakery- Thomson Plaza,301 Upper Thomson Road #01-K2 Thomson Plaza Singapore 574408,Central,Higher in wholegrains,574408
DUKE BAKERY PTE. LTD.,Duke Bakery Pte Ltd,Bakery,,"Breads, cakes, cookies, pastries",Duke Bakery- United Square,101 Thomson Road #B1-61 United Square Singapore 307591,Central,Higher in wholegrains,307591
DUKE BAKERY PTE. LTD.,Duke Bakery Pte Ltd,Bakery,,"Breads, cakes, cookies, pastries",Duke Bakery- White Sands,1 Pasir Ris Central Str 3 #02-K2 White Sands Singapore 518457,East,Higher in wholegrains,518457
DUKE BAKERY PTE. LTD.,Duke Bakery Pte Ltd,Bakery,,"Breads, cakes, cookies, pastries",Duke Bakery - Sengkang,70 COMPASSVALE BOW #01-68 Sengkang Grand Mall Singapore 544692,North-East,Higher in wholegrains,544692
DUKE BAKERY PTE. LTD.,Duke Bakery Pte Ltd,Bakery,,"Breads, cakes, cookies, pastries",Duke Bakery - Chinatown Point,133 New Bridge Road #B1-47B Chinatown Point Singapore 509413,Central,Higher in wholegrains,509413
DUKE BAKERY PTE. LTD.,Duke Bakery Pte Ltd,Bakery,,"Breads, cakes, cookies, pastries",Duke Bakery - Centrepoint,176 Orchard Road #B1-K1 The Centrepoint Mall Singapore 238843,Central,Higher in wholegrains,238843
DUKE BAKERY PTE. LTD.,Duke Bakery Pte Ltd,Bakery,,"Breads, cakes, cookies, pastries",Duke Bakery - Causeway Point,1 Woodlands Square #B1-K24 Causeway Point Singapore 738099,North,Higher in wholegrains,738099
DUKE BAKERY PTE. LTD.,Duke Bakery Pte Ltd,Bakery,,"Breads, cakes, cookies, pastries",Duke Bakery - City Square Mall,180 Kitchener Road #B2-22 Singapore 208539,Central,Higher in wholegrains,208539
Eminami LLP,Bistro Eminami,Restaurant,Halal,Vietnamese,Bistro Eminami Halal Vietnam,46 Kandahar Street #01-00 Singapore 198898,Central,"Lower in calories, No added sugar",198898
Emirates Leisure Retail SG P/L,Pret A Manger,Café,,Western,Pret A Manger - T3,65 CHANGI AIRPORT T3-DEPARTURE/TRANSIT LOUNGE NORTH #02-59 AIRPORT BOULEVARD Singapore 819663,East,"Lower in calories, Lower in sugar, No added sugar",819663
Emirates Leisure Retail SG P/L,Pret A Manger,Café,,Western,Pret A Manger - T2,60 Changi Airport Terminal 2 #2-165 Airport Boulevard Singapore 819643,East,"Lower in calories, Lower in sugar, No added sugar",819643
Emirates Leisure Retail SG P/L,Hudsons Coffee,Café,,Western,Hudsons Café (Terminal 3),65 CHANGI AIRPORT TERMINAL 3 #02-60 AIRPORT BOULEVARD Singapore 819663,East,"Lower in calories, Lower in sugar, No added sugar",819663
Emirates Leisure Retail SG P/L,Hudsons Coffee,Café,,Western,Hudsons  (Terminal 2),60 Changi Airport Terminal 2 #02-178 Airport Boulevard Singapore 819643,East,"Lower in calories, Lower in sugar, No added sugar",819643
Emirates Leisure Retail SG P/L,Asian Street Kitchen,Café,,Other,Asian Street Kitchen,60 Changi Airport Terminal 2 #02-170 AIRPORT BOULEVARD Singapore 819643,East,Lower in calories,819643
Five Star Hainanese Chicken Rice Restaurant (2000) Pte Ltd,Five Star Hainanese Kampung Chicken Rice,Restaurant,,Chinese,Five Star Hainanese Kampung Chicken Rice - Cheong Chin Nam,7 Cheong Chin Nam Road Singapore 599732,Central,"Lower in calories, Lower in sugar, No added sugar",599732
Five Star Hainanese Chicken Rice Restaurant (2000) Pte Ltd,Five Star Hainanese Kampung Chicken Rice,Restaurant,,Chinese,Five Star Hainanese Kampung Chicken Rice - River Valley,419 River Valley Road Singapore 248318,Central,"Lower in calories, Lower in sugar, No added sugar",248318
Five Star Hainanese Chicken Rice Restaurant (2000) Pte Ltd,Five Star Hainanese Kampung Chicken Rice,Restaurant,,Chinese,Five Star Hainanese Kampung Chicken Rice - Katong,191 East Coast Road Singapore 428897,East,"Lower in calories, Lower in sugar, No added sugar",428897
Foreword Coffee Pte. Ltd,Foreword Coffee Roasters,Café,,Western,Foreword Coffee Roasters @ Yong Siew Toh Conservatory of Music,3 Conservatory Drive #1-00 Yong Siew Toh Conservatory of Music Singapore 117376,West,"No added sugar, Lower in sugar",117376
Foreword Coffee Pte. Ltd,Foreword Coffee Roasters,Café,,Western,Foreword Coffee Roasters @ MediaCorp Campus,1 Stars Avenue #03-02 MediaCorp Singapore 138507,Central,"No added sugar, Lower in sugar",138507
Foreword Coffee Pte. Ltd,Foreword Coffee Roasters,Café,,Western,Foreword Coffee Roaster @ Temasek Shophouse,28 Orchard Road #01-00 Temasek Shophouse Singapore 238832,Central,"No added sugar, Lower in sugar",238832
Foreword Coffee Pte. Ltd.,Foreword Coffee Roasters,Café,,Western,Foreword Coffee Roasters @ Yong Siew Toh Conservatory of Music,3 Conservatory Drive #1-00 Yong Siew Toh Conservatory of Music Singapore 117376,Central,"Lower in sugar, No added sugar",117376
Foreword Coffee Pte. Ltd.,Foreword Coffee Roasters,Café,,Western,"
Foreword Coffee Roasters @ MediaCorp Campus",1 Stars Avenue #03-02 MediaCorp Singapore 138507,Central,"Lower in sugar, No added sugar",138507
Foreword Coffee Pte. Ltd.,Foreword Coffee Roasters,Café,,Western,Foreword Coffee Roaster @ Temasek Shophouse,28 Orchard Road #01-00 Temasek Shophouse Singapore 238832,Central,"Lower in sugar, No added sugar",238832
Foreword Coffee Pte. Ltd.,First Story Café,Café,,Drinks,First Story Café,149 Serangoon North Ave 1 #01-917 Golden Ginger Singapore 550149,North-East,"Lower in sugar, No added sugar",550149
FRESHPOD PTE. LTD.,freshpod,Kiosk,,Other,freshpod @ SNEC,"11 Third Hospital Ave, Gleneagles Hospital, Singapore 168751",Central,"Lower in calories, Higher in wholegrains and lower in calories",168751
FRESHPOD PTE. LTD.,freshpod,Kiosk,,Other,freshpod @ Gleneagles,"6A Napier Road, Singapore National Eye Care Centre (SNEC), Singapore 258500",Central,"Lower in calories, Higher in wholegrains and lower in calories",258500
FRESHPOD PTE. LTD.,freshpod,Kiosk,,Other,freshpod @ Grab HQ,3 Media Circle Grab HQ @ One-North Singapore 138498,Central,"Lower in calories, Higher in wholegrains and lower in calories",138498
GALA FOOD PTE. LTD.,Tongue Tip Lanzhou Beef Noodles,Restaurant,Halal,Chinese,The Woodgrove,30 Woodlands Ave 1 #01-09A The Woodgrove Mall Singapore 739065,North,"Lower in calories, Lower in calories and sodium",739065
GALA FOOD PTE. LTD.,Tongue Tip Lanzhou Beef Noodles,Restaurant,Halal,Chinese,Westgate,3 Gateway Drive #B1-28A Westgate Singapore 608532,West,"Lower in calories, Lower in calories and sodium",608532
GALA FOOD PTE. LTD.,Tongue Tip Lanzhou Beef Noodles,Restaurant,Halal,Chinese,North Point City,1 North Point Dr #B1-112 NorthPoint City Singapore 768019,North,"Lower in calories, Lower in calories and sodium",768019
GALA FOOD PTE. LTD.,Tongue Tip Lanzhou Beef Noodles,Restaurant,Halal,Chinese,Suntec City,3 Temasek Blvd #B1-165 Suntec City Singapore 038983,Central,"Lower in calories, Lower in calories and sodium",38983
GALA FOOD PTE. LTD.,Tongue Tip Lanzhou Beef Noodles,Restaurant,Halal,Chinese,Century Square,2 Tampines Central 5 #01-42 Century Square Singapore 529509,East,"Lower in calories, Lower in calories and sodium",529509
GALA FOOD PTE. LTD.,Tongue Tip Lanzhou Beef Noodles,Restaurant,Halal,Chinese,Downtown East,1 Pasir Ris Close E!Avenue #02-322 Downtown East Singapore 519599,East,"Lower in calories, Lower in calories and sodium",519599
GALA FOOD PTE. LTD.,Tongue Tip Lanzhou Beef Noodles,Restaurant,Halal,Chinese,Hillion Mall,17 Petir Rd #01-07 Hillion Mall Singapore 678278,West,"Lower in calories, Lower in calories and sodium",678278
GALA FOOD PTE. LTD.,Tongue Tip Lanzhou Beef Noodles,Restaurant,Halal,Chinese,Jurong Point,63 Jurong West Central 3 #03-105 Jurong Point Singapore 648331,West,"Lower in calories, Lower in calories and sodium",648331
GALA FOOD PTE. LTD.,Tongue Tip Lanzhou Beef Noodles,Restaurant,Halal,Chinese,Chinatown Point,133 New Bridge Rd #01-43 Chinatown Point Singapore 059413,Central,"Lower in calories, Lower in calories and sodium",59413
GALA FOOD PTE. LTD.,Tongue Tip Lanzhou Beef Noodles,Restaurant,Halal,Chinese,Tiong Bahru Plaza,302 Tiong Bahru Rd #02-107 Tiong Bahru Plaza Singapore 168732,Central,"Lower in calories, Lower in calories and sodium",168732
GD Group Pte. Ltd.,Penang Culture,Restaurant,Halal,Chinese,Penang Culture - JEM,"50 Jurong Gateway Road JEM Shopping Mall, #04-27 Singapore 608346",West,"Lower in calories, Lower in sugar, No added sugar",608346
GD Group Pte. Ltd.,Penang Culture,Restaurant,Halal,Chinese,Penang Culture - Compass One,1 Sengkang Square #03-13 Sengkang Square Singapore 545078,North-East,"Lower in calories, Lower in sugar, No added sugar",545078
GD Group Pte. Ltd.,Penang Culture,Restaurant,Halal,Chinese,Penang Culture - Causeway Point,1 Woodlands Square #05-12 Causeway Point Singapore 739099,North,"Lower in calories, Lower in sugar, No added sugar",739099
GD Group Pte. Ltd.,Penang Culture,Restaurant,Halal,Chinese,Penang Culture - White Sands,1 Pasir Ris Central Street 3 #03-21 White Sands Singapore 518457,East,"Lower in calories, Lower in sugar, No added sugar",518457
GD Group Pte. Ltd.,Penang Culture,Restaurant,Halal,Chinese,Penang Culture - NEX,23 Serangoon Central #B1-76/77 NEX Singapore 556083,North-East,"Lower in calories, Lower in sugar, No added sugar",556083
Greendot Gourmet Pte. Ltd.,Greendot,Restaurant,,Chinese,Greendot - One Raffles Place,1 One Raffles Place #03-23 Singapore 048616,South-West,"Lower in calories, Higher in wholegrains, Higher in wholegrains and lower in calories, Lower in sugar, No added sugar",48616
Greendot Gourmet Pte. Ltd.,Greendot,Restaurant,,Chinese,Greendot - Bugis,80 Middle Road #01-71 Bugis Junction Singapore 188966,Central,"Lower in calories, Higher in wholegrains, Higher in wholegrains and lower in calories, Lower in sugar, No added sugar",188966
Greendot Gourmet Pte. Ltd.,Greendot,Restaurant,,Chinese,Greendot - Mapletree Business City,20 Pasir Panjang Kitchen Loft Road #01-00 Maple Tree Business City Singapore 117439,Central,"Lower in calories, Higher in wholegrains, Higher in wholegrains and lower in calories, Lower in sugar, No added sugar",117439
Greendot Gourmet Pte. Ltd.,Greendot,Restaurant,,Chinese,Greendot - Northpoint,930 Yishun Avenue 2 #01-45 Northpoint Singapore 769098,North,"Lower in calories, Higher in wholegrains, Higher in wholegrains and lower in calories, Lower in sugar, No added sugar",769098
Greendot Gourmet Pte. Ltd.,Greendot,Restaurant,,Chinese,Greendot - Plaza Singapura,68 Orchard Rd #B2-52 Plaza Singapura Singapore 238839,Central,"Lower in calories, Higher in wholegrains, Higher in wholegrains and lower in calories, Lower in sugar, No added sugar",238839
Greendot Gourmet Pte. Ltd.,Greendot,Restaurant,,Chinese,Greendot - Bedok Mall,311 New Upper Changi Road #B2-31 Bedok Mall Singapore 467360,East,"Lower in calories, Higher in wholegrains, Higher in wholegrains and lower in calories, Lower in sugar, No added sugar",467360
Greendot Gourmet Pte. Ltd.,Greendot,Restaurant,,Chinese,Greendot - Paya Lebar Square,60 Paya Lebar Road #02-15 Paya Lebar Square Singapore 409051,East,"Lower in calories, Higher in wholegrains, Higher in wholegrains and lower in calories, Lower in sugar, No added sugar",409051
Greendot Gourmet Pte. Ltd.,Greendot,Restaurant,,Chinese,Greendot - Westgate,3 Gateway Drive #01-06 Westgate Singapore 608532,West,"Lower in calories, Higher in wholegrains, Higher in wholegrains and lower in calories, Lower in sugar, No added sugar",608532
Greendot Gourmet Pte. Ltd.,Greendot,Restaurant,,Chinese,Greendot - Star Vista,1 Vista Exchange Green #01-33 Star Vista Singapore 138617,Central,"Lower in calories, Higher in wholegrains, Higher in wholegrains and lower in calories, Lower in sugar, No added sugar",138617
Greendot Gourmet Pte. Ltd.,Greendot,Restaurant,,Chinese,Greendot - NEX,23 Serangoon Central #02-K2 NEX Singapore 556083,East,"Lower in calories, Higher in wholegrains, Higher in wholegrains and lower in calories, Lower in sugar, No added sugar",556083
Greendot Gourmet Pte. Ltd.,Greendot,Restaurant,,Chinese,Greendot - VivoCity,1 Harbourfont Walk #02-150 Vivocity Singapore 098585,South,"Lower in calories, Higher in wholegrains, Higher in wholegrains and lower in calories, Lower in sugar, No added sugar",98585
Greendot Gourmet Pte. Ltd.,Greendot,Restaurant,,Chinese,Greendot - Junction 8,9 Bishan Pl #B1-24 Junction 8 Singapore 579837,Central,"Lower in calories, Higher in wholegrains, Higher in wholegrains and lower in calories, Lower in sugar, No added sugar",579837
Greendot Gourmet Pte. Ltd.,Greendot,Restaurant,,Chinese,Greendot - Bedok Mall,311 New Upper Changi Road Bedok Mall #B2-31/32 Singapore 467360,East,"Lower in calories, Higher in wholegrains, No added sugar",467360
Greendot Gourmet Pte. Ltd.,Greendot,Restaurant,,Chinese,Greendot - Paya Lebar Square,"60 Paya Lebar Road, Paya Lebar Square #02-15/16/17 Singapore 409051",Central,"Lower in calories, Higher in wholegrains, No added sugar",409051
Greendot Gourmet Pte. Ltd.,Greendot,Restaurant,,Chinese,Greendot - Westgate,3 Gateway Drive Westgate #01-06 Singapore 608532,West,"Lower in calories, Higher in wholegrains, No added sugar",608532
Greendot Gourmet Pte. Ltd.,Greendot,Restaurant,,Chinese,Greendot - One Raffles Place,One Raffles Place #03-23 Singapore 048616,Central,"Lower in calories, Higher in wholegrains, No added sugar",48616
Greendot Gourmet Pte. Ltd.,Greendot,Restaurant,,Chinese,Greendot - Bugis Junction,80 Middle Road Bugis Junction #01-71/72 Singapore 188966,Central,"Lower in calories, Higher in wholegrains, No added sugar",188966
Greendot Gourmet Pte. Ltd.,Greendot,Restaurant,,Chinese,Greendot - NEX,23 Serangoon Central NEX #02-K2/K3/K4 Singapore 556083,North-East,"Lower in calories, Higher in wholegrains, No added sugar",556083
Greendot Gourmet Pte. Ltd.,Greendot,Restaurant,,Chinese,Greendot - Northpoint,930 Yishun Avenue 2 Northpoint #01-45 Singapore 769098,North,"Lower in calories, Higher in wholegrains, No added sugar",769098
Greendot Gourmet Pte. Ltd.,Greendot,Restaurant,,Chinese,Greendot - Plaza Singapura,"68 Orchard Rd, Plaza Singapura #B2-52/54, Singapore 238839",Central,"Lower in calories, Higher in wholegrains, No added sugar",238839
Greendot Gourmet Pte. Ltd.,Greendot,Restaurant,,Chinese,Greendot - Junction 8,"9 Bishan Pl, Junction 8 #B1-24/24A, Singapore 579837",Central,"Lower in calories, Higher in wholegrains, No added sugar",579837
Greendot Gourmet Pte. Ltd.,Greendot,Restaurant,,Chinese,Greendot - Bukit Panjang Plaza,"1 Jelebu Road, Bukit Panjang Plaza #01-36, Singapore 677743",West,"Lower in calories, Higher in wholegrains, No added sugar",677743
Hanbaobao Pte. Ltd.,Hanbaobao,Quick Service Restaurant/Fast Food,Halal,Fast Food,McDonald's - 888 Plaza,888 Woodlands Drive 50 #01-737A Singapore 730888,North,"Lower in calories, Higher in wholegrains and lower in calories",730888
Hanbaobao Pte. Ltd.,Hanbaobao,Quick Service Restaurant/Fast Food,Halal,Fast Food,McDonald's - Admiralty,678A Woodlands Avenue 6 #01-05 HDB Woodlands Singapore 731678,North,"Lower in calories, Higher in wholegrains and lower in calories",731678
Hanbaobao Pte. Ltd.,Hanbaobao,Quick Service Restaurant/Fast Food,Halal,Fast Food,McDonald's - Alocassia,383 Bukit Timah Road #01-09B Alocassia Apartment Singapore 259727,Central,"Lower in calories, Higher in wholegrains and lower in calories",259727
Hanbaobao Pte. Ltd.,Hanbaobao,Quick Service Restaurant/Fast Food,Halal,Fast Food,McDonald's - Anchorpoint,370 Alexandra Road #01-32/34 Anchorpoint Shopping Centre Singapore 159953,Central,"Lower in calories, Higher in wholegrains and lower in calories",159953
Hanbaobao Pte. Ltd.,Hanbaobao,Quick Service Restaurant/Fast Food,Halal,Fast Food,McDonald's - Ang Mo Kio,51 Ang Mo Kio Avenue 3 #01-04 Big Mac Centre Singapore 569922,North-East,"Lower in calories, Higher in wholegrains and lower in calories",569922
Hanbaobao Pte. Ltd.,Hanbaobao,Quick Service Restaurant/Fast Food,Halal,Fast Food,McDonald's - Ang Mo Kio Ave 4,163 Ang Mo Kio Avenue 4 #01-438 Singapore 560163,North-East,"Lower in calories, Higher in wholegrains and lower in calories",560163
Hanbaobao Pte. Ltd.,Hanbaobao,Quick Service Restaurant/Fast Food,Halal,Fast Food,McDonald's - Ang Mo Kio Ave 10,448 Ang Mo Kio Avenue 10 #01-1693 HDB Ang Mo Kio Singapore 560448,North-East,"Lower in calories, Higher in wholegrains and lower in calories",560448
Hanbaobao Pte. Ltd.,Hanbaobao,Quick Service Restaurant/Fast Food,Halal,Fast Food,McDonald's - Ang Mo Kio Park,10 Ang Mo Kio Street 12 #01-00 Mcdonald's @ Ang Mo Kio Street Singapore 567740,North-East,"Lower in calories, Higher in wholegrains and lower in calories",567740
Hanbaobao Pte. Ltd.,Hanbaobao,Quick Service Restaurant/Fast Food,Halal,Fast Food,McDonald's - Aperia Mall,12 Kallang Avenue #01-24 Aperia Mall Singapore 339511,Central,"Lower in calories, Higher in wholegrains and lower in calories",339511
Hanbaobao Pte. Ltd.,Hanbaobao,Quick Service Restaurant/Fast Food,Halal,Fast Food,McDonald's - Beauty World,144 Upper Bukit Timah Road #01-39 Beauty World Centre Singapore 588177,Central,"Lower in calories, Higher in wholegrains and lower in calories",588177
Hanbaobao Pte. Ltd.,Hanbaobao,Quick Service Restaurant/Fast Food,Halal,Fast Food,McDonald's - Bedok Mall,311 New Upper Changi Road #01-10 Bedok Mall Singapore 467360,East,"Lower in calories, Higher in wholegrains and lower in calories",467360
Hanbaobao Pte. Ltd.,Hanbaobao,Quick Service Restaurant/Fast Food,Halal,Fast Food,McDonald's - Bedok North,539 Bedok North Street 3 #01-643 HDB Bedok Singapore 460539,East,"Lower in calories, Higher in wholegrains and lower in calories",460539
Hanbaobao Pte. Ltd.,Hanbaobao,Quick Service Restaurant/Fast Food,Halal,Fast Food,McDonald's - Bedok Reservoir,744 Bedok Reservoir #01-3019 Singapore 470744,East,"Lower in calories, Higher in wholegrains and lower in calories",470744
Hanbaobao Pte. Ltd.,Hanbaobao,Quick Service Restaurant/Fast Food,Halal,Fast Food,McDonald's - Bedok Reservoir,632 Bedok Reservoir Road #01-850 HDB Bedok Singapore 470632,East,"Lower in calories, Higher in wholegrains and lower in calories",470632
Hanbaobao Pte. Ltd.,Hanbaobao,Quick Service Restaurant/Fast Food,Halal,Fast Food,McDonald's - Bendemeer,22 Boon Keng Road #01-01 HDB Boon Keng Singapore 330022,Central,"Lower in calories, Higher in wholegrains and lower in calories",330022
Hanbaobao Pte. Ltd.,Hanbaobao,Quick Service Restaurant/Fast Food,Halal,Fast Food,McDonald's - Bishan Park,1378 Ang Mo Kio Avenue 1 #01-00 Mcdonald's @ Bishan Park Singapore 569981,North-East,"Lower in calories, Higher in wholegrains and lower in calories",569981
Hanbaobao Pte. Ltd.,Hanbaobao,Quick Service Restaurant/Fast Food,Halal,Fast Food,McDonald's - Boat Quay,1 South Canal Road #01-00 Singapore 048508,Central,"Lower in calories, Higher in wholegrains and lower in calories",48508
Hanbaobao Pte. Ltd.,Hanbaobao,Quick Service Restaurant/Fast Food,Halal,Fast Food,McDonald's Buangkok Square,991 Buangkok Link #01-14 Singapore 530991,North-East,"Lower in calories, Higher in wholegrains and lower in calories",530991
Hanbaobao Pte. Ltd.,Hanbaobao,Quick Service Restaurant/Fast Food,Halal,Fast Food,McDonald's - Bugis Junction,230 Victoria Street #01-66 Bugis Junction Tower Singapore 188021,Central,"Lower in calories, Higher in wholegrains and lower in calories",188021
Hanbaobao Pte. Ltd.,Hanbaobao,Quick Service Restaurant/Fast Food,Halal,Fast Food,McDonald's - Bugis Village,151 Rochor Road #01-00 Bugis Village Singapore 188426,Central,"Lower in calories, Higher in wholegrains and lower in calories",188426
Hanbaobao Pte. Ltd.,Hanbaobao,Quick Service Restaurant/Fast Food,Halal,Fast Food,McDonald's - Bukit Batok,632 Bukit Batok Central #01-138 HDB Bukit Batok Singapore 650632,West,"Lower in calories, Higher in wholegrains and lower in calories",650632
Hanbaobao Pte. Ltd.,Hanbaobao,Quick Service Restaurant/Fast Food,Halal,Fast Food,McDonald's - Bukit Batok West,152 Bukit Batok Street 11 #01-280 HDB Bukit Batok Singapore 650152,West,"Lower in calories, Higher in wholegrains and lower in calories",650152
Hanbaobao Pte. Ltd.,Hanbaobao,Quick Service Restaurant/Fast Food,Halal,Fast Food,McDonald's - Bukit Gombak,374 Bukit Batok Street 31 #01-198 HDB Bukit Batok Singapore 650374,West,"Lower in calories, Higher in wholegrains and lower in calories",650374
Hanbaobao Pte. Ltd.,Hanbaobao,Quick Service Restaurant/Fast Food,Halal,Fast Food,McDonald's - Bukit Panjang Plaza,1 Jelebu Road #02-01 Bukit Panjang Plaza Singapore 677743,West,"Lower in calories, Higher in wholegrains and lower in calories",677743
Hanbaobao Pte. Ltd.,Hanbaobao,Quick Service Restaurant/Fast Food,Halal,Fast Food,McDonald's - Caltex DT,130 Dunearn Road Singapore 309436,Central,"Lower in calories, Higher in wholegrains and lower in calories",309436
Hanbaobao Pte. Ltd.,Hanbaobao,Quick Service Restaurant/Fast Food,Halal,Fast Food,McDonald's - Canberra,133 Canberra View #01-01/03 Singapore 750133,North,"Lower in calories, Higher in wholegrains and lower in calories",750133
Hanbaobao Pte. Ltd.,Hanbaobao,Quick Service Restaurant/Fast Food,Halal,Fast Food,McDonald's - Causeway Point,1 Woodlands Square #01-35 Causeway Point Singapore 738099,North,"Lower in calories, Higher in wholegrains and lower in calories",738099
Hanbaobao Pte. Ltd.,Hanbaobao,Quick Service Restaurant/Fast Food,Halal,Fast Food,McDonald's - Changi Airport T2,"60 Airport Boulevard #01-016 Changi Airport Terminal 2 (Mezzanine Level, Arrival Meeting) Singapore 819643",East,"Lower in calories, Higher in wholegrains and lower in calories",819643
Hanbaobao Pte. Ltd.,Hanbaobao,Quick Service Restaurant/Fast Food,Halal,Fast Food,McDonald's - Changi Airport T2 Transit Lounge,60 Airport Boulevard #03-07 Changi Airport Terminal 2 (Departure/ Transit Lounge Central) Singapore 819643,East,"Lower in calories, Higher in wholegrains and lower in calories",819643
Hanbaobao Pte. Ltd.,Hanbaobao,Quick Service Restaurant/Fast Food,Halal,Fast Food,McDonald's - Changi Airport T3,65 Airport Boulevard #01-03 Changi Airport Terminal 3 Arrival Meeting Hall South Singapore 819663,East,"Lower in calories, Higher in wholegrains and lower in calories",819663
Hanbaobao Pte. Ltd.,Hanbaobao,Quick Service Restaurant/Fast Food,Halal,Fast Food,McDonald's - Changi City Point,5 Changi Business Park Central 1 #01-10 Changi City Point Singapore 486038,East,"Lower in calories, Higher in wholegrains and lower in calories",486038
Hanbaobao Pte. Ltd.,Hanbaobao,Quick Service Restaurant/Fast Food,Halal,Fast Food,McDonald's - Chinatown Point,133 New Bridge Road #01-03 Chinatown Point Singapore 059413,Central,"Lower in calories, Higher in wholegrains and lower in calories",59413
Hanbaobao Pte. Ltd.,Hanbaobao,Quick Service Restaurant/Fast Food,Halal,Fast Food,McDonald's - Choa Chu Kang 4 (Lot One Shoppers' Mall),21 Choa Chu Kang Avenue 4 #01-20 Lot One Shoppers' Mall Singapore 689812,West,"Lower in calories, Higher in wholegrains and lower in calories",689812
Hanbaobao Pte. Ltd.,Hanbaobao,Quick Service Restaurant/Fast Food,Halal,Fast Food,McDonald's - Choa Chu Kang 62 (Yew Tee Square),624 Choa Chu Kang Street 62 #02-262 Yew Tee Square Singapore 680624,West,"Lower in calories, Higher in wholegrains and lower in calories",680624
Hanbaobao Pte. Ltd.,Hanbaobao,Quick Service Restaurant/Fast Food,Halal,Fast Food,McDonald's - Limbang Shopping Centre,533 Choa Chu Kang Street 51 #01-10 Limbang Shopping Centre Singapore 680533,West,"Lower in calories, Higher in wholegrains and lower in calories",680533
Hanbaobao Pte. Ltd.,Hanbaobao,Quick Service Restaurant/Fast Food,Halal,Fast Food,McDonald's - Chua Chu Kang CC,35 Teck Whye Avenue #01-01 Chua Chu Kang Community Club Singapore 688892,West,"Lower in calories, Higher in wholegrains and lower in calories",688892
Hanbaobao Pte. Ltd.,Hanbaobao,Quick Service Restaurant/Fast Food,Halal,Fast Food,McDonald's - Choa Chu Kang Park,26 Choa Chu Kang Drive Singapore 689719,West,"Lower in calories, Higher in wholegrains and lower in calories",689719
Hanbaobao Pte. Ltd.,Hanbaobao,Quick Service Restaurant/Fast Food,Halal,Fast Food,McDonald's - Cineleisure,8 Grange Road #01-05/06 Singapore 239695,Central,"Lower in calories, Higher in wholegrains and lower in calories",239695
Hanbaobao Pte. Ltd.,Hanbaobao,Quick Service Restaurant/Fast Food,Halal,Fast Food,McDonald's - City Square Mall,180 Kitchener Road #01-19-23 City Square Mall Singapore 208539,Central,"Lower in calories, Higher in wholegrains and lower in calories",208539
Hanbaobao Pte. Ltd.,Hanbaobao,Quick Service Restaurant/Fast Food,Halal,Fast Food,McDonald's - Clementi Ave 3,451 Clementi Avenue 3 #01-309 HDB Clementi Singapore 120451,West,"Lower in calories, Higher in wholegrains and lower in calories",120451
Hanbaobao Pte. Ltd.,Hanbaobao,Quick Service Restaurant/Fast Food,Halal,Fast Food,McDonald's - Clementi Mall,3155 Commonwealth Avenue West #01-06 The Clementi Mall Singapore 129588,West,"Lower in calories, Higher in wholegrains and lower in calories",129588
Hanbaobao Pte. Ltd.,Hanbaobao,Quick Service Restaurant/Fast Food,Halal,Fast Food,McDonald's - Compass Point (Sengkang),1 Sengkang Square #B1-17 Compass Point Singapore 545078,North-East,"Lower in calories, Higher in wholegrains and lower in calories",545078
Hanbaobao Pte. Ltd.,Hanbaobao,Quick Service Restaurant/Fast Food,Halal,Fast Food,McDonald's - Delta Sports Centre,900 Tiong Bahru Road #01-04 Singapore 158790,Central,"Lower in calories, Higher in wholegrains and lower in calories",158790
Hanbaobao Pte. Ltd.,Hanbaobao,Quick Service Restaurant/Fast Food,Halal,Fast Food,McDonald's - Downtown East,1 Pasir Ris Close #01-338 Downtown East Singapore 519599,East,"Lower in calories, Higher in wholegrains and lower in calories",519599
Hanbaobao Pte. Ltd.,Hanbaobao,Quick Service Restaurant/Fast Food,Halal,Fast Food,McDonald's - Elias Community Centre,93 Pasir Ris Drive 3 #01-02 Pasir Ris Elias Community Club (CC) Singapore 519498,East,"Lower in calories, Higher in wholegrains and lower in calories",519498
Hanbaobao Pte. Ltd.,Hanbaobao,Quick Service Restaurant/Fast Food,Halal,Fast Food,McDonald's - Fajar,445 Fajar Road #01-520 Fajar Shopping Centre Singapore 670445,West,"Lower in calories, Higher in wholegrains and lower in calories",670445
Hanbaobao Pte. Ltd.,Hanbaobao,Quick Service Restaurant/Fast Food,Halal,Fast Food,McDonald's - Farrer Road,10 Jalan Serene #01-01 Serene Centre Singapore 258748,Central,"Lower in calories, Higher in wholegrains and lower in calories",258748
Hanbaobao Pte. Ltd.,Hanbaobao,Quick Service Restaurant/Fast Food,Halal,Fast Food,McDonald's - Forum Galleria,583 Orchard Road #B1-25 Forum The Shopping Mall Singapore 238884,Central,"Lower in calories, Higher in wholegrains and lower in calories",238884
Hanbaobao Pte. Ltd.,Hanbaobao,Quick Service Restaurant/Fast Food,Halal,Fast Food,McDonald's - Funan,107 North Bridge Road #01-16/17 FUNAN Singapore 179105,Central,"Lower in calories, Higher in wholegrains and lower in calories",179105
Hanbaobao Pte. Ltd.,Hanbaobao,Quick Service Restaurant/Fast Food,Halal,Fast Food,McDonald's - Gardens by the Bay,18 Marina Gardens Drive #02-04 Gardens by the Bay Singapore 018953,Central,"Lower in calories, Higher in wholegrains and lower in calories",18953
Hanbaobao Pte. Ltd.,Hanbaobao,Quick Service Restaurant/Fast Food,Halal,Fast Food,McDonald's - Geylang East Central,113 Aljunied Avenue 2 #01-01 HDB Aljunied Avenue Singapore 380113,Central,"Lower in calories, Higher in wholegrains and lower in calories",380113
Hanbaobao Pte. Ltd.,Hanbaobao,Quick Service Restaurant/Fast Food,Halal,Fast Food,McDonald's - Great World City,1 Kim Seng Promenade #01-24 Great World City Singapore 237994,Central,"Lower in calories, Higher in wholegrains and lower in calories",237994
Hanbaobao Pte. Ltd.,Hanbaobao,Quick Service Restaurant/Fast Food,Halal,Fast Food,McDonald's - Greenridge Shopping Centre,524A Jelapang Road #01-02A Greenridge Shopping Centre Singapore 671524,West,"Lower in calories, Higher in wholegrains and lower in calories",671524
Hanbaobao Pte. Ltd.,Hanbaobao,Quick Service Restaurant/Fast Food,Halal,Fast Food,McDonald's - Harbour Front Centre,1 Maritime Square #01-87 Harbourfront Centre Singapore 099253,Central,"Lower in calories, Higher in wholegrains and lower in calories",99253
Hanbaobao Pte. Ltd.,Hanbaobao,Quick Service Restaurant/Fast Food,Halal,Fast Food,McDonald's - Hillion Mall,17 Petir Road #B1-25 Hillion Mall Singapore 678278,West,"Lower in calories, Higher in wholegrains and lower in calories",678278
Hanbaobao Pte. Ltd.,Hanbaobao,Quick Service Restaurant/Fast Food,Halal,Fast Food,McDonald's - Hougang,208 Hougang Street 21 #01-217 HDB Hougang Singapore 530208,North-East,"Lower in calories, Higher in wholegrains and lower in calories",530208
Hanbaobao Pte. Ltd.,Hanbaobao,Quick Service Restaurant/Fast Food,Halal,Fast Food,McDonald's - Hougang 1,1 Hougang Street 91 #01-26 Hougang 1 Singapore 538692,North-East,"Lower in calories, Higher in wholegrains and lower in calories",538692
Hanbaobao Pte. Ltd.,Hanbaobao,Quick Service Restaurant/Fast Food,Halal,Fast Food,McDonald's - Hougang 8,684 Hougang Avenue 8 #01-999 HDB Hougang Singapore 530684,North-East,"Lower in calories, Higher in wholegrains and lower in calories",530684
Hanbaobao Pte. Ltd.,Hanbaobao,Quick Service Restaurant/Fast Food,Halal,Fast Food,McDonald's - Hougang (Shell),600 Hougang Avenue 3 #01-01 Singapore 538846,North-East,"Lower in calories, Higher in wholegrains and lower in calories",538846
Hanbaobao Pte. Ltd.,Hanbaobao,Quick Service Restaurant/Fast Food,Halal,Fast Food,McDonald's - JEM,50 Jurong Gateway Road #01-63 Singapore 608549,West,"Lower in calories, Higher in wholegrains and lower in calories",608549
Hanbaobao Pte. Ltd.,Hanbaobao,Quick Service Restaurant/Fast Food,Halal,Fast Food,McDonald's - Jewel,78 Airport Boulevard #B1-298 Jewel Changi Airport Singapore 819666,East,"Lower in calories, Higher in wholegrains and lower in calories",819666
Hanbaobao Pte. Ltd.,Hanbaobao,Quick Service Restaurant/Fast Food,Halal,Fast Food,McDonald's - Fairprice Hub,1 Joo Koon Circle #01-27 Provisional Unit Singapore 629117,West,"Lower in calories, Higher in wholegrains and lower in calories",629117
Hanbaobao Pte. Ltd.,Hanbaobao,Quick Service Restaurant/Fast Food,Halal,Fast Food,McDonald's - Junction 8,9 Bishan Place #01-20 Junction 8 Shopping Centre Singapore 579837,Central,"Lower in calories, Higher in wholegrains and lower in calories",579837
Hanbaobao Pte. Ltd.,Hanbaobao,Quick Service Restaurant/Fast Food,Halal,Fast Food,McDonald's - Jurong Bowl,1 Yuan Ching Road #01-00 Superbowl Jurong Singapore 618640,West,"Lower in calories, Higher in wholegrains and lower in calories",618640
Hanbaobao Pte. Ltd.,Hanbaobao,Quick Service Restaurant/Fast Food,Halal,Fast Food,McDonald's - Jurong Central Park,291 Boon Lay Way #01-00 Jurong Central Park Singapore 649849,West,"Lower in calories, Higher in wholegrains and lower in calories",649849
Hanbaobao Pte. Ltd.,Hanbaobao,Quick Service Restaurant/Fast Food,Halal,Fast Food,McDonald's - Jurong East 24,256 Jurong East Street 24 #01-381 HDB Jurong Singapore 600256,West,"Lower in calories, Higher in wholegrains and lower in calories",600256
Hanbaobao Pte. Ltd.,Hanbaobao,Quick Service Restaurant/Fast Food,Halal,Fast Food,McDonald's - Jurong Green CC,6 Jurong West Avenue 1 #01-00 Jurong Green Community Club (CC) Singapore 649520,West,"Lower in calories, Higher in wholegrains and lower in calories",649520
Hanbaobao Pte. Ltd.,Hanbaobao,Quick Service Restaurant/Fast Food,Halal,Fast Food,McDonald's - Jurong Point,1 Jurong West Central 2 #01-31 Jurong Point Singapore 648886,West,"Lower in calories, Higher in wholegrains and lower in calories",648886
Hanbaobao Pte. Ltd.,Hanbaobao,Quick Service Restaurant/Fast Food,Halal,Fast Food,McDonald's - Jurong Spring Community Centre,8 Jurong West Street 52 #01-02 Jurong Spring CC Singapore 649296,West,"Lower in calories, Higher in wholegrains and lower in calories",649296
Hanbaobao Pte. Ltd.,Hanbaobao,Quick Service Restaurant/Fast Food,Halal,Fast Food,McDonald's - Kallang,200 Stadium Road #01-00 Mcdonald's @ Stadium Road Singapore 397726,Central,"Lower in calories, Higher in wholegrains and lower in calories",397726
Hanbaobao Pte. Ltd.,Hanbaobao,Quick Service Restaurant/Fast Food,Halal,Fast Food,McDonald's - Keat Hong,818 Choa Chu Kang Avenue 1 #01-02 Singapore 680818,West,"Lower in calories, Higher in wholegrains and lower in calories",680818
Hanbaobao Pte. Ltd.,Hanbaobao,Quick Service Restaurant/Fast Food,Halal,Fast Food,McDonald's - Khatib,846 Yishun Ring Road #01-3669 HDB Yishun Singapore 760846,North,"Lower in calories, Higher in wholegrains and lower in calories",760846
Hanbaobao Pte. Ltd.,Hanbaobao,Quick Service Restaurant/Fast Food,Halal,Fast Food,McDonald's - Le Quest,4 Bukit Batok Street 41 #01-42/54 Singapore 657991,West,"Lower in calories, Higher in wholegrains and lower in calories",657991
Hanbaobao Pte. Ltd.,Hanbaobao,Quick Service Restaurant/Fast Food,Halal,Fast Food,McDonald's - LIDO,350 Orchard Road #05-12 Shaw House Singapore 238868,Central,"Lower in calories, Higher in wholegrains and lower in calories",238868
Hanbaobao Pte. Ltd.,Hanbaobao,Quick Service Restaurant/Fast Food,Halal,Fast Food,McDonald's - Loyang Point,258 Pasir Ris Street 21 #01-323 Loyang Point Singapore 510258,East,"Lower in calories, Higher in wholegrains and lower in calories",510258
Hanbaobao Pte. Ltd.,Hanbaobao,Quick Service Restaurant/Fast Food,Halal,Fast Food,McDonald's - Mandai Wildlife East,80 Mandai Lake Road #01-22 Singapore 729826,North,"Lower in calories, Higher in wholegrains and lower in calories",729826
Hanbaobao Pte. Ltd.,Hanbaobao,Quick Service Restaurant/Fast Food,Halal,Fast Food,McDonald's - Marina Square,6 Raffles Boulevard #02-156 Marina Square Singapore 039594,Central,"Lower in calories, Higher in wholegrains and lower in calories",39594
Hanbaobao Pte. Ltd.,Hanbaobao,Quick Service Restaurant/Fast Food,Halal,Fast Food,McDonald's - Marine Cove,1000 East Coast Parkway #01-05 Marine Cove East Coast Park Singapore 449876,East,"Lower in calories, Higher in wholegrains and lower in calories",449876
Hanbaobao Pte. Ltd.,Hanbaobao,Quick Service Restaurant/Fast Food,Halal,Fast Food,McDonald's - Nanyang Technological University,"N2.1, 76 Nanyang Drive #01-08 Nanyang Technological University (NTU) Singapore 637331",West,"Lower in calories, Higher in wholegrains and lower in calories",637331
Hanbaobao Pte. Ltd.,Hanbaobao,Quick Service Restaurant/Fast Food,Halal,Fast Food,McDonald's - NEX,23 Serangoon Central #B2-05 Nex Singapore 556083,North-East,"Lower in calories, Higher in wholegrains and lower in calories",556083
Hanbaobao Pte. Ltd.,Hanbaobao,Quick Service Restaurant/Fast Food,Halal,Fast Food,McDonald's - Northpoint,930 Yishun Avenue 2 #01-12 Northpoint Shopping Centre Singapore 769098,North,"Lower in calories, Higher in wholegrains and lower in calories",769098
Hanbaobao Pte. Ltd.,Hanbaobao,Quick Service Restaurant/Fast Food,Halal,Fast Food,McDonald's - One Punggol,1 Punggol Drive #01-08/09 One Punggol Community Club Singapore 828629,North-East,"Lower in calories, Higher in wholegrains and lower in calories",828629
Hanbaobao Pte. Ltd.,Hanbaobao,Quick Service Restaurant/Fast Food,Halal,Fast Food,McDonald's - OTH,1 Tampines Walk #01-13/14 Our Tampines Hub Singapore 528523,East,"Lower in calories, Higher in wholegrains and lower in calories",528523
Hanbaobao Pte. Ltd.,Hanbaobao,Quick Service Restaurant/Fast Food,Halal,Fast Food,McDonald's - Parklane,35 Selegie Road #B1-38 Parklane Shopping Mall Singapore 188307,Central,"Lower in calories, Higher in wholegrains and lower in calories",188307
Hanbaobao Pte. Ltd.,Hanbaobao,Quick Service Restaurant/Fast Food,Halal,Fast Food,McDonald's - Parkway,1 Marine Parade Central #01-01 Parkway Centre Singapore 449408,East,"Lower in calories, Higher in wholegrains and lower in calories",449408
Hanbaobao Pte. Ltd.,Hanbaobao,Quick Service Restaurant/Fast Food,Halal,Fast Food,McDonald's - Pasir Ris Central,1 Pasir Ris Central Street 3 #01-29 White Sands Singapore 518457,East,"Lower in calories, Higher in wholegrains and lower in calories",518457
Hanbaobao Pte. Ltd.,Hanbaobao,Quick Service Restaurant/Fast Food,Halal,Fast Food,McDonald's - Pasir Ris Mall,7 Pasir Ris Central #B1-41 Pasir Ris Mall Singapore 519612,East,"Lower in calories, Higher in wholegrains and lower in calories",519612
Hanbaobao Pte. Ltd.,Hanbaobao,Quick Service Restaurant/Fast Food,Halal,Fast Food,McDonald's - Pasir Ris West Plaza,735 Pasir Ris Street 72 #01-342 Pasir Ris West Plaza Singapore 510735,East,"Lower in calories, Higher in wholegrains and lower in calories",510735
Hanbaobao Pte. Ltd.,Hanbaobao,Quick Service Restaurant/Fast Food,Halal,Fast Food,McDonald's - Paya Lebar Square,60 Paya Lebar Road #01-68 Paya Lebar Square (Provisional Unit) Singapore 409051,Central,"Lower in calories, Higher in wholegrains and lower in calories",409051
Hanbaobao Pte. Ltd.,Hanbaobao,Quick Service Restaurant/Fast Food,Halal,Fast Food,McDonald's - People's Park,1 Park Road #01-69 People's Park Complex Singapore 059108,Central,"Lower in calories, Higher in wholegrains and lower in calories",59108
Hanbaobao Pte. Ltd.,Hanbaobao,Quick Service Restaurant/Fast Food,Halal,Fast Food,McDonald's - Pioneer Mall,638 Jurong West Street 61 #01-01 Pioneer Mall Singapore 640638,West,"Lower in calories, Higher in wholegrains and lower in calories",640638
Hanbaobao Pte. Ltd.,Hanbaobao,Quick Service Restaurant/Fast Food,Halal,Fast Food,McDonald's - Plaza Singapura,68 Orchard Road #B1-23 Plaza Singapura Singapore 238839,Central,"Lower in calories, Higher in wholegrains and lower in calories",238839
Hanbaobao Pte. Ltd.,Hanbaobao,Quick Service Restaurant/Fast Food,Halal,Fast Food,McDonald's - Potong Pasir,148 Potong Pasir Avenue 1 #01-43 HDB Potong Pasir Singapore 350148,Central,"Lower in calories, Higher in wholegrains and lower in calories",350148
Hanbaobao Pte. Ltd.,Hanbaobao,Quick Service Restaurant/Fast Food,Halal,Fast Food,McDonald's - PSA,460 Alexandra Road #01-25 PSA Building (Alexandra Retail Centre) Singapore 119963,Central,"Lower in calories, Higher in wholegrains and lower in calories",119963
Hanbaobao Pte. Ltd.,Hanbaobao,Quick Service Restaurant/Fast Food,Halal,Fast Food,McDonald's - Punggol Northshore,407 Northshore Drive #02-27/31 Northshore Plaza 1 Singapore 820407,North-East,"Lower in calories, Higher in wholegrains and lower in calories",820407
Hanbaobao Pte. Ltd.,Hanbaobao,Quick Service Restaurant/Fast Food,Halal,Fast Food,McDonald's - Punggol Oasis," Punggol Drive, Oasis Terraces #02-37/38 Singapore 820681",North-East,"Lower in calories, Higher in wholegrains and lower in calories",820681
Hanbaobao Pte. Ltd.,Hanbaobao,Quick Service Restaurant/Fast Food,Halal,Fast Food,McDonald's - Punggol Safra,9 Sentul Crescent #03-05 Punggol Safra Singapore 828654,North-East,"Lower in calories, Higher in wholegrains and lower in calories",828654
Hanbaobao Pte. Ltd.,Hanbaobao,Quick Service Restaurant/Fast Food,Halal,Fast Food,McDonald's - Punggol 21 Community Centre,80 Punggol Field #01-02 Punggol 21 Community Club Singapore 828815,North-East,"Lower in calories, Higher in wholegrains and lower in calories",828815
Hanbaobao Pte. Ltd.,Hanbaobao,Quick Service Restaurant/Fast Food,Halal,Fast Food,McDonald's - REGAL,3501 Jalan Bukit Merah #01-01 Singapore 159460,Central,"Lower in calories, Higher in wholegrains and lower in calories",159460
Hanbaobao Pte. Ltd.,Hanbaobao,Quick Service Restaurant/Fast Food,Halal,Fast Food,McDonald's - Rivervale Mall,11 Rivervale Crescent #01-27 Rivervale Mall Singapore 545082,North-East,"Lower in calories, Higher in wholegrains and lower in calories",545082
Hanbaobao Pte. Ltd.,Hanbaobao,Quick Service Restaurant/Fast Food,Halal,Fast Food,McDonald's - Safra TPY,293 Toa Payoh Lorong 6 #01-02 Toa Payoh Safra Club House Singapore 319387,Central,"Lower in calories, Higher in wholegrains and lower in calories",319387
Hanbaobao Pte. Ltd.,Hanbaobao,Quick Service Restaurant/Fast Food,Halal,Fast Food,McDonald's - Seletar Mall,33 Sengkang West Ave #01-04 The Seletar Mall Singapore 797653,North-East,"Lower in calories, Higher in wholegrains and lower in calories",797653
Hanbaobao Pte. Ltd.,Hanbaobao,Quick Service Restaurant/Fast Food,Halal,Fast Food,McDonald's - Sembawang Shopping Centre,604 Sembawang Road #01-31 Sembawang Shopping Centre Singapore 758459,North,"Lower in calories, Higher in wholegrains and lower in calories",758459
Hanbaobao Pte. Ltd.,Hanbaobao,Quick Service Restaurant/Fast Food,Halal,Fast Food,McDonald's - Sengkang Grand Mall,70 Compassvale Bow #01-34/36 Sengkang Grand Mall Provisional Singapore 544692,North-East,"Lower in calories, Higher in wholegrains and lower in calories",544692
Hanbaobao Pte. Ltd.,Hanbaobao,Quick Service Restaurant/Fast Food,Halal,Fast Food,McDonald's - Sengkang Rivervale,118 Rivervale Drive #01-32 Rivervale Plaza Singapore 540118,North-East,"Lower in calories, Higher in wholegrains and lower in calories",540118
Hanbaobao Pte. Ltd.,Hanbaobao,Quick Service Restaurant/Fast Food,Halal,Fast Food,McDonald's - Sengkang Sports Complex,57 Anchorvale Road #02-03 Sengkang Sports and Recreation Centre Singapore 544964,North-East,"Lower in calories, Higher in wholegrains and lower in calories",544964
Hanbaobao Pte. Ltd.,Hanbaobao,Quick Service Restaurant/Fast Food,Halal,Fast Food,McDonald's - Senja,642 Senja Close #01-12/16 Singapore 670642,West,"Lower in calories, Higher in wholegrains and lower in calories",670642
Hanbaobao Pte. Ltd.,Hanbaobao,Quick Service Restaurant/Fast Food,Halal,Fast Food,McDonald's - Serangoon Avenue 3,267 Serangoon Avenue 3 #01-37 Serangoon Avenue 3 Food Centre & Market Singapore 550267,North-East,"Lower in calories, Higher in wholegrains and lower in calories",550267
Hanbaobao Pte. Ltd.,Hanbaobao,Quick Service Restaurant/Fast Food,Halal,Fast Food,McDonald's - Shell Havelock,548 Havelock Road Singapore 169637,Central,"Lower in calories, Higher in wholegrains and lower in calories",169637
Hanbaobao Pte. Ltd.,Hanbaobao,Quick Service Restaurant/Fast Food,Halal,Fast Food,McDonald's - Siglap,55 Siglap Road #01-07 Siglap Centre Singapore 455871,East,"Lower in calories, Higher in wholegrains and lower in calories",455871
Hanbaobao Pte. Ltd.,Hanbaobao,Quick Service Restaurant/Fast Food,Halal,Fast Food,McDonald's - Siglap Community Centre,151 Bedok South Road #01-12 Siglap Community Centre Singapore 460151,East,"Lower in calories, Higher in wholegrains and lower in calories",460151
Hanbaobao Pte. Ltd.,Hanbaobao,Quick Service Restaurant/Fast Food,Halal,Fast Food,McDonald's - SpringLeaf Tower,3 Anson Road #01-03 Springleaf Tower Singapore 079909,East,"Lower in calories, Higher in wholegrains and lower in calories",79909
Hanbaobao Pte. Ltd.,Hanbaobao,Quick Service Restaurant/Fast Food,Halal,Fast Food,McDonald's - Sun Plaza,30 Sembawang Drive #01-19 Sun Plaza Singapore 757713,North,"Lower in calories, Higher in wholegrains and lower in calories",757713
Hanbaobao Pte. Ltd.,Hanbaobao,Quick Service Restaurant/Fast Food,Halal,Fast Food,McDonald's - Suntec City,3 Temasek Boulevard #02-732 Suntec City Mall Singapore 038983,Central,"Lower in calories, Higher in wholegrains and lower in calories",38983
Hanbaobao Pte. Ltd.,Hanbaobao,Quick Service Restaurant/Fast Food,Halal,Fast Food,McDonald's - Taman Jurong Shopping Centre,399 Yung Sheng Road #01-23/24 Taman Jurong Shopping Centre Singapore 610399,West,"Lower in calories, Higher in wholegrains and lower in calories",610399
Hanbaobao Pte. Ltd.,Hanbaobao,Quick Service Restaurant/Fast Food,Halal,Fast Food,McDonald's - Tampines,513 Tampines Central 1 #01-150 HDB Tampines Singapore 520513,East,"Lower in calories, Higher in wholegrains and lower in calories",520513
Hanbaobao Pte. Ltd.,Hanbaobao,Quick Service Restaurant/Fast Food,Halal,Fast Food,McDonald's - Tampines (Kiosk),512A Tampines Central 1 #01-K1 Singapore 520512,East,"Lower in calories, Higher in wholegrains and lower in calories",520512
Hanbaobao Pte. Ltd.,Hanbaobao,Quick Service Restaurant/Fast Food,Halal,Fast Food,McDonald's - Tampines East CC,10 Tampines Street 23 #01-01 Tampines East Community Club Singapore 529341,East,"Lower in calories, Higher in wholegrains and lower in calories",529341
Hanbaobao Pte. Ltd.,Hanbaobao,Quick Service Restaurant/Fast Food,Halal,Fast Food,McDonald's - Tampines Greencourt,633 Tampines North Drive 2 #02-03 Singapore 520633,East,"Lower in calories, Higher in wholegrains and lower in calories",520633
Hanbaobao Pte. Ltd.,Hanbaobao,Quick Service Restaurant/Fast Food,Halal,Fast Food,McDonald's - Tampines Green View,614 Tampines North Drive 1 #01-09 Singapore 520614,East,"Lower in calories, Higher in wholegrains and lower in calories",520614
Hanbaobao Pte. Ltd.,Hanbaobao,Quick Service Restaurant/Fast Food,Halal,Fast Food,McDonald's - Tampines Mall,4 Tampines Central 5 #01-33 Tampines Mall Singapore 529510,East,"Lower in calories, Higher in wholegrains and lower in calories",529510
Hanbaobao Pte. Ltd.,Hanbaobao,Quick Service Restaurant/Fast Food,Halal,Fast Food,McDonald's - Tampines Neighborhood 3,5 Tampines Street 32 #01-01 Tampines Mart Singapore 529284,East,"Lower in calories, Higher in wholegrains and lower in calories",529284
Hanbaobao Pte. Ltd.,Hanbaobao,Quick Service Restaurant/Fast Food,Halal,Fast Food,McDonald's - Tampines (Shell),9 Tampines Avenue 2 #01-02 Singapore 529731,East,"Lower in calories, Higher in wholegrains and lower in calories",529731
Hanbaobao Pte. Ltd.,Hanbaobao,Quick Service Restaurant/Fast Food,Halal,Fast Food,McDonald's - Tampines West CC,5 Tampines Avenue 3 #01-07 Tampines West Community Club (CC) Singapore 529705,East,"Lower in calories, Higher in wholegrains and lower in calories",529705
Hanbaobao Pte. Ltd.,Hanbaobao,Quick Service Restaurant/Fast Food,Halal,Fast Food,McDonald's - Tengah,127B Plantation Crescent #01-403 Singapore 692127,West,"Lower in calories, Higher in wholegrains and lower in calories",692127
Hanbaobao Pte. Ltd.,Hanbaobao,Quick Service Restaurant/Fast Food,Halal,Fast Food,McDonald's - Temasek Polytechnic,21 Tampines Avenue 1 #01-02 30B Temasek Polytechnic Singapore 529757,East,"Lower in calories, Higher in wholegrains and lower in calories",529757
Hanbaobao Pte. Ltd.,Hanbaobao,Quick Service Restaurant/Fast Food,Halal,Fast Food,McDonald's - The Metropolis,9 North Buona Vista Drive #01-08 The Metropolis Singapore 138588,Central,"Lower in calories, Higher in wholegrains and lower in calories",138588
Hanbaobao Pte. Ltd.,Hanbaobao,Quick Service Restaurant/Fast Food,Halal,Fast Food,McDonald's - Thomson CC,194 Upper Thomson Road #01-02/03 Thomson Community Club Singapore 574339,Central,"Lower in calories, Higher in wholegrains and lower in calories",574339
Hanbaobao Pte. Ltd.,Hanbaobao,Quick Service Restaurant/Fast Food,Halal,Fast Food,McDonald's - Tiong Bahru Plaza,302 Tiong Bahru Road #01-145 Tiong Bahru Plaza Singapore 168732,Central,"Lower in calories, Higher in wholegrains and lower in calories",168732
Hanbaobao Pte. Ltd.,Hanbaobao,Quick Service Restaurant/Fast Food,Halal,Fast Food,McDonald's - Toa Payoh Central,600 Lorong 4 Toa Payoh #01-02 600 @ Toa Payoh Singapore 319515,Central,"Lower in calories, Higher in wholegrains and lower in calories",319515
Hanbaobao Pte. Ltd.,Hanbaobao,Quick Service Restaurant/Fast Food,Halal,Fast Food,McDonald's - Toa Payoh HDB Center,490 Lorong 6 Toa Payoh #01-11 HDB Hub Singapore 310490,Central,"Lower in calories, Higher in wholegrains and lower in calories",310490
Hanbaobao Pte. Ltd.,Hanbaobao,Quick Service Restaurant/Fast Food,Halal,Fast Food,McDonald's - Toa Payoh Lorong 1,109 Lorong 1 Toa Payoh #01-318 HDB Toa Payoh Singapore 310109,Central,"Lower in calories, Higher in wholegrains and lower in calories",310109
Hanbaobao Pte. Ltd.,Hanbaobao,Quick Service Restaurant/Fast Food,Halal,Fast Food,McDonald's - Trade Hub 21,28 Boon Lay Way #01-173 TradeHub 21 Singapore 609971,West,"Lower in calories, Higher in wholegrains and lower in calories",609971
Hanbaobao Pte. Ltd.,Hanbaobao,Quick Service Restaurant/Fast Food,Halal,Fast Food,McDonald's - United Square,101 Thomson Road #B1-11 United Square Singapore 307591,Central,"Lower in calories, Higher in wholegrains and lower in calories",307591
Hanbaobao Pte. Ltd.,Hanbaobao,Quick Service Restaurant/Fast Food,Halal,Fast Food,McDonald's - Vivocity,1 Harbourfront Walk #B2-44 VivoCity Singapore 098585,Central,"Lower in calories, Higher in wholegrains and lower in calories",98585
Hanbaobao Pte. Ltd.,Hanbaobao,Quick Service Restaurant/Fast Food,Halal,Fast Food,McDonald's - Waterway Point,83 Punggol Central #B2-07 Waterway Point Singapore 828761,North-East,"Lower in calories, Higher in wholegrains and lower in calories",828761
Hanbaobao Pte. Ltd.,Hanbaobao,Quick Service Restaurant/Fast Food,Halal,Fast Food,McDonald's - West Coast Park,71 West Coast Highway #01-00 Mcdonald's @ West Coast Highway Singapore 126844,West,"Lower in calories, Higher in wholegrains and lower in calories",126844
Hanbaobao Pte. Ltd.,Hanbaobao,Quick Service Restaurant/Fast Food,Halal,Fast Food,McDonald's Woodgrove,30 Woodlands Avenue 1 #01-06 The Woodgrove Singapore 739065,North,"Lower in calories, Higher in wholegrains and lower in calories",739065
Hanbaobao Pte. Ltd.,Hanbaobao,Quick Service Restaurant/Fast Food,Halal,Fast Food,McDonald's - Woodlands Civic Centre,900 South Woodlands Drive #01-01 Woodlands Civic Centre Singapore 730900,North,"Lower in calories, Higher in wholegrains and lower in calories",730900
Hanbaobao Pte. Ltd.,Hanbaobao,Quick Service Restaurant/Fast Food,Halal,Fast Food,McDonald's - Woodlands Mart,768 Woodlands Avenue 6 #01-01 Woodlands Mart Singapore 730768,North,"Lower in calories, Higher in wholegrains and lower in calories",730768
Hanbaobao Pte. Ltd.,Hanbaobao,Quick Service Restaurant/Fast Food,Halal,Fast Food,McDonald's - Woodlands North Plaza,883 Woodlands Street 82 #01-468 Singapore 730883,North,"Lower in calories, Higher in wholegrains and lower in calories",730883
Hanbaobao Pte. Ltd.,Hanbaobao,Quick Service Restaurant/Fast Food,Halal,Fast Food,McDonald's - Woodleigh Mall,11 Bidadari Park Drive #B1-11/12 Singapore 367803,Central,"Lower in calories, Higher in wholegrains and lower in calories",367803
Hanbaobao Pte. Ltd.,Hanbaobao,Quick Service Restaurant/Fast Food,Halal,Fast Food,McDonald's - YCK Sports Centre,210 Yio Chu Kang Ave 9 #01-212 Singapore 569777,North-East,"Lower in calories, Higher in wholegrains and lower in calories",569777
Hanbaobao Pte. Ltd.,Hanbaobao,Quick Service Restaurant/Fast Food,Halal,Fast Food,McDonald's - Yishun,369 Sembawang Road #01-01 Shop Houses Singapore 758382,North,"Lower in calories, Higher in wholegrains and lower in calories",758382
Hanbaobao Pte. Ltd.,Hanbaobao,Quick Service Restaurant/Fast Food,Halal,Fast Food,McDonald's - Yishun Blossom Spring,461 Yishun Ave 6 #01-03 Blossom Spring @ Yishun Singapore 762461,North,"Lower in calories, Higher in wholegrains and lower in calories",762461
Hanbaobao Pte. Ltd.,Hanbaobao,Quick Service Restaurant/Fast Food,Halal,Fast Food,McDonald's - Yishun Ring Road,293 Yishun Street 22 #01-237 HDB Yishun Singapore 760293,North,"Lower in calories, Higher in wholegrains and lower in calories",760293
Hanbaobao Pte. Ltd.,Hanbaobao,Quick Service Restaurant/Fast Food,Halal,Fast Food,McDonald's - Yishun Safra,60 Yishun Ave 4 #01-11 Singapore 769027,North,"Lower in calories, Higher in wholegrains and lower in calories",769027
Hanbaobao Pte. Ltd.,Hanbaobao,Quick Service Restaurant/Fast Food,Halal,Fast Food,McDonald's - Vista Point,548 Woodlands Drive 44 #01-20 Vista Point Singapore 730548,North,"Lower in calories, Higher in wholegrains and lower in calories",730548
Hanbaobao Pte. Ltd.,Hanbaobao,Quick Service Restaurant/Fast Food,Halal,Fast Food,McDonald's - V Hotel Lavender,70 Jellicoe Road #01-20 V Hotel Lavender Singapore 020876,Central,"Lower in calories, Higher in wholegrains and lower in calories",20876
Hanbaobao Pte. Ltd.,Hanbaobao,Quick Service Restaurant/Fast Food,Halal,Fast Food,McDonald's - ZhongShan Mall,20 Ah Hood Road #01-16/K3 Zhongshan Mall Singapore 329984,Central,"Lower in calories, Higher in wholegrains and lower in calories",329984
HAN'S (S) PTE. LTD.,Ah Khoo Kopi Toast,Café,,Other,Ah Khoo Kopi Toast @ KINEX Mall,11 Tanjong Katong Rd #B1-K3 KINEX Mall Singapore 436950,East,Lower in calories and sodium,436950
HAN'S (S) PTE. LTD.,Ah Khoo Kopi Toast,Café,,Other,Ah Khoo Kopi Toast @ Our Tampines Hub,1 Tampines Walk #B1-39 Tampines Hub Singapore 528523,East,Lower in calories and sodium,528523
HAN'S (S) PTE. LTD.,Ah Khoo Kopi Toast,Café,,Other,Ah Khoo Kopi Toast @ Sengkang CC,2 Sengkang Square #01-05 Sengkang Community Centre Singapore 545025,North-East,Lower in calories and sodium,545025
HIAP LEE FOOD HOLDINGS PTE. LTD,Jason Niang Dou Fu,Restaurant,Halal,Chinese,Jason Niang Dou Fu,321 Beach Road Singapore 199557,Central,"Lower in calories, Lower in sugar, No added sugar",199557
Hiap Lee Food Holdings Pte. Ltd.,Jason Niang Dou Fu,Restaurant,Halal,Chinese,Jason Niang Dou Fu,321 Beach Road Singapore 199557,Central,"Lower in calories, Lower in sugar",199557
Hockhua Tonic Pte Ltd,Hockhua Tonic,Kiosk,,Drinks,Hockhua Tonic (492 Jurong West),492 Jurong West Street 41 #01-68 Singapore 640492,West,"Lower in sugar, No added sugar",640492
Hockhua Tonic Pte Ltd,Hockhua Tonic,Kiosk,,Drinks,Hockhua Tonic (27 Bendemeer Road),27 Bendemeer Road #01-639 Singapore 330027,Central,"Lower in sugar, No added sugar",330027
Hockhua Tonic Pte Ltd,Hockhua Tonic,Kiosk,,Drinks,Hockhua Tonic (152 Serangoon North),152 Serangoon North Avenue 1 #01-318 Singapore 550152,North-East,"Lower in sugar, No added sugar",550152
Hockhua Tonic Pte Ltd,Hockhua Tonic,Kiosk,,Drinks,Hockhua Tonic (293 Yishun Street 22),293 Yishun Street 22 #01-255 Singapore 760293,North,"Lower in sugar, No added sugar",760293
Hockhua Tonic Pte Ltd,Hockhua Tonic,Kiosk,,Drinks,Hockhua Tonic (Junction 8),9 Bishan Place #B1-09 Junction 8 Shopping Centre Singapore 579837,Central,"Lower in sugar, No added sugar",579837
Hockhua Tonic Pte Ltd,Hockhua Tonic,Kiosk,,Drinks,Hockhua Tonic (101 Yishun Ave 5),101 Yishun Avenue 5 #01-83 Singapore 760101,North,"Lower in sugar, No added sugar",760101
Hockhua Tonic Pte Ltd,Hockhua Tonic,Kiosk,,Drinks,Hockhua Tonic (21 Ghim Moh),21 Ghim Moh Road #01-185 Singapore 270021,Central,"Lower in sugar, No added sugar",270021
Hockhua Tonic Pte Ltd,Hockhua Tonic,Kiosk,,Drinks,Hockhua Tonic (Compass One),1 Sengkang Square #B1-24 Compass One Singapore 545078,North-East,"Lower in sugar, No added sugar",545078
Hockhua Tonic Pte Ltd,Hockhua Tonic,Kiosk,,Drinks,Hockhua Tonic (829 Tampines Street 81),829 Tampines Street 81 #01-290 Singapore 520829,East,"Lower in sugar, No added sugar",520829
Hockhua Tonic Pte Ltd,Hockhua Tonic,Kiosk,,Drinks,Hockhua Tonic (Waterway Point),"83 Punggol Central , WaterTown #B2-30 Waterway Point Singapore 828761",North-East,"Lower in sugar, No added sugar",828761
Hockhua Tonic Pte Ltd,Hockhua Tonic,Kiosk,,Drinks,Hockhua Tonic (Tampines Mall),4 Tampines Central 5 #B1-13A Tampines Mall Singapore 529510,East,"Lower in sugar, No added sugar",529510
Hockhua Tonic Pte Ltd,Hockhua Tonic,Kiosk,,Drinks,Hockhua Tonic (375 Bukit Batok),375 Bukit Batok Street 31 #01-128 Singapore 650375,West,"Lower in sugar, No added sugar",650375
Hockhua Tonic Pte Ltd,Hockhua Tonic,Kiosk,,Drinks,Hockhua Tonic (Thomson Plaza),301 Upper Thomson Road #01-99 Thomson Plaza Singapore 574408,Central,"Lower in sugar, No added sugar",574408
Hockhua Tonic Pte Ltd,Hockhua Tonic,Kiosk,,Drinks,Hockhua Tonic (Sun Plaza),30 Sembawang Drive #B1-24/25 Sun Plaza Singapore 757713,North,"Lower in sugar, No added sugar",757713
Hockhua Tonic Pte Ltd,Hockhua Tonic,Kiosk,,Drinks,Hockhua Tonic (57 Bedok),57 New Upper Changi Road #01-1342 Singapore 461057,East,"Lower in sugar, No added sugar",461057
Hockhua Tonic Pte Ltd,Hockhua Tonic,Kiosk,,Drinks,Hockhua Tonic (Leisure Park),"5 Stadium Walk, Leisure Park Kallang #B1-12, Singapore 397693",Central,"Lower in sugar, No added sugar",397693
Hockhua Tonic Pte Ltd,Hockhua Tonic,Kiosk,,Drinks,Hockhua Tonic (684 Hougang),684 Hougang Avenue 8 #01-961 Singapore 530684,North-East,"Lower in sugar, No added sugar",530684
Hockhua Tonic Pte Ltd,Hockhua Tonic,Kiosk,,Drinks,Hockhua Tonic (19 Marsiling Lane),19 Marsiling Lane #01-297 Singapore 730019,North,"Lower in sugar, No added sugar",730019
Hockhua Tonic Pte Ltd,Hockhua Tonic,Kiosk,,Drinks,Hockhua Tonic (888 Woodlands Drive),888 Woodlands Drive 50 #01-735A 888 Plaza Singapore 730888,North,"Lower in sugar, No added sugar",730888
Hockhua Tonic Pte Ltd,Hockhua Tonic,Kiosk,,Drinks,Hockhua Tonic (Bedok Mall),311 New Upper Changi Road #B2-17/18 Bedok Mall Singapore 467360,East,"Lower in sugar, No added sugar",467360
Hockhua Tonic Pte Ltd,Hockhua Tonic,Kiosk,,Drinks,Hockhua Tonic (118 Rivervale Drive),118 Rivervale Drive #01-26 Rivervale Plaza Singapore 540118,North-East,"Lower in sugar, No added sugar",540118
Hockhua Tonic Pte Ltd,Hockhua Tonic,Kiosk,,Drinks,Hockhua Tonic (631 Bedok Reservoir),631 Bedok Reservoir Road #01-948 Singapore 470631,East,"Lower in sugar, No added sugar",470631
Hockhua Tonic Pte Ltd,Hockhua Tonic,Kiosk,,Drinks,Hockhua Tonic (Zhongshan Mall),20 Ah Hood Road #01-22/23 Zhongshan Mall Singapore 329984,Central,"Lower in sugar, No added sugar",329984
Hockhua Tonic Pte Ltd,Hockhua Tonic,Kiosk,,Drinks,Hockhua Tonic (410 Ang Mo Kio Ave 10),410 Ang Mo Kio Avenue 10 #01-833 Singapore 560410,North-East,"Lower in sugar, No added sugar",560410
Hockhua Tonic Pte Ltd,Hockhua Tonic,Kiosk,,Drinks,Hockhua Tonic (203 Hougang Street 21),203 Hougang Street 21 #01-61 Singapore 530203,North-East,"Lower in sugar, No added sugar",530203
Hockhua Tonic Pte Ltd,Hockhua Tonic,Kiosk,,Drinks,Hockhua Tonic (727 Clementi West),727 Clementi West Street 2 #01-244 Singapore 120727,West,"Lower in sugar, No added sugar",120727
Hockhua Tonic Pte Ltd,Hockhua Tonic,Kiosk,,Drinks,Hockhua Tonic (531 Ang Mo Kio Ave 10),531 Ang Mo Kio Avenue 10 #01-2435 Singapore 560531,North-East,"Lower in sugar, No added sugar",560531
Hockhua Tonic Pte Ltd,Hockhua Tonic,Kiosk,,Drinks,Hockhua Tonic (84 Bedok North),84 Bedok North Street 4 #01-47 Singapore 460084,East,"Lower in sugar, No added sugar",460084
Hockhua Tonic Pte Ltd,Hockhua Tonic,Kiosk,,Drinks,Hockhua Tonic (164 Bukit Merah Central),164 Bukit Merah Central #01-3649 Singapore 150164,Central,"Lower in sugar, No added sugar",150164
Hockhua Tonic Pte Ltd,Hockhua Tonic,Kiosk,,Drinks,Hockhua Tonic (960 Jurong West),960 Jurong West Street 92 #01-170 Singapore 640960,West,"Lower in sugar, No added sugar",640960
Hockhua Tonic Pte Ltd,Hockhua Tonic,Kiosk,,Drinks,HockHua Tonic (Bukit Timah Plaza),1 Jalan Anak Bukit #B2-09/10/11 Bukit Timah Plaza Singapore 588996,Central,"Lower in sugar, No added sugar",588996
Hockhua Tonic Pte Ltd,Hockhua Tonic,Kiosk,,Drinks,Hockhua Tonic (Hougang 1),1 Hougang Street 91 #01-09/10 Hougang 1 Singapore 538692,North-East,"Lower in sugar, No added sugar",538692
Hockhua Tonic Pte Ltd,Hockhua Tonic,Kiosk,,Drinks,Hockhua Tonic (Tiong Bahru Plaza),302 Tiong Bahru Road #B1-129 Tiong Bahru Plaza Singapore 168732,Central,"Lower in sugar, No added sugar",168732
Hockhua Tonic Pte Ltd,Hockhua Tonic,Kiosk,,Drinks,Hockhua Tonic (Wisteria Mall),598 Yishun Ring Road #01-03/04 Wisteria Mall Singapore 768698,North,"Lower in sugar, No added sugar",768698
Hockhua Tonic Pte Ltd,Hockhua Tonic,Kiosk,,Drinks,Hockhua Tonic (95 Aljunied Crescent),95 Aljunied Crescent #01-515 Singapore 380095,Central,"Lower in sugar, No added sugar",380095
Hockhua Tonic Pte Ltd,Hockhua Tonic,Kiosk,,Drinks,Hockhua Tonic (West Mall),1 Bukit Batok Central Link #B1-06 West Mall Shopping Centre Singapore 658713,West,"Lower in sugar, No added sugar",658713
Hockhua Tonic Pte Ltd,Hockhua Tonic,Kiosk,,Drinks,Hockhua Tonic (Chinatown Point),133 New Bridge Road #B1-36 Chinatown Point Singapore 059413,Central,"Lower in sugar, No added sugar",59413
Hockhua Tonic Pte Ltd,Hockhua Tonic,Kiosk,,Drinks,Hockhua Herbal Tea (Clementi Mall),3155 Commonwealth Avenue West #B1-05/06 The Clementi Mall Singapore 129588,West,"Lower in sugar, No added sugar",129588
Hockhua Tonic Pte Ltd,Hockhua Tonic,Kiosk,,Drinks,Hockhua Herbal Tea (Hougang Mall),90 Hougang Avenue 10 #B1-13 NTUC Hougang Mall Singapore 538766,North-East,"Lower in sugar, No added sugar",538766
Hockhua Tonic Pte Ltd,Hockhua Tonic,Kiosk,,Drinks,Hockhua Herbal Tea (Northpoint City),930 Yishun Ave 2 #B2-148 Northpoint City Singapore 769098,North,"Lower in sugar, No added sugar",769098
Hockhua Tonic Pte Ltd,Hockhua Tonic,Kiosk,,Drinks,Hockhua Herbal Tea (118 Rivervale Plaza),118 Rivervale Drive #01-K22 Rivervale Plaza Singapore 540118,North-East,"Lower in sugar, No added sugar",540118
Hockhua Tonic Pte Ltd,Hockhua Tonic,Kiosk,,Drinks,Hockhua Herbal Tea (Oasis Terraces),681 Punggol Drive #B1-08 Oasis Terraces Singapore 820681,North-East,"Lower in sugar, No added sugar",820681
Hot Palette (Asia Pacific) Pte Ltd,Hot Palette (Asia Pacific) Pte. Ltd. [Trading as Pepper Kitchen],Brand Chain,Halal,Western,Pepper Kitchen - Toa Payoh,500 Lorong 6 Toa Payoh #02-30 HDB Hub Singapore 310500,Central,"Lower in calories, Lower in calories and sodium",310500
Hot Palette (Asia Pacific) Pte Ltd,Hot Palette (Asia Pacific) Pte. Ltd. [Trading as Pepper Kitchen],Brand Chain,Halal,Western,Pepper Kitchen - Tiong Bahru Plaza,302 Tiong Bahru Road #03-101 Tiong Bahru Plaza Singapore 168732,Central,"Lower in calories, Lower in calories and sodium",168732
Hot Palette (Asia Pacific) Pte Ltd,Hot Palette (Asia Pacific) Pte. Ltd. [Trading as Pepper Kitchen],Brand Chain,Halal,Western,Pepper Kitchen - Takashimaya,391 Orchard Road #B210-3-5 Ngee Ann City Tower A Singapore 238872,Central,"Lower in calories, Lower in calories and sodium",238872
Hot Palette (Asia Pacific) Pte Ltd,Hot Palette (Asia Pacific) Pte. Ltd. [Trading as Pepper Kitchen],Brand Chain,Halal,Western,Pepper Kitchen - Paya Lebar Quarter,10 Paya Lebar Road #04-11 Paya Lebar Quarter Singapore 409057,Central,"Lower in calories, Lower in calories and sodium",409057
Hot Palette (Asia Pacific) Pte Ltd,Hot Palette (Asia Pacific) Pte. Ltd. [Trading as Pepper Kitchen],Brand Chain,Halal,Western,Pepper Kitchen - Marina Bay Sands,2 Bayfront Avenue #B2-50 The Shoppes at Marina Bay Sands Singapore 018972,Central,"Lower in calories, Lower in calories and sodium",18972
Hot Palette (Asia Pacific) Pte Ltd,Hot Palette (Asia Pacific) Pte. Ltd. [Trading as Pepper Kitchen],Brand Chain,Halal,Western,Pepper Kitchen - Great World City,1 Kim Seng Promenade #03-116 Great World City Singapore 237994,Central,"Lower in calories, Lower in calories and sodium",237994
Hot Palette (Asia Pacific) Pte Ltd,Hot Palette (Asia Pacific) Pte. Ltd. [Trading as Pepper Kitchen],Brand Chain,Halal,Western,Pepper Kitchen - Causeway Point,1 Woodlands Square #04-01/04 Causeway Point Singapore 738099,North,"Lower in calories, Lower in calories and sodium",738099
Hot Palette (Asia Pacific) Pte Ltd,Hot Palette (Asia Pacific) Pte. Ltd. [Trading as Pepper Kitchen],Brand Chain,Halal,Western,Pepper Kitchen - 313@somerset,313 Orchard Road #05-01-03 313@somerset Singapore 238895,Central,"Lower in calories, Lower in calories and sodium",238895
Hot Palette (Asia Pacific) Pte Ltd,Hot Palette (Asia Pacific) Pte. Ltd. [Trading as Pepper Kitchen],Brand Chain,Halal,Western,Pepper Kitchen - Ion Orchard,2 Orchard Turn #B4-03/04 ION Orchard Singapore 238801,Central,"Lower in calories, Lower in calories and sodium",238801
Hot Palette (Asia Pacific) Pte Ltd,Hot Palette (Asia Pacific) Pte. Ltd. [Trading as Pepper Lunch Express],Brand Chain,Halal,Western,Pepper Lunch Express - West Mall,1 Bukit Batok Central Link #04-01 West Mall Singapore 658713,West,"Lower in calories, Lower in calories and sodium",658713
Hot Palette (Asia Pacific) Pte Ltd,Hot Palette (Asia Pacific) Pte. Ltd. [Trading as Pepper Lunch Express],Brand Chain,Halal,Western,Pepper Lunch Express - Waterway Point,83 Punggol Central #02-20/21 Waterway Point Singapore 828761,North-East,"Lower in calories, Lower in calories and sodium",828761
Hot Palette (Asia Pacific) Pte Ltd,Hot Palette (Asia Pacific) Pte. Ltd. [Trading as Pepper Lunch Express],Brand Chain,Halal,Western,Pepper Lunch Express - Vivo City,1 HarbourFront Walk #B2-39 Vivo City Singapore 098585,Central,"Lower in calories, Lower in calories and sodium",98585
Hot Palette (Asia Pacific) Pte Ltd,Hot Palette (Asia Pacific) Pte. Ltd. [Trading as Pepper Lunch Express],Brand Chain,Halal,Western,Pepper Lunch Express - United Square,101 Thomson Road United Square Singapore 307591,Central,"Lower in calories, Lower in calories and sodium",307591
Hot Palette (Asia Pacific) Pte Ltd,Hot Palette (Asia Pacific) Pte. Ltd. [Trading as Pepper Lunch Express],Brand Chain,Halal,Western,Pepper Lunch Express - Sun Plaza,30 Sembawang Drive #03-01 Sun Plaza Singapore 757713,North,"Lower in calories, Lower in calories and sodium",757713
Hot Palette (Asia Pacific) Pte Ltd,Hot Palette (Asia Pacific) Pte. Ltd. [Trading as Pepper Lunch Express],Brand Chain,Halal,Western,Pepper Lunch Express - Serangoon NEX,23 Serangoon Central #04-36/37 NEX Singapore 556083,North-East,"Lower in calories, Lower in calories and sodium",556083
Hot Palette (Asia Pacific) Pte Ltd,Hot Palette (Asia Pacific) Pte. Ltd. [Trading as Pepper Lunch Express],Brand Chain,Halal,Western,Pepper Lunch Express - Plaza Singapura,68 Orchard Road #06-15-17 Plaza Singapura Singapore 238839,Central,"Lower in calories, Lower in calories and sodium",238839
Hot Palette (Asia Pacific) Pte Ltd,Hot Palette (Asia Pacific) Pte. Ltd. [Trading as Pepper Lunch Express],Brand Chain,Halal,Western,Pepper Lunch Express - Northpoint,930 Yishun Avenue 2 #B1-12 Northpoint Singapore 769098,North,"Lower in calories, Lower in calories and sodium",769098
Hot Palette (Asia Pacific) Pte Ltd,Hot Palette (Asia Pacific) Pte. Ltd. [Trading as Pepper Lunch Express],Brand Chain,Halal,Western,Pepper Lunch Express - Lot 1,21 Chua Chu Kang Avenue 4 #04-15/16 Lot 1 Shopper's Mall Singapore 689812,West,"Lower in calories, Lower in calories and sodium",689812
Hot Palette (Asia Pacific) Pte Ltd,Hot Palette (Asia Pacific) Pte. Ltd. [Trading as Pepper Lunch Express],Brand Chain,Halal,Western,Pepper Lunch Express - Junction 8,9 Bishan Place #04-01 Junction 8 Shopping Centre Singapore 579837,Central,"Lower in calories, Lower in calories and sodium",579837
Hot Palette (Asia Pacific) Pte Ltd,Hot Palette (Asia Pacific) Pte. Ltd. [Trading as Pepper Lunch Express],Brand Chain,Halal,Western,Pepper Lunch Express - Hillion Mall,15 Petir Road #02-15-23 Hillion Mall Singapore 678278,West,"Lower in calories, Lower in calories and sodium",678278
Hot Palette (Asia Pacific) Pte Ltd,Hot Palette (Asia Pacific) Pte. Ltd. [Trading as Pepper Lunch Express],Brand Chain,Halal,Western,Pepper Lunch Express - Asia Square,12 Marina View #02-03 Asia Square Tower 2 Singapore 018961,Central,"Lower in calories, Lower in calories and sodium",18961
Hot Palette (Asia Pacific) Pte Ltd,Hot Palette (Asia Pacific) Pte. Ltd. [Trading as Pepper Lunch],Restaurant,Halal,Japanese,Pepper Lunch - Woodleigh Mall,11 Bidadari Park Drive #01-54 Woodleigh Mall Singapore 367803,Central,Lower in calories,367803
Hot Palette (Asia Pacific) Pte Ltd,Hot Palette (Asia Pacific) Pte. Ltd. [Trading as Pepper Lunch],Restaurant,Halal,Japanese,Pepper Lunch - Parkway Parade,80 Marine Parade Road #01-35A Singapore 449269,East,Lower in calories,449269
Hot Palette (Asia Pacific) Pte Ltd,Hot Palette (Asia Pacific) Pte. Ltd. [Trading as Pepper Lunch],Restaurant,Halal,Japanese,Pepper Lunch - Serangoon Central (NEX),23 Serangoon Central #B1-45 Singapore 556083,North-East,Lower in calories,556083
Hot Palette (Asia Pacific) Pte Ltd,Hot Palette (Asia Pacific) Pte. Ltd. [Trading as Pepper Lunch],Restaurant,Halal,Japanese,Pepper Lunch - Pasir Ris Mall,7 Pasir Ris Central #B2-26 Pasir Ris Mall Singapore 519612,East,Lower in calories,519612
Hot Palette (Asia Pacific) Pte Ltd,Hot Palette (Asia Pacific) Pte. Ltd. [Trading as Pepper Lunch],Restaurant,Halal,Japanese,Pepper Lunch - Ang Mo Kio,53 Ang Mo Kio Avenue 3 #01-34 AMK Hub Singapore 569933,North-East,Lower in calories,569933
Hot Palette (Asia Pacific) Pte Ltd,Hot Palette (Asia Pacific) Pte. Ltd. [Trading as Pepper Lunch],Restaurant,Halal,Japanese,Pepper Lunch - Bedok Mall,311 New Upper Changi Road #01-05-08 Bedok Mall Singapore 467360,East,Lower in calories,467360
Hot Palette (Asia Pacific) Pte Ltd,Hot Palette (Asia Pacific) Pte. Ltd. [Trading as Pepper Lunch],Restaurant,Halal,Japanese,Pepper Lunch - Compass One,1 Sengkang Square #B1-01 Compass One Singapore 545078,North-East,Lower in calories,545078
Hot Palette (Asia Pacific) Pte Ltd,Hot Palette (Asia Pacific) Pte. Ltd. [Trading as Pepper Lunch],Restaurant,Halal,Japanese,Pepper Lunch - JEM,50 Jurong Gateway Road #04-10-12 JEM Singapore 608549,West,Lower in calories,608549
Hot Palette (Asia Pacific) Pte Ltd,Hot Palette (Asia Pacific) Pte. Ltd. [Trading as Pepper Lunch],Restaurant,Halal,Japanese,Pepper Lunch - Jurong Point,63 Jurong West Central 3 #B1-62/63 Jurong Point Shopping Centre Singapore 648331,West,Lower in calories,648331
Hot Palette (Asia Pacific) Pte Ltd,Hot Palette (Asia Pacific) Pte. Ltd. [Trading as Pepper Lunch],Restaurant,Halal,Japanese,Pepper Lunch - Tampines 1,10 Tampines Central 1 #04-21 Tampines 1 Singapore 529536,East,Lower in calories,529536
HUGABO PTE. LTD.,Hugabo,Kiosk,Halal,Chinese,Hugabo Sun Plaza,30 Sembawang Drive #01-27A Sun Plaza Singapore 757713,North,"Lower in calories, Higher in wholegrains, Higher in wholegrains and lower in calories",757713
HUGABO PTE. LTD.,Hugabo,Kiosk,Halal,Chinese,Hugabo White Sands,1 Pasir Ris Central Street 3 #B1-08 Singapore 518457,East,"Lower in calories, Higher in wholegrains, Higher in wholegrains and lower in calories",518457
HUGABO PTE. LTD.,Hugabo,Kiosk,Halal,Chinese,Hugabo Kent Ridge,1 Lower Kent Ridge Rd #01-29 Singapore 119082,West,"Lower in calories, Higher in wholegrains, Higher in wholegrains and lower in calories",119082
HUGABO PTE. LTD.,Hugabo,Kiosk,Halal,Chinese,Hugabo Causeway Point,1 Woodlands Square #B1-K11 Singapore 738099,North,"Lower in calories, Higher in wholegrains, Higher in wholegrains and lower in calories",738099
HUGABO PTE.LTD,Hugabo,Kiosk,Halal,Chinese,Hugabo - Sun Plaza,30 Sembawang Drive #01-27A Sun Plaza Singapore 757713,North,"Lower in calories, Higher in wholegrains, Higher in wholegrains and lower in calories",757713
HUGABO PTE.LTD,Hugabo,Kiosk,Halal,Chinese,Hugabo - White Sands,1 Pasir Ris Central Street 3 #B1-08 Singapore 518457,East,"Lower in calories, Higher in wholegrains, Higher in wholegrains and lower in calories",518457
HUGABO PTE.LTD,Hugabo,Kiosk,Halal,Chinese,Hugabo - Kent Ridge,1 Lower Kent Ridge Rd #01-29 Singapore 119082,Central,"Lower in calories, Higher in wholegrains, Higher in wholegrains and lower in calories",119082
HUGABO PTE.LTD,Hugabo,Kiosk,Halal,Chinese,Hugabo - Causeway Point,1 Woodlands Square #B1-K11 Singapore 738099,North,"Lower in calories, Higher in wholegrains, Higher in wholegrains and lower in calories",738099
HUGGS COFFEE PTE. LTD.,Huggs Coffee,Café,,Drinks,Huggs Coffee - TTSH,11 Jalan Tan Tock Seng #01-02 TTSH Singapore 308433,Central,"Lower in sugar, No added sugar",308433
Ice Cream Brandz Pte. Ltd.,Gelare,Café,Halal,Drinks,Gelare - Bugis Plus,210 Victoria Street #05-10 Bugis+ Singapore 188067,Central,"Lower in sugar, No added sugar",188067
Ice Cream Brandz Pte. Ltd.,Gelare,Café,Halal,Drinks,Gelare - Cine Leisure,8 Grange Road #02-06A Cathay Cine leisure Singapore 239695,Central,"Lower in sugar, No added sugar",239695
Ice Cream Brandz Pte. Ltd.,Gelare,Café,Halal,Drinks,Gelare - Northpoint City,1 North Point Dr #02-114 Northpoint City Singapore 768019,North,"Lower in sugar, No added sugar",768019
Ice Cream Brandz Pte. Ltd.,Gelare,Café,Halal,Drinks,Gelare - Causeway Point,1 Woodlands Square Level #03-K6/7/8 Causeway Point Singapore 738099,North,"Lower in sugar, No added sugar",738099
Ice Cream Brandz Pte. Ltd.,Gelare,Café,Halal,Drinks,Gelare - Tampines One,10 Tampines Central Tampines 1 #04-K2/3 Singapore 529536,East,"Lower in sugar, No added sugar",529536
Iron Chef F&B Pte. Ltd.,Collin's,Restaurant,,Western,Collin's - Shaw Plaza,"360 Balestiar Road, Shaw Plaza #01-12 Singapore 329783",Central,"Lower in calories, Lower in sugar, No added sugar",329783
Iron Chef F&B Pte. Ltd.,Collin's,Restaurant,,Western,Collin's - Jubilee,"61 Ang Mo Kio Avenue 8 , Jubilee Square #01-07 to 10  Singapore 569814",North-East,"Lower in calories, Lower in sugar, No added sugar",569814
Iron Chef F&B Pte. Ltd.,Collin's,Restaurant,,Western,Collin's - Marina Square,"6 Raffles Boulevard, Marina Square #01-204/205 Singapore 039594",Central,"Lower in calories, Lower in sugar, No added sugar",39594
Iron Chef F&B Pte. Ltd.,Collin's,Restaurant,,Western,Collin's - Cineleisure,"8 Grange Road, Cineleisure Orchard #B1-08/09 Singapore 239695",Central,"Lower in calories, Lower in sugar, No added sugar",239695
Iron Chef F&B Pte. Ltd.,Collin's,Restaurant,,Western,Collin's - Northpoint,"930 Yishun Ave 2, Northpoint City #01-113/114 Singapore 768159",North,"Lower in calories, Lower in sugar, No added sugar",768159
Iron Chef F&B Pte. Ltd.,Collin's,Restaurant,,Western,Collin's - Changi Airport,"65 Airport Boulevard, Changi Airport Terminal 3 #03-21 Mezz South Singapore 819663",East,"Lower in calories, Lower in sugar, No added sugar",819663
Iron Chef F&B Pte. Ltd.,Collin's,Restaurant,,Western,Collin's - Paya Lebar Quarter,"10 Paya Lebar Rd, #B1-01 Paya Lebar Quarter Singapore 409057",Central,"Lower in calories, Lower in sugar, No added sugar",409057
IVEGAN PTE. LTD.,ivegan pte ltd,Restaurant,,Other,thomson plaza outlet,301 upper thomson road #01-109 thomson plaza Singapore 574408,Central,"Lower in calories, Lower in calories and sodium",574408
JP Pepperdine Group,Eatzi Gourmet Steakhouse & Bistro,Restaurant,Halal,Western,Eatzi Gourmet Bistro - SAFRA Yishun,60 Yishun Ave 4 #01-V2 Singapore 769027,North,"Lower in calories, Higher in wholegrains, Lower in sugar, No added sugar, Healthier children's meal",769027
JP Pepperdine Group,Jack's Place,Restaurant,,Western,Jack's Place - Jewel,78 Airport Boulevard #04-219 Jewel Changi Airport Singapore 819666,East,"Lower in calories, Higher in wholegrains, Lower in sugar, No added sugar, Healthier children's meal",819666
JP Pepperdine Group,Jack's Place,Restaurant,,Western,Jack's Place - 321 Clementi,321 Clementi Ave 3 #02-10 321 Clementi Singapore 129905,West,"Lower in calories, Higher in wholegrains, Lower in sugar, No added sugar, Healthier children's meal",129905
JUZ BREAD HOLDING PTE. LTD.,TripletS (Sandwich Salad Soup),Bakery,Halal,"Breads, cakes, cookies, pastries",Juz Bread - Punggol Field,"106A Punggol, Punggol Field #01-550 Singapore 821106",North-East,"Lower in calories, Higher in wholegrains",821106
JUZ BREAD HOLDING PTE. LTD.,TripletS (Sandwich Salad Soup),Bakery,Halal,"Breads, cakes, cookies, pastries",Juz Bread - Pasir Ris West Plaza,"735 Pasir Ris Street, Pasir Ris West Plaza #01-308 Singapore 510735",East,"Lower in calories, Higher in wholegrains",510735
JUZ BREAD HOLDING PTE. LTD.,TripletS (Sandwich Salad Soup),Bakery,Halal,"Breads, cakes, cookies, pastries",Juz Bread - Dover Crescent,28 Dover Crescent #01-95 Singapore 130028,West,"Lower in calories, Higher in wholegrains",130028
JUZ BREAD HOLDING PTE. LTD.,TripletS (Sandwich Salad Soup),Bakery,Halal,"Breads, cakes, cookies, pastries",Juz Bread - Pioneer Mall,"638 Jurong West Street 61, Pioneer Mall #01-08 Singapore 640638",West,"Lower in calories, Higher in wholegrains",640638
JUZ BREAD HOLDING PTE. LTD.,TripletS (Sandwich Salad Soup),Bakery,Halal,"Breads, cakes, cookies, pastries",Juz Bread - Rivervale Mall,"118 Rivervale Drive, Rivervale Mall #01-04 Singapore 540118",North-East,"Lower in calories, Higher in wholegrains",540118
JUZ BREAD HOLDING PTE. LTD.,TripletS (Sandwich Salad Soup),Bakery,Halal,"Breads, cakes, cookies, pastries",Juz Bread - Punggol Central,"301 Punggol Drive, Punggol Central #01-05 Singapore 820301",North-East,"Lower in calories, Higher in wholegrains",820301
JUZ BREAD HOLDING PTE. LTD.,TripletS (Sandwich Salad Soup),Kiosk,Halal,Western,Triplets by Bakery Cuisine - Singapore General Hospital,"4 1 Hospital Drive, Singapore Genral Hospital Level 1 Singapore 169608",Central,"Lower in calories, Higher in wholegrains",169608
JUZ BREAD HOLDING PTE. LTD.,TripletS (Sandwich Salad Soup),Kiosk,Halal,Western,Triplets by Bakery Cuisine - Li Ka Shing Library Building,"70 Stamford Road, Li Ka Shing Library Building #B1-24A Singapore 178901",Central,"Lower in calories, Higher in wholegrains",178901
JUZ BREAD HOLDING PTE. LTD.,TripletS (Sandwich Salad Soup),Kiosk,Halal,Western,Triplets by Bakery Cuisine - KK Women's and Children's Hospital,"100 Bukit Timah Road, KK Women's and Children's Hospital Children Tower #01-23 Singapore 229899",Central,"Lower in calories, Higher in wholegrains",229899
KENTUCKY FRIED CHICKEN MANAGEMENT PTE LTD,KFC,Quick Service Restaurant/Fast Food,Halal,Fast Food,KFC - Gek Poh Ville,1 Jurong West Street 74 #01-02 Gek Poh Ville Community Club Singapore 649149,West,Lower in calories,649149
KENTUCKY FRIED CHICKEN MANAGEMENT PTE LTD,KFC,Quick Service Restaurant/Fast Food,Halal,Fast Food,KFC - HomeTeam NS,2 Bukit Batok West Ave 7 #01-09A Singapore 659003,West,Lower in calories,659003
KENTUCKY FRIED CHICKEN MANAGEMENT PTE LTD,KFC,Quick Service Restaurant/Fast Food,Halal,Fast Food,KFC - Yishun,701A Yishun Avenue 5 #01-02 Singapore 761701,North,Lower in calories,761701
KENTUCKY FRIED CHICKEN MANAGEMENT PTE LTD,KFC,Quick Service Restaurant/Fast Food,Halal,Fast Food,KFC - Canberra Plaza,133 Canberra View #01-09 Singapore 750133,North,Lower in calories,750133
KENTUCKY FRIED CHICKEN MANAGEMENT PTE LTD,KFC,Quick Service Restaurant/Fast Food,Halal,Fast Food,KFC - Admiralty Place,678 Woodlands Ave 6 #01-04 Singapore 731678,North,Lower in calories,731678
KENTUCKY FRIED CHICKEN MANAGEMENT PTE LTD,KFC,Quick Service Restaurant/Fast Food,Halal,Fast Food,KFC - Bukit Merah,162 Bukit Merah Central #01-3555 Singapore 150162,Central,Lower in calories,150162
KENTUCKY FRIED CHICKEN MANAGEMENT PTE LTD,KFC,Quick Service Restaurant/Fast Food,Halal,Fast Food,KFC - Woodlands 888,888 Woodlands Drive 50 #01-729 Singapore 730888,North,Lower in calories,730888
KENTUCKY FRIED CHICKEN MANAGEMENT PTE LTD,KFC,Quick Service Restaurant/Fast Food,Halal,Fast Food,KFC - Singapore Polytechnic,500 Dover Road Canteen 5 Stall 3 Singapore Polytechnic Singapore 139651,Central,Lower in calories,139651
KENTUCKY FRIED CHICKEN MANAGEMENT PTE LTD,KFC,Quick Service Restaurant/Fast Food,Halal,Fast Food,KFC - Woodlands North Plaza,883 Woodlands Street 82 #01-472 Woodlands North Plaza Singapore 730883,North,Lower in calories,730883
KENTUCKY FRIED CHICKEN MANAGEMENT PTE LTD,KFC,Quick Service Restaurant/Fast Food,Halal,Fast Food,KFC - Punggol Oasis Terraces,681 Punggol Drive #01-13 Punggol Oasis Terraces Singapore 820861,North-East,Lower in calories,820861
KENTUCKY FRIED CHICKEN MANAGEMENT PTE LTD,KFC,Quick Service Restaurant/Fast Food,Halal,Fast Food,KFC - Nanyang Community Centre,60 Jurong West Street 91 #01-02 Singapore 649040,West,Lower in calories,649040
KENTUCKY FRIED CHICKEN MANAGEMENT PTE LTD,KFC,Quick Service Restaurant/Fast Food,Halal,Fast Food,KFC - Tampines New Town,139 Tampines Street 11 #01-66 Singapore 521139,East,Lower in calories,521139
KENTUCKY FRIED CHICKEN MANAGEMENT PTE LTD,KFC,Quick Service Restaurant/Fast Food,Halal,Fast Food,KFC - Sengkang,118 Rivervale Drive #01-31 Sengkang New Town Singapore 540118,North-East,Lower in calories,540118
KENTUCKY FRIED CHICKEN MANAGEMENT PTE LTD,KFC,Quick Service Restaurant/Fast Food,Halal,Fast Food,KFC - Yung Ho,18 Yung Ho Road Singapore 618591,West,Lower in calories,618591
KENTUCKY FRIED CHICKEN MANAGEMENT PTE LTD,KFC,Quick Service Restaurant/Fast Food,Halal,Fast Food,KFC - Potong Pasir Community Centre,6 Potong Pasir Avenue 2 Potong Pasir Community Club Singapore 358361,Central,Lower in calories,358361
KENTUCKY FRIED CHICKEN MANAGEMENT PTE LTD,KFC,Quick Service Restaurant/Fast Food,Halal,Fast Food,KFC - Greenridge,524A Jelapang Road #01-04 Singapore 671524,West,Lower in calories,671524
KENTUCKY FRIED CHICKEN MANAGEMENT PTE LTD,KFC,Quick Service Restaurant/Fast Food,Halal,Fast Food,KFC - Jurong East II,21 Jurong East Street 31 #02-01 Jurong East Sports & Recreation Centre Singapore 609517,West,Lower in calories,609517
KENTUCKY FRIED CHICKEN MANAGEMENT PTE LTD,KFC,Quick Service Restaurant/Fast Food,Halal,Fast Food,KFC - Kallang Stadium,190 Stadium Boulevard Singapore 397800,Central,Lower in calories,397800
KENTUCKY FRIED CHICKEN MANAGEMENT PTE LTD,KFC,Quick Service Restaurant/Fast Food,Halal,Fast Food,Gek Poh Ville,1 Jurong West Street 74 #01-02 Gek Poh Ville Community Club Singapore 649149,West,Lower in calories,649149
KENTUCKY FRIED CHICKEN MANAGEMENT PTE LTD,KFC,Quick Service Restaurant/Fast Food,Halal,Fast Food,HomeTeam NS,2 Bukit Batok West Ave 7 #01-09A Singapore 659003,West,Lower in calories,659003
KENTUCKY FRIED CHICKEN MANAGEMENT PTE LTD,KFC,Quick Service Restaurant/Fast Food,Halal,Fast Food,Yishun,701A Yishun Avenue 5 #01-02 Singapore 761701,North,Lower in calories,761701
KENTUCKY FRIED CHICKEN MANAGEMENT PTE LTD,KFC,Quick Service Restaurant/Fast Food,Halal,Fast Food,Canberra Plaza,133 Canberra View #01-09 Singapore 750133,North,Lower in calories,750133
KENTUCKY FRIED CHICKEN MANAGEMENT PTE LTD,KFC,Quick Service Restaurant/Fast Food,Halal,Fast Food,Admiralty Place,678 Woodlands Ave 6 #01-04 Singapore 731678,North,Lower in calories,731678
KENTUCKY FRIED CHICKEN MANAGEMENT PTE LTD,KFC,Quick Service Restaurant/Fast Food,Halal,Fast Food,Bukit Merah,162 Bukit Merah Central #01-3555 Singapore 150162,Central,Lower in calories,150162
KENTUCKY FRIED CHICKEN MANAGEMENT PTE LTD,KFC,Quick Service Restaurant/Fast Food,Halal,Fast Food,Woodlands 888,888 Woodlands Drive 50 #01-729 Singapore 730888,North,Lower in calories,730888
KENTUCKY FRIED CHICKEN MANAGEMENT PTE LTD,KFC,Quick Service Restaurant/Fast Food,Halal,Fast Food,Singapore Polytechnic,500 Dover Road Canteen 5 Stall 3 Singapore Polytechnic Singapore 139651,West,Lower in calories,139651
KENTUCKY FRIED CHICKEN MANAGEMENT PTE LTD,KFC,Quick Service Restaurant/Fast Food,Halal,Fast Food,Woodlands North Plaza,883 Woodlands Street 82 #01-472 Woodlands North Plaza Singapore 730883,North,Lower in calories,730883
KENTUCKY FRIED CHICKEN MANAGEMENT PTE LTD,KFC,Quick Service Restaurant/Fast Food,Halal,Fast Food,Punggol Oasis Terraces,681 Punggol Drive #01-13 Punggol Oasis Terraces Singapore 820861,North-East,Lower in calories,820861
KENTUCKY FRIED CHICKEN MANAGEMENT PTE LTD,KFC,Quick Service Restaurant/Fast Food,Halal,Fast Food,Nanyang Community Centre,60 Jurong West Street 91 #01-02 Singapore 649040,West,Lower in calories,649040
KENTUCKY FRIED CHICKEN MANAGEMENT PTE LTD,KFC,Quick Service Restaurant/Fast Food,Halal,Fast Food,Tampines New Town,139 Tampines Street 11 #01-66 Singapore 521139,East,Lower in calories,521139
KENTUCKY FRIED CHICKEN MANAGEMENT PTE LTD,KFC,Quick Service Restaurant/Fast Food,Halal,Fast Food,Sengkang,118 Rivervale Drive #01-31 Sengkang New Town Singapore 540118,North-East,Lower in calories,540118
KENTUCKY FRIED CHICKEN MANAGEMENT PTE LTD,KFC,Quick Service Restaurant/Fast Food,Halal,Fast Food,Yung Ho,18 Yung Ho Road Singapore 618591,West,Lower in calories,618591
KENTUCKY FRIED CHICKEN MANAGEMENT PTE LTD,KFC,Quick Service Restaurant/Fast Food,Halal,Fast Food,Potong Pasir Community Centre,6 Potong Pasir Avenue 2 Potong Pasir Community Club Singapore 358361,Central,Lower in calories,358361
KENTUCKY FRIED CHICKEN MANAGEMENT PTE LTD,KFC,Quick Service Restaurant/Fast Food,Halal,Fast Food,Greenridge,524A Jelapang Road #01-04 Singapore 671524,West,Lower in calories,671524
KENTUCKY FRIED CHICKEN MANAGEMENT PTE LTD,KFC,Quick Service Restaurant/Fast Food,Halal,Fast Food,Kallang Stadium,190 Stadium Boulevard Singapore 397800,Central,Lower in calories,397800
KNK FOOD FUSION,each a cup,Kiosk,,Bubble Tea,Each-A-Cup - AMK Hub,53 Ang Mo Kio Avenue 3 #B2-32 AMK Hub Singapore 569933,North-East,Lower in sugar,569933
KNK FOOD FUSION,each a cup,Kiosk,,Bubble Tea,Each-A-Cup - Anchorvale Road,308 Anchorvale Road #01-06 Singapore 540308,North-East,Lower in sugar,540308
KNK FOOD FUSION,each a cup,Kiosk,,Bubble Tea,Each-a-Cup - Ang Mo Kio Ave 10,448 Ang Mo Kio Ave 10 #01-1707 Singapore 560448,North-East,Lower in sugar,560448
KNK FOOD FUSION,each a cup,Kiosk,,Bubble Tea,Each-A-Cup - Bangkit Road,257 Bangkit Road #01-57 Singapore 670257,West,Lower in sugar,670257
KNK FOOD FUSION,each a cup,Kiosk,,Bubble Tea,Each-a-Cup - Bedok 208,208 New Upper Changi Rd #01-697 Singapore 460208,East,Lower in sugar,460208
KNK FOOD FUSION,each a cup,Kiosk,,Bubble Tea,Each-a-Cup - Bedok 539,539 Bedok North St 3 #01-611 Singapore 460539,East,Lower in sugar,460539
KNK FOOD FUSION,each a cup,Kiosk,,Bubble Tea,Each-a-Cup - Bedok 89,89 Bedok North St 4 #01-81 Singapore 460089,East,Lower in sugar,460089
KNK FOOD FUSION,each a cup,Kiosk,,Bubble Tea,Each-A-Cup - Bedok Reservoir 746,746 Bedok Reservoir Road #01-3011 Singapore 470746,East,Lower in sugar,470746
KNK FOOD FUSION,each a cup,Kiosk,,Bubble Tea,Each-A-Cup - Bedok Reservoir Road,632 Bedok Reservoir Road #01-874 Singapore 470632,East,Lower in sugar,470632
KNK FOOD FUSION,each a cup,Kiosk,,Bubble Tea,Each-A-Cup - Bedok Road,353 Bedok Road Singapore 469541,East,Lower in sugar,469541
KNK FOOD FUSION,each a cup,Kiosk,,Bubble Tea,Each-A-Cup - Bukit Batok Street 11,153 Bukit Batok Street 11 #01-284 Singapore 650153,West,Lower in sugar,650153
KNK FOOD FUSION,each a cup,Kiosk,,Bubble Tea,Each-A-Cup - Bukit Merah View,116 Bukit Merah View #01-245 Singapore 151116,Central,Lower in sugar,151116
KNK FOOD FUSION,each a cup,Kiosk,,Bubble Tea,Each-a-Cup - Bukit Panjang Integrated Transport Hub,15 Petir Road #01-61 Bukit Panjang ITH Singapore 678270,West,Lower in sugar,678270
KNK FOOD FUSION,each a cup,Kiosk,,Bubble Tea,Each-A-Cup - Causeway Point,1 Woodlands Square #B1-K19 Causeway Point Singapore 738099,North,Lower in sugar,738099
KNK FOOD FUSION,each a cup,Kiosk,,Bubble Tea,Each-A-Cup - Changi Village,1 Changi Village Road #01-2048 Singapore 500001,East,Lower in sugar,500001
KNK FOOD FUSION,each a cup,Kiosk,,Bubble Tea,Each-A-Cup - Dawson 85,85 Dawson Road #01-03 Singapore 141085,Central,Lower in sugar,141085
KNK FOOD FUSION,each a cup,Kiosk,,Bubble Tea,Each-a-Cup - Dover MRT Station,200 Commonwealth Ave West #02-02 Dover MRT Singapore 138677,Central,Lower in sugar,138677
KNK FOOD FUSION,each a cup,Kiosk,,Bubble Tea,Each-a-Cup - E! Avenue,1 Pasir Ris Close #02-K2 E! Avenue Singapore 519599,East,Lower in sugar,519599
KNK FOOD FUSION,each a cup,Kiosk,,Bubble Tea,Each-a-Cup - Holland Village MRT,200 Holland Avenue #B1- 12  Holland Village MRT Station Singapore 278995,Central,Lower in sugar,278995
KNK FOOD FUSION,each a cup,Kiosk,,Bubble Tea,Each-A-Cup - Hougang Ave 1,106 Hougang Ave 1 #01-1229 Singapore 530106,North-East,Lower in sugar,530106
KNK FOOD FUSION,each a cup,Kiosk,,Bubble Tea,Each-a-Cup - ION Orchard,2 Orchard Turn #B4-69 ION Orchard Singapore 238801,Central,Lower in sugar,238801
KNK FOOD FUSION,each a cup,Kiosk,,Bubble Tea,Each-a-Cup - ITE College West,1 Choa Chu Kang Grove #05-01 ITE College West Singapore 688236,West,Lower in sugar,688236
KNK FOOD FUSION,each a cup,Kiosk,,Bubble Tea,Each-A-Cup - Jalan Kayu,256 Jalan Kayu Singapore 799481,North-East,Lower in sugar,799481
KNK FOOD FUSION,each a cup,Kiosk,,Bubble Tea,Each-A-Cup - Jurong East 345,345 Jurong East Street 31 #01-15 Singapore 600345,West,Lower in sugar,600345
KNK FOOD FUSION,each a cup,Kiosk,,Bubble Tea,Each-A-Cup - Jurong West Ave 1,503 Jurong West Avenue 1 #01-831 Singapore 640503,West,Lower in sugar,640503
KNK FOOD FUSION,each a cup,Kiosk,,Bubble Tea,Each-A-Cup - Marsiling Rise,132 Marsiling Rise #01-214 Singapore 730132,West,Lower in sugar,730132
KNK FOOD FUSION,each a cup,Kiosk,,Bubble Tea,Each-A-Cup - New Upper Changi Road,59 New Upper Changi Road #01-1254 Singapore 461059,East,Lower in sugar,461059
KNK FOOD FUSION,each a cup,Kiosk,,Bubble Tea,Each-a-Cup - Ng Teng Fong Hospital,"1 Jurong East St 21 #02-27 Tower A, Ng Teng Fong Hospital Singapore 609606",West,Lower in sugar,609606
KNK FOOD FUSION,each a cup,Kiosk,,Bubble Tea,Each-a-Cup - NTU Northspine Plaza,50 Nanyang Avenue NS3-01-21 NTU Northspine Plaza Singapore 639798,West,Lower in sugar,639798
KNK FOOD FUSION,each a cup,Kiosk,,Bubble Tea,Each-a-Cup - Pasir Ris Drive 6,443 Pasir Ris Drive 6 #01-14 Singapore 510443,East,Lower in sugar,510443
KNK FOOD FUSION,each a cup,Kiosk,,Bubble Tea,Each-a-Cup - Pasir Ris West Plaza,735 Pasir Ris St 72 #01-360 West Plaza Singapore 510735,East,Lower in sugar,510735
KNK FOOD FUSION,each a cup,Kiosk,,Bubble Tea,Each-A-Cup - Punggol 612,612 Punggol Drive #01-02 Singapore 820612,North-East,Lower in sugar,820612
KNK FOOD FUSION,each a cup,Kiosk,,Bubble Tea,Each-A-Cup - Punggol Central,301 Punggol Central #01-05 Singapore 820301,North-East,Lower in sugar,820301
KNK FOOD FUSION,each a cup,Kiosk,,Bubble Tea,Each-a-Cup - Rivervale Mall,11 Rivervale Crescent #01-22 Rivervale Mall Singapore 545082,North-East,Lower in sugar,545082
KNK FOOD FUSION,each a cup,Kiosk,,Bubble Tea,Each-a-Cup - Senja - Cashew CC,101 Bukit Panjang Road #01-03 Senja Cashew CC Singapore 679910,West,Lower in sugar,679910
KNK FOOD FUSION,each a cup,Kiosk,,Bubble Tea,Each-A-Cup - Serangoon North Ave 1,153 Serangoon North Ave 1 #01-484 Singapore 550153,North-East,Lower in sugar,550153
KNK FOOD FUSION,each a cup,Kiosk,,Bubble Tea,Each-A-Cup - Sumang 218,218 Sumang Walk #01-07 Singapore 821217,North-East,Lower in sugar,821217
KNK FOOD FUSION,each a cup,Kiosk,,Bubble Tea,Each-a-Cup - Tampines 201E,201E Tampines St 23 #01-102 Singapore 527201,East,Lower in sugar,527201
KNK FOOD FUSION,each a cup,Kiosk,,Bubble Tea,Each-a-Cup - Tampines 802,802 Tampines Ave 4 #01-19B Singapore 520802,East,Lower in sugar,520802
KNK FOOD FUSION,each a cup,Kiosk,,Bubble Tea,Each-a-Cup - Tampines St 43,"477 Tampines St 43, #01-174 Singapore 520477",East,Lower in sugar,520477
KNK FOOD FUSION,each a cup,Kiosk,,Bubble Tea,Each-A-Cup - Telok Blangah,78A Telok Blangah St 32 #01-10 Singapore 101078,Central,Lower in sugar,101078
KNK FOOD FUSION,each a cup,Kiosk,,Bubble Tea,Each-a-Cup - The Poiz Centre,51 Upper Serangoon Road #01-10 The POIZ Centre Singapore 347697,North-East,Lower in sugar,347697
KNK FOOD FUSION,each a cup,Kiosk,,Bubble Tea,Each-A-Cup - Toa Payoh Central,177 Toa Payoh Central #01-154 Singapore 310177,Central,Lower in sugar,310177
KNK FOOD FUSION,each a cup,Kiosk,,Bubble Tea,Each-a-Cup - Ubi Ave 1," 306 Ubi Ave 1, #01-195, Singapore 400306",Central,Lower in sugar,400306
KNK FOOD FUSION,each a cup,Kiosk,,Bubble Tea,Each-a-Cup - Wisteria Mall,598 Yishun Ring Road #01-22 Wisteria Mall Singapore 768698,North,Lower in sugar,768698
KNK FOOD FUSION,each a cup,Kiosk,,Bubble Tea,Each-A-Cup - Woodlands Drive 50,888 Woodlands Drive 50 #01-747 888 Plaza Singapore 730888,North,Lower in sugar,730888
KNK FOOD FUSION,each a cup,Kiosk,,Bubble Tea,Each-A-Cup - Woodlands South MRT,30 Woodlands Drv 17 #B1-02 Singapore 737741,North,Lower in sugar,737741
KNK FOOD FUSION,each a cup,Kiosk,,Bubble Tea,Each-A-Cup - Yishun Ave 11,417 Yishun Ave 11 #01-347 Yishun Mall Singapore 760417,North,Lower in sugar,760417
KNK FOOD FUSION,each a cup,Kiosk,,Bubble Tea,Each-A-Cup - Yishun Street 22,293 Yishun Street 22 #01-249 Singapore 760293,North,Lower in sugar,760293
KOI The Singapore Pte. Ltd.,KOI,Kiosk,,Bubble Tea,KOI - Toa Payoh Hub,490 Lorong 6 Toa Payoh #01-23 Singapore 310490,Central,Lower in sugar,310490
KOI The Singapore Pte. Ltd.,KOI,Kiosk,,Bubble Tea,KOI - Bugis+,"201 Victoria Street, Bugis +, #01-01 Singapore 188067",Central,Lower in sugar,188067
KOI The Singapore Pte. Ltd.,KOI,Kiosk,,Bubble Tea,KOI - Tampines,510 Tampines Central 1 #01-250 Singapore 520510,East,Lower in sugar,520510
KOI The Singapore Pte. Ltd.,KOI,Kiosk,,Bubble Tea,KOI - Bedok Mall,311 New Upper Changi Road Bedok Mall #01-97 Singapore 467360,East,Lower in sugar,467360
KOI The Singapore Pte. Ltd.,KOI,Kiosk,,Bubble Tea,KOI - Compass One,"1 Sengkang Square, Compass One Mall #01-19 Singapore 545078",North-East,Lower in sugar,545078
KOI The Singapore Pte. Ltd.,KOI,Kiosk,,Bubble Tea,KOI - Yishun 10 Multiplex,51 Yishun Central 1 Yishun 10 Multiplex (GV Yishun) #01-02 Singapore 768794,North,Lower in sugar,768794
KOI The Singapore Pte. Ltd.,KOI,Kiosk,,Bubble Tea,KOI - Buona Vista MRT,100 North Buona Vista Road Buona Vista MRT #01-02 Singapore 139345,Central,Lower in sugar,139345
KOI The Singapore Pte. Ltd.,KOI,Kiosk,,Bubble Tea,KOI - Millenia Walk,9 Raffles Boulevard Millenia Walk Shopping Mall #01-85 Singapore 039596,Central,Lower in sugar,39596
KOI The Singapore Pte. Ltd.,KOI,Kiosk,,Bubble Tea,KOI - Vivo City,1 Harbourfront Walk VivoCity Shopping Mall #B2-06B Singapore 098585,Central,Lower in sugar,98585
KOI The Singapore Pte. Ltd.,KOI,Kiosk,,Bubble Tea,KOI - 313@Somerset,313 Orchard Road 313@Somerset #B3-51 Singapore 238895,Central,Lower in sugar,238895
KOI The Singapore Pte. Ltd.,KOI,Kiosk,,Bubble Tea,KOI - Plaza Singapura,68 Orchard Road Plaza Singapura #01-68 Singapore 238839,Central,Lower in sugar,238839
KOI The Singapore Pte. Ltd.,KOI,Kiosk,,Bubble Tea,KOI - Changi Airport T3,65 Airport Boulevard Changi Terminal 3 (Airport) #B2-12 Singapore 819663,East,Lower in sugar,819663
KOI The Singapore Pte. Ltd.,KOI,Kiosk,,Bubble Tea,KOI - Serangoon Nex,23 Serangoon Central Serangoon Nex Mall #B1-07 Singapore 556083,North-East,Lower in sugar,556083
KOI The Singapore Pte. Ltd.,KOI,Kiosk,,Bubble Tea,KOI - City Square,180 Kitchener Road City Square Mall #B1-K6 Singapore 208539,Central,Lower in sugar,208539
KOI The Singapore Pte. Ltd.,KOI,Kiosk,,Bubble Tea,KOI - Changi City Point,5 Changi Business Park Central 1 #B1-18 Singapore 486038,East,Lower in sugar,486038
KOI The Singapore Pte. Ltd.,KOI,Kiosk,,Bubble Tea,KOI - Paya Lebar MRT,30 Paya Lebar Rd #01-04 Singapore 409006,Central,Lower in sugar,409006
KOI The Singapore Pte. Ltd.,KOI,Kiosk,,Bubble Tea,KOI - Boon Lay MRT,301 Boon Lay Way #01-34 Boon Lay MRT Singapore 649846,West,Lower in sugar,649846
KOI The Singapore Pte. Ltd.,KOI,Kiosk,,Bubble Tea,KOI - Ang Mo Kio MRT,2450 Ang Mo Kio Avenue 8 #01-05 Ang Mo Kio MRT Station Singapore 569811,North-East,Lower in sugar,569811
KOI The Singapore Pte. Ltd.,KOI,Kiosk,,Bubble Tea,KOI - Bukit Batok MRT,10 Bukit Batok Central Bukit Batok MRT #01-07 Singapore 659958,West,Lower in sugar,659958
KOI The Singapore Pte. Ltd.,KOI,Kiosk,,Bubble Tea,KOI - Seletar Mall,33 Sengkang West Ave #B1-K6 Singapore 797653,North-East,Lower in sugar,797653
KOI The Singapore Pte. Ltd.,KOI,Kiosk,,Bubble Tea,KOI - ION Orchard,2 Orchard Turn #B4-35 Singapore 238801,Central,Lower in sugar,238801
KOI The Singapore Pte. Ltd.,KOI,Kiosk,,Bubble Tea,KOI - Yew Tee MRT,61 Choa Chu Kang Drive #01-03 Singapore 689715,West,Lower in sugar,689715
KOI The Singapore Pte. Ltd.,KOI,Kiosk,,Bubble Tea,KOI - White Sands,1 Pasir Ris Central Street 3 White Sands #01-32 Singapore 518457,East,Lower in sugar,518457
KOI The Singapore Pte. Ltd.,KOI,Kiosk,,Bubble Tea,KOI - Waterway Point,83 Punggol Central Waterway Point #B1-K2 Singapore 828761,North-East,Lower in sugar,828761
KOI The Singapore Pte. Ltd.,KOI,Kiosk,,Bubble Tea,KOI - Chinatown Point,"133 New Bridge Road #01-39, Chinatown Point Singapore 059413",Central,Lower in sugar,59413
KOI The Singapore Pte. Ltd.,KOI,Kiosk,,Bubble Tea,KOI - Eastpoint Mall,3 Simei Street 6 Eastpoint Mall #01-08 Singapore 528833,East,Lower in sugar,528833
KOI The Singapore Pte. Ltd.,KOI,Kiosk,,Bubble Tea,KOI - Woodlands MRT,30 Woodlands Avenue 2 #01-16 Singapore 738343,North,Lower in sugar,738343
KOI The Singapore Pte. Ltd.,KOI,Kiosk,,Bubble Tea,KOI - Jurong Point,"1 Jurong West Central 2 #02-41C, Jurong Point Singapore 648886",West,Lower in sugar,648886
KOI The Singapore Pte. Ltd.,KOI,Kiosk,,Bubble Tea,KOI - Hillion Mall,17 Petir Road Hillion Mall #B2-53 Singapore 678278,West,Lower in sugar,678278
KOI The Singapore Pte. Ltd.,KOI,Kiosk,,Bubble Tea,KOI - Novena Square,238 Thomson Road #01-61 Novena Square Singapore 307683,Central,Lower in sugar,307683
KOI The Singapore Pte. Ltd.,KOI,Kiosk,,Bubble Tea,KOI - Tampines Mall,4 Tampines Central 5 #02-K3B Singapore 529510,East,Lower in sugar,529510
KOI The Singapore Pte. Ltd.,KOI,Kiosk,,Bubble Tea,KOI - Harbourfront Centre,1 Maritime Square Harbourfront Centre #01-67A Singapore 099253,Central,Lower in sugar,99253
KOI The Singapore Pte. Ltd.,KOI,Kiosk,,Bubble Tea,KOI - Takashimaya,391 Orchard Road #B2-37C Takashimaya Shopping Centre Singapore 238872,Central,Lower in sugar,238872
KOI The Singapore Pte. Ltd.,KOI,Kiosk,,Bubble Tea,KOI - Tiong Bahru Plaza,302 Tiong Bahru Road #01-155 Singapore 168732,Central,Lower in sugar,168732
KOI The Singapore Pte. Ltd.,KOI,Kiosk,,Bubble Tea,KOI - Braddell,109 Lorong 1 Toa Payoh #01-302 Singapore 310109,Central,Lower in sugar,310109
KOI The Singapore Pte. Ltd.,KOI,Kiosk,,Bubble Tea,KOI - Oasis Terrace,681 Punggol Dr #01-30 Oasis Terrace Singapore 820681,North-East,Lower in sugar,820681
KOI The Singapore Pte. Ltd.,KOI,Kiosk,,Bubble Tea,KOI - One Raffles Place,1 Raffles Place #B1-09 Shopping Podium Tower 1 Singapore 048616,Central,Lower in sugar,48616
KOI The Singapore Pte. Ltd.,KOI,Kiosk,,Bubble Tea,KOI - Rivervale Mall,11 Rivervale Crescent #01-04A Rivervale Mall Singapore 545082,North-East,Lower in sugar,545082
KOI The Singapore Pte. Ltd.,KOI,Kiosk,,Bubble Tea,KOI - Suntec City,3 Temasek Boulevard #01-432 Suntec City Mall Singapore 038983,Central,Lower in sugar,38983
KOI The Singapore Pte. Ltd.,KOI,Kiosk,,Bubble Tea,KOI - Sengkang Grand Mall,70 Compassvale Bow #B1-05 Sengkang Grand Mall Singapore 544692,North-East,Lower in sugar,544692
KOI The Singapore Pte. Ltd.,KOI,Kiosk,,Bubble Tea,KOI - Boon Keng,25 Bendemeer Rd #01-583 Bendemeer S Mall Singapore 330025,Central,Lower in sugar,330025
KOI The Singapore Pte. Ltd.,KOI,Kiosk,,Bubble Tea,KOI - Thomson Plaza,301 Upper Thomson Road #01-18 Thomson Plaza Singapore 574408,Central,Lower in sugar,574408
KOI The Singapore Pte. Ltd.,KOI,Kiosk,,Bubble Tea,KOI - Sun Plaza,30 Sembawang Drive #02-09 Sun Plaza Mall Singapore 757713,North,Lower in sugar,757713
KOI The Singapore Pte. Ltd.,KOI,Kiosk,,Bubble Tea,KOI - Aperia Mall,12 12 Kallang Ave #01-27 Aperia Mall Singapore 399511,Central,Lower in sugar,399511
KOI The Singapore Pte. Ltd.,KOI,Kiosk,,Bubble Tea,KOI - Funan,107 North Bridge Rd #B2-K17 Funan Singapore 179105,Central,Lower in sugar,179105
KOI The Singapore Pte. Ltd.,KOI,Kiosk,,Bubble Tea,KOI - The Centrepoint,176 Orchard Rd #B1-K2 The Centrepoint Singapore 238843,Central,Lower in sugar,238843
KOI The Singapore Pte. Ltd.,KOI,Kiosk,,Bubble Tea,KOI - Tampines MRT,20 Tampines Central 1 #01-14 Tampines MRT Station Singapore 529538,East,Lower in sugar,529538
KOI The Singapore Pte. Ltd.,KOI,Kiosk,,Bubble Tea,KOI - Paya Lebar Quarter,10 Paya Lebar Road #B1-02 Paya Lebar Quarter Singapore 409057,Central,Lower in sugar,409057
KOI The Singapore Pte. Ltd.,KOI,Kiosk,,Bubble Tea,KOI - Parkway Parade,80 Marine Parade Road #01-K32 Parkway Parade Singapore 449269,East,Lower in sugar,449269
KOI The Singapore Pte. Ltd.,KOI,Kiosk,,Bubble Tea,KOI - Fernvale Community Club,21 21 Sengkang West Avenue #01-02 Fernvale Community Club Singapore 797650,North-East,Lower in sugar,797650
KOI The Singapore Pte. Ltd.,KOI,Kiosk,,Bubble Tea,KOI - Jewel,78 Airport Boulevard #B2-263 Singapore 819666,East,Lower in sugar,819666
KOI The Singapore Pte. Ltd.,KOI,Kiosk,,Bubble Tea,KOI - Ubi,302 Ubi Avenue 1 #01-35 Singapore 400302,Central,Lower in sugar,400302
KOI The Singapore Pte. Ltd.,KOI,Kiosk,,Bubble Tea,KOI - Northpoint City,1 Northpoint Drive #B2-157 Northpoint City Singapore 768019,North,Lower in sugar,768019
KOI The Singapore Pte. Ltd.,KOI,Kiosk,,Bubble Tea,KOI - Khatib,846 Yishun Ring Road #01-3649 Singapore 760846,North,Lower in sugar,760846
KOI The Singapore Pte. Ltd.,KOI,Kiosk,,Bubble Tea,KOI - Punggol Coast Mall,"84 Punggol Way #01-85 Punggol Coast Mall,Tower 3 Singapore 829911",North-East,Lower in sugar,829911
KOI The Singapore Pte. Ltd.,KOI,Kiosk,,Bubble Tea,KOI - Hillview CC,"1, Hillview Rise #01-K1 Hillview CC Singapore 667970",West,Lower in sugar,667970
KOI The Singapore Pte. Ltd.,KOI,Kiosk,,Bubble Tea,KOI - Square 2,10 Sinaran Drive #B1-115 Square 2 Singapore 307506,Central,Lower in sugar,307506
KOI The Singapore Pte. Ltd.,KOI,Kiosk,,Bubble Tea,KOI - National University Hospital,1 Lower Kent Ridge Road #01-14 NUH Singapore 119082,West,Lower in sugar,119082
KOI The Singapore Pte. Ltd.,KOI,Kiosk,,Bubble Tea,KOI - Downtown East,1 Pasir Ris Close #01-341 Downtown East Singapore 519599,East,Lower in sugar,519599
KOI The Singapore Pte. Ltd.,KOI,Kiosk,,Bubble Tea,KOI - Great World City,1 Kim Seng Promenade #01-125 Great World City Singapore 237994,Central,Lower in sugar,237994
KOI The Singapore Pte. Ltd.,KOI,Kiosk,,Bubble Tea,KOI - Joo Koon MRT,91 Joo Koon Circle #02-02 Joo Koon MRT Singapore 629116,West,Lower in sugar,629116
KOI The Singapore Pte. Ltd.,KOI,Kiosk,,Bubble Tea,KOI - One North MRT,9 Ayer Rajah Avenue #B2-01 One North MRT Station Singapore 138647,West,Lower in sugar,138647
KOI The Singapore Pte. Ltd.,KOI,Kiosk,,Bubble Tea,KOI - Anchorpoint Shopping Centre,"370 Alexandra Rd, Anchorpoint Shopping Centre #01-37 Singapore 151028",Central,Lower in sugar,151028
KOI The Singapore Pte. Ltd.,KOI,Kiosk,,Bubble Tea,KOI - Admiralty Place,678A Woodlands Avenue 6 #01-07A Admiralty Place Singapore 731678,North,Lower in sugar,731678
KOI The Singapore Pte. Ltd.,KOI,Kiosk,,Bubble Tea,KOI - Wisma Atria,435 Orchard Road #B1-03 Wisma Atria Singapore 238877,Central,Lower in sugar,238877
KOI The Singapore Pte. Ltd.,KOI,Kiosk,,Bubble Tea,KOI - Limbang,533 Choa Chu Kang Street 51 #01-24 Singapore 680533,West,Lower in sugar,680533
KOI The Singapore Pte. Ltd.,KOI,Kiosk,,Bubble Tea,KOI - IMM,2 Jurong East Street 21 #01-58 IMM Building Singapore 609601,West,Lower in sugar,609601
KOI The Singapore Pte. Ltd.,KOI,Kiosk,,Bubble Tea,KOI - United Square,101 Thomson Road #B1-60 United Square Singapore 307591,Central,Lower in sugar,307591
KOI The Singapore Pte. Ltd.,KOI,Kiosk,,Bubble Tea,KOI - Holland Village MRT,200 Holland Avenue #B1-06 Holland Village MRT Station Singapore 278995,Central,Lower in sugar,278995
KOI The Singapore Pte. Ltd.,KOI,Kiosk,,Bubble Tea,KOI - Clementi Mall,3155 Commonwealth Ave West #01-04 Clementi Mall Singapore 129588,West,Lower in sugar,129588
KOI The Singapore Pte. Ltd.,KOI,Kiosk,,Bubble Tea,KOI - Redhill MRT,920 Tiong Bahru Rd #01-08 Redhill MRT Singapore 158792,Central,Lower in sugar,158792
KOI The Singapore Pte. Ltd.,KOI,Kiosk,,Bubble Tea,KOI - Woodlands MRT (TEL),11 Woodlands Square #B1-26 Woodlands MRT Station (TEL) Singapore 737736,North,Lower in sugar,737736
KOI The Singapore Pte. Ltd.,KOI,Kiosk,,Bubble Tea,KOI - Paragon,290 Orchard Road #B1-33 Paragon Singapore 238859,Central,Lower in sugar,238859
KOI The Singapore Pte. Ltd.,KOI,Kiosk,,Bubble Tea,KOI - My Village,1 Maju Avenue #01-07 MyVillage Singapore 556679,North-East,Lower in sugar,556679
KOI The Singapore Pte. Ltd.,KOI,Kiosk,,Bubble Tea,KOI - Woodleigh Mall,11 Bidadari Park Drive #B1-K53 The Woodleigh Mall Singapore 367803,Central,Lower in sugar,367803
KOI The Singapore Pte. Ltd.,KOI,Kiosk,,Bubble Tea,KOI - Outram Community Hospital,10 Hospital Boulevard #01-01 Singapore 168582,Central,Lower in sugar,168582
KOI The Singapore Pte. Ltd.,KOI,Kiosk,,Bubble Tea,KOI - Canberra MRT,11 Canberra Link #02-01 Canberra MRT Station Singapore 756972,North,Lower in sugar,756972
KOI The Singapore Pte. Ltd.,KOI,Kiosk,,Bubble Tea,KOI - Heartland Mall,205 Hougang St 21 #01-16 Heartland Mall Kovan Singapore 530205,North-East,Lower in sugar,530205
KOI The Singapore Pte. Ltd.,KOI,Kiosk,,Bubble Tea,KOI - Sengkang General Hospital,1 Anchorvale Street #01-24 Sengkang General Hospital Singapore 544835,North-East,Lower in sugar,544835
KOI The Singapore Pte. Ltd.,KOI,Kiosk,,Bubble Tea,KOI - Bukit Gombak MRT,802 Bukit Batok West Ave 5 #01-15 Singapore 659083,West,Lower in sugar,659083
KOI The Singapore Pte. Ltd.,KOI,Kiosk,,Bubble Tea,KOI - Raffles City Shopping Centre,252 North Bridge Rd #B1-71 Raffles City Shopping Centre Singapore 179103,Central,Lower in sugar,179103
KOI The Singapore Pte. Ltd.,KOI,Kiosk,,Bubble Tea,KOI - Hougang Mall,90 Hougang Avenue 10 #01-15 Hougang Mall Singapore 538766,North-East,Lower in sugar,538766
KOI The Singapore Pte. Ltd.,KOI,Kiosk,,Bubble Tea,KOI - Westgate,3 Gateway Drive #B1-K12 Westgate Singapore 608532,West,Lower in sugar,608532
KOI The Singapore Pte. Ltd.,KOI,Kiosk,,Bubble Tea,KOI - Junction 8,"9 Bishan Place, Junction 8 #02-26 Singapore 579837",Central,Lower in sugar,579837
KOI The Singapore Pte. Ltd.,KOI,Kiosk,,Bubble Tea,KOI - Ang Mo Kio Hub,53 Ang Mo Kio Ave 3 #01-44 Singapore 569933,North-East,Lower in sugar,569933
KOI The Singapore Pte. Ltd.,KOI,Kiosk,,Bubble Tea,KOI - Northshore Plaza I,407 Northshore Drive #01-K3 Northshore Plaza I Singapore 820407,North-East,Lower in sugar,820407
Kuai Le Bei Pte. Ltd.,Happy Cup,Kiosk,,Bubble Tea,Happy Cup - 100AM,100 Tras Street #02-27 100AM Mall Singapore 079027,Central,"Lower in sugar, No added sugar",79027
Kuai Le Bei Pte. Ltd.,Happy Cup,Kiosk,,Bubble Tea,Happy Cup - Funan,107 North Bridge Road #B1-25 Funan Singapore 179105,Central,"Lower in sugar, No added sugar",179105
Kuai Le Bei Pte. Ltd.,Happy Cup,Kiosk,,Bubble Tea,100AM,100 Tras Street #02-27 100AM Mall Singapore 079027,Central,"Lower in sugar, No added sugar",79027
Kuai Le Bei Pte. Ltd.,Happy Cup,Kiosk,,Bubble Tea,Funan,107 North Bridge Road #B1-25 Funan Singapore 179105,Central,"Lower in sugar, No added sugar",179105
Leaf Corner Pte Ltd,Leaf Corner,Restaurant,,Chinese,Leaf Corner - Nanyang,60 Jurong West Street 91 #01-09 Nanyang Community Club Singapore 649040,West,"Lower in calories, Higher in wholegrains and lower in calories, Lower in sugar, No added sugar",649040
LITTLE SAYANG PTE. LTD.,Little Sayang,Restaurant,Halal,Western,Little Sayang,9 Toa Payoh Lorong 8 #01-1209 Toa Payoh Industrial Park Singapore 319061,Central,"Lower in calories, Lower in calories and sodium, Lower in sodium",319061
LUCKIN COFFEE (SGP) PTE. LTD.,Luckin Coffee,Kiosk,,Drinks,Luckin Coffee - 100AM,100 Tras Street #01-13A Singapore 079027,Central,"No added sugar, Lower in sugar",79027
LUCKIN COFFEE (SGP) PTE. LTD.,Luckin Coffee,Kiosk,,Drinks,Luckin Coffee - Tampines Mart,5 Tampines Mart Street 32 #01-14 Singapore 529287,East,"No added sugar, Lower in sugar",529287
LUCKIN COFFEE (SGP) PTE. LTD.,Luckin Coffee,Kiosk,,Drinks,Luckin Coffee - Vivocity,"1 Harbourfront Walk, Vivocity #02-119 Singapore 098585",Central,"No added sugar, Lower in sugar",98585
LUCKIN COFFEE (SGP) PTE. LTD.,Luckin Coffee,Kiosk,,Drinks,Luckin Coffee - Le Quest,4 Bukit Batok Street 41 #01-47 Singapore 657991,West,"No added sugar, Lower in sugar",657991
LUCKIN COFFEE (SGP) PTE. LTD.,Luckin Coffee,Kiosk,,Drinks,Luckin Coffee - Zhongshan Mall,20 Ah Hood Road #01-07 Singapore 329984,Central,"No added sugar, Lower in sugar",329984
LUCKIN COFFEE (SGP) PTE. LTD.,Luckin Coffee,Kiosk,,Drinks,Luckin Coffee - 120 Robinson,120 Robinson Road #01-01 Singapore 068913,Central,"No added sugar, Lower in sugar",68913
LUCKIN COFFEE (SGP) PTE. LTD.,Luckin Coffee,Kiosk,,Drinks,Luckin Coffee - West Mall,1 Bukit Batok Central Link #B1-K22 Singapore 658713,West,"No added sugar, Lower in sugar",658713
LUCKIN COFFEE (SGP) PTE. LTD.,Luckin Coffee,Kiosk,,Drinks,Luckin Coffee - Causeway Point,1 Causeway Square #02-K10 Singapore 738099,North,"No added sugar, Lower in sugar",738099
LUCKIN COFFEE (SGP) PTE. LTD.,Luckin Coffee,Kiosk,,Drinks,Luckin Coffee - Fairprice Hub,"1 Joo Koon Circle, Fairprice Hub #01-41 Singapore 629117",West,"No added sugar, Lower in sugar",629117
LUCKIN COFFEE (SGP) PTE. LTD.,Luckin Coffee,Kiosk,,Drinks,Luckin Coffee - Icon Link,8 Club Street #B2-25 Singapore 069472,Central,"No added sugar, Lower in sugar",69472
LUCKIN COFFEE (SGP) PTE. LTD.,Luckin Coffee,Kiosk,,Drinks,Luckin Coffee - Compass One,"1 Sengkang Square, Compass One #01-23 Singapore 545078",North-East,"No added sugar, Lower in sugar",545078
LUCKIN COFFEE (SGP) PTE. LTD.,Luckin Coffee,Kiosk,,Drinks,Luckin Coffee - Plaza Singapura,68 Orchard Road #B2-64 Singapore 238839,Central,"No added sugar, Lower in sugar",238839
LUCKIN COFFEE (SGP) PTE. LTD.,Luckin Coffee,Kiosk,,Drinks,Luckin Coffee - The Poiz Centre,51 Upper Serangoon Road #01-12 Singapore 347697,North-East,"No added sugar, Lower in sugar",347697
LUCKIN COFFEE (SGP) PTE. LTD.,Luckin Coffee,Kiosk,,Drinks,Luckin Coffee - Hougang 1,"1 Hougang Street 91, Hougang 1 #01-41 Singapore 538692",North-East,"No added sugar, Lower in sugar",538692
LUCKIN COFFEE (SGP) PTE. LTD.,Luckin Coffee,Kiosk,,Drinks,Luckin Coffee - Eastpoint Mall,"3 Simei Street 6, Eastpoint Mall #01-K8 Singapore 528833",East,"No added sugar, Lower in sugar",528833
LUCKIN COFFEE (SGP) PTE. LTD.,Luckin Coffee,Kiosk,,Drinks,Luckin Coffee - Tanah Merah Ferry Terminal,50 Tanah Merah Ferry Road #01-01 Singapore 498833,East,"No added sugar, Lower in sugar",498833
LUCKIN COFFEE (SGP) PTE. LTD.,Luckin Coffee,Kiosk,,Drinks,Luckin Coffee - Changi City Point,5 Changi Business Park Central 1 #01-39 Singapore 486038,East,"No added sugar, Lower in sugar",486038
LUCKIN COFFEE (SGP) PTE. LTD.,Luckin Coffee,Kiosk,,Drinks,Luckin Coffee - SingPost Centre,10 Eunos Road 8 #B1-149 Singapore 408600,East,"No added sugar, Lower in sugar",408600
LUCKIN COFFEE (SGP) PTE. LTD.,Luckin Coffee,Kiosk,,Drinks,Luckin Coffee - Punggol Coast Mall,"88 Punggol Way, Punggol Coast Mall Tower 7 #02-128 Singapore 829913",North-East,"No added sugar, Lower in sugar",829913
LUCKIN COFFEE (SGP) PTE. LTD.,Luckin Coffee,Kiosk,,Drinks,Luckin Coffee - Changi T1 Transit,Changi Airport T1 Departure 80 Airport Boulevard Changi #02-59 Singapore 819642,East,"No added sugar, Lower in sugar",819642
LUCKIN COFFEE (SGP) PTE. LTD.,Luckin Coffee,Kiosk,,Drinks,Luckin Coffee - Sentosa iFly,"43 Siloso Beach Walk, iFly #01-02 Singapore 099010",Central,"No added sugar, Lower in sugar",99010
LUCKIN COFFEE (SGP) PTE. LTD.,Luckin Coffee,Kiosk,,Drinks,Luckin Coffee - Parkway Parade,80 Marine Parade Road #01-16A Singapore 449269,Central,"No added sugar, Lower in sugar",449269
LUCKIN COFFEE (SGP) PTE. LTD.,Luckin Coffee,Kiosk,,Drinks,Luckin Coffee - Tangs Plaza Kiosk,"320 Orchard Road, Tangs Plaza #01-K2 Singapore 238865",Central,"No added sugar, Lower in sugar",238865
LUCKIN COFFEE (SGP) PTE. LTD.,Luckin Coffee,Kiosk,,Drinks,Luckin Coffee - Junction 9,18 Yishun Ave 9 #01-84 Singapore 768897,North,"No added sugar, Lower in sugar",768897
LUCKIN COFFEE (SGP) PTE. LTD.,Luckin Coffee,Kiosk,,Drinks,Luckin Coffee - Rivervale Mall,11 Rivervale Crescent #01-K5 Singapore 545082,North-East,"No added sugar, Lower in sugar",545082
LUCKIN COFFEE (SGP) PTE. LTD.,Luckin Coffee,Kiosk,,Drinks,Luckin Coffee - Geneo,"1B Science Park Drive, GENEO #01-32 Singapore 119315",West,"No added sugar, Lower in sugar",119315
LUCKIN COFFEE (SGP) PTE. LTD.,Luckin Coffee,Kiosk,,Drinks,Luckin Coffee - Woods Square,6 Woodlands Square #01-05 Woods Square Singapore 737737,North,"No added sugar, Lower in sugar",737737
LUCKIN COFFEE (SGP) PTE. LTD.,Luckin Coffee,Kiosk,,Drinks,Luckin Coffee - White Sands,7 Pasir Ris Central #B1-37 White Sands Singapore 519612,East,"No added sugar, Lower in sugar",519612
LUCKIN COFFEE (SGP) PTE. LTD.,Luckin Coffee,Kiosk,,Drinks,Luckin Coffee - Westgate Tower,1 Gateway Drive #02-01 Westgate Tower Singapore 608531,West,"No added sugar, Lower in sugar",608531
LUCKIN COFFEE (SGP) PTE. LTD.,Luckin Coffee,Kiosk,,Drinks,Luckin Coffee - Westgate Mall,1 Gateway Drive #B1-22A Westgate Mall Singapore 608531,West,"No added sugar, Lower in sugar",608531
LUCKIN COFFEE (SGP) PTE. LTD.,Luckin Coffee,Kiosk,,Drinks,Luckin Coffee - Waterway Point,83 Punggol Central #01-K12 Waterway Point West Wing Entrance Atrium Singapore 828761,North-East,"No added sugar, Lower in sugar",828761
LUCKIN COFFEE (SGP) PTE. LTD.,Luckin Coffee,Kiosk,,Drinks,Luckin Coffee - V Hotel Lavender,70 Jellicoe Rd #01-16 V Hotel Lavender Singapore 208767,Central,"No added sugar, Lower in sugar",208767
LUCKIN COFFEE (SGP) PTE. LTD.,Luckin Coffee,Kiosk,,Drinks,Luckin Coffee - UE Square,81 Clemenceau Ave #01-25 UE Square Singapore 239917,Central,"No added sugar, Lower in sugar",239917
LUCKIN COFFEE (SGP) PTE. LTD.,Luckin Coffee,Kiosk,,Drinks,Luckin Coffee - The Strategy,2 International Business Park #01-26 The Strategy Singapore 609930,West,"No added sugar, Lower in sugar",609930
LUCKIN COFFEE (SGP) PTE. LTD.,Luckin Coffee,Kiosk,,Drinks,Luckin Coffee - Tampines 1,10 Tampines Central 1 #01-17/18 Singapore 529536,East,"No added sugar, Lower in sugar",529536
LUCKIN COFFEE (SGP) PTE. LTD.,Luckin Coffee,Kiosk,,Drinks,Luckin Coffee - Suntec City,3 Temasek Blvd #02-375 Suntec City Singapore 038983,Central,"No added sugar, Lower in sugar",38983
LUCKIN COFFEE (SGP) PTE. LTD.,Luckin Coffee,Kiosk,,Drinks,Luckin Coffee - Royal Square,103 Irrawaddy Road #01-11 Royal Square Singapore 329566,Central,"No added sugar, Lower in sugar",329566
LUCKIN COFFEE (SGP) PTE. LTD.,Luckin Coffee,Kiosk,,Drinks,Luckin Coffee - Royal Group Building,3 Phillip St #01-01 Royal Group Building Singapore 048693,Central,"No added sugar, Lower in sugar",48693
LUCKIN COFFEE (SGP) PTE. LTD.,Luckin Coffee,Kiosk,,Drinks,Luckin Coffee - PLQ Tower 1,1 Paya Lebar Link #01-02 PLQ 1 Singapore 408533,East,"No added sugar, Lower in sugar",408533
LUCKIN COFFEE (SGP) PTE. LTD.,Luckin Coffee,Kiosk,,Drinks,Luckin Coffee - Pasir Ris Mall,7 Pasir Ris Central #B1-37 Pasir Ris Mall Singapore 519612,East,"No added sugar, Lower in sugar",519612
LUCKIN COFFEE (SGP) PTE. LTD.,Luckin Coffee,Kiosk,,Drinks,Luckin Coffee - One Raffles Place Tower 2,1 One Raffles Place #01-62 One Raffles Place Tower 2 Singapore 048616,Central,"No added sugar, Lower in sugar",48616
LUCKIN COFFEE (SGP) PTE. LTD.,Luckin Coffee,Kiosk,,Drinks,Luckin Coffee - NTU South Spine,50 Nanyang Avenue #SS3-B4 South Spine Singapore 639798,West,"No added sugar, Lower in sugar",639798
LUCKIN COFFEE (SGP) PTE. LTD.,Luckin Coffee,Kiosk,,Drinks,Luckin Coffee - Ngee Ann City,"391 Orchard Road #01-k2 Civic Plaza, Ngee Ann City Singapore 238872",Central,"No added sugar, Lower in sugar",238872
LUCKIN COFFEE (SGP) PTE. LTD.,Luckin Coffee,Kiosk,,Drinks,Luckin Coffee - New Tech Park,151 Lorong Chuan #01-18 New Tech Park Singapore 556741,North-East,"No added sugar, Lower in sugar",556741
LUCKIN COFFEE (SGP) PTE. LTD.,Luckin Coffee,Kiosk,,Drinks,Luckin Coffee - Marina Square,6 Raffles Blvd #02-153 Marina Square Singapore 039594,Central,"No added sugar, Lower in sugar",39594
LUCKIN COFFEE (SGP) PTE. LTD.,Luckin Coffee,Kiosk,,Drinks,Luckin Coffee - Marina One,5 Straits View #B2-30 The Heart Singapore 018935,Central,"No added sugar, Lower in sugar",18935
LUCKIN COFFEE (SGP) PTE. LTD.,Luckin Coffee,Kiosk,,Drinks,Luckin Coffee - Mapletree Business City,40 Pasir Panjang Rd #02-32 Mapletree Business City Singapore 117383,Central,"No added sugar, Lower in sugar",117383
LUCKIN COFFEE (SGP) PTE. LTD.,Luckin Coffee,Kiosk,,Drinks,Luckin Coffee - Jewel,78 Airport Blvd #04-231 Jewel Changi Airport Singapore 819666,East,"No added sugar, Lower in sugar",819666
LUCKIN COFFEE (SGP) PTE. LTD.,Luckin Coffee,Kiosk,,Drinks,Luckin Coffee - I12 Katong,112 East Coast Rd #02-22 I12 Katong Singapore 428802,East,"No added sugar, Lower in sugar",428802
LUCKIN COFFEE (SGP) PTE. LTD.,Luckin Coffee,Kiosk,,Drinks,Luckin Coffee - HarbourFront Tower 1,1 Harbourfront Pl #01-03 HarbourFront Tower 1 Singapore 098633,Central,"No added sugar, Lower in sugar",98633
LUCKIN COFFEE (SGP) PTE. LTD.,Luckin Coffee,Kiosk,,Drinks,Luckin Coffee - Guoco Tower,7 Wallich St #B1-24 Guoco Tower Singapore 078884,Central,"No added sugar, Lower in sugar",78884
LUCKIN COFFEE (SGP) PTE. LTD.,Luckin Coffee,Kiosk,,Drinks,Luckin Coffee - GRID,1 Selegie Rd #01-05 GRID Singapore 188306,Central,"No added sugar, Lower in sugar",188306
LUCKIN COFFEE (SGP) PTE. LTD.,Luckin Coffee,Kiosk,,Drinks,Luckin Coffee - Galaxis,1 Fusionopolis Place #01-16 Galaxis Singapore 138522,West,"No added sugar, Lower in sugar",138522
LUCKIN COFFEE (SGP) PTE. LTD.,Luckin Coffee,Kiosk,,Drinks,Luckin Coffee - ESR BizPark @ Changi,6 Changi Business Park Ave 1 #01-27 ESR Bizpark @ Changi Singapore 486018,East,"No added sugar, Lower in sugar",486018
LUCKIN COFFEE (SGP) PTE. LTD.,Luckin Coffee,Kiosk,,Drinks,Luckin Coffee - Duo Galleria,7 Fraser St #B3-08 Duo Galleria Singapore 189350,Central,"No added sugar, Lower in sugar",189350
LUCKIN COFFEE (SGP) PTE. LTD.,Luckin Coffee,Kiosk,,Drinks,Luckin Coffee - Downtown East,1 Pasir Ris Cl #02-102 E!Hub@Downtown East Singapore 519599,East,"No added sugar, Lower in sugar",519599
LUCKIN COFFEE (SGP) PTE. LTD.,Luckin Coffee,Kiosk,,Drinks,Luckin Coffee - Dairy Farm Mall,4 Dairy Farm Ln #B1-04 Dairy Farm Mall Singapore 677622,North-West,"No added sugar, Lower in sugar",677622
LUCKIN COFFEE (SGP) PTE. LTD.,Luckin Coffee,Kiosk,,Drinks,Luckin Coffee - Collyer Quay,16 Collyer Quay #01-05 Singapore 049318,Central,"No added sugar, Lower in sugar",49318
LUCKIN COFFEE (SGP) PTE. LTD.,Luckin Coffee,Kiosk,,Drinks,Luckin Coffee - Citylink,One Raffles Link #B1-66 Citylink Singapore 039393,Central,"No added sugar, Lower in sugar",39393
LUCKIN COFFEE (SGP) PTE. LTD.,Luckin Coffee,Kiosk,,Drinks,Luckin Coffee - Chinatown Point,133 New Bridge Rd #01-50 Chinatown Point Singapore 059413,Central,"No added sugar, Lower in sugar",59413
LUCKIN COFFEE (SGP) PTE. LTD.,Luckin Coffee,Kiosk,,Drinks,Luckin Coffee - Century Square,2 Tampines Central 5 #01-31A Century Square Singapore 529509,Central,"No added sugar, Lower in sugar",529509
LUCKIN COFFEE (SGP) PTE. LTD.,Luckin Coffee,Kiosk,,Drinks,Luckin Coffee - Aperia Mall,12 Kallang Ave #01-34 Aperia Mall Singapore 339511,Central,"No added sugar, Lower in sugar",339511
LUCKIN COFFEE (SGP) PTE. LTD.,Luckin Coffee,Kiosk,,Drinks,Luckin Coffee - 9 Penang Road,9 Penang Road #01-12 Singapore 238459,Central,"No added sugar, Lower in sugar",238459
LUCKIN COFFEE (SGP) PTE. LTD.,Luckin Coffee,Kiosk,,Drinks,Luckin Coffee - 77 Robinson,77 Robinson Road #01-03 77 Robinson Singapore 068896,Central,"No added sugar, Lower in sugar",68896
LUCKIN COFFEE (SGP) PTE. LTD.,Luckin Coffee,Kiosk,,Drinks,Luckin Coffee - 313 Somerset,313 Orchard Road #B3-50 313 @Somerset Singapore 238895,Central,"No added sugar, Lower in sugar",238895
LUCKIN COFFEE (SGP) PTE. LTD.,Luckin Coffee,Kiosk,,Drinks,Coronation Shopping Plaza,"587 Bukit Timah Road, Coronation Shopping Plaza #01-03 Singapore 269707",Central,"Lower in sugar, No added sugar",269707
LUCKIN COFFEE (SGP) PTE. LTD.,Luckin Coffee,Kiosk,,Drinks,NUS Utown,"2 College Avenue West #02-01 Stephen Riady Centre, NUS University Town Singapore 138607",West,"Lower in sugar, No added sugar",138607
LUCKIN COFFEE (SGP) PTE. LTD.,Luckin Coffee,Kiosk,,Drinks,100AM,100 Tras Street #01-13A Singapore 079027,Central,"Lower in sugar, No added sugar",79027
LUCKIN COFFEE (SGP) PTE. LTD.,Luckin Coffee,Kiosk,,Drinks,Tampines Mart,5 Tampines Mart Street 32 #01-14 Singapore 529287,East,"Lower in sugar, No added sugar",529287
LUCKIN COFFEE (SGP) PTE. LTD.,Luckin Coffee,Kiosk,,Drinks,VivoCity,"1 Harbourfront Walk, Vivocity #02-119 Singapore 098585",Central,"Lower in sugar, No added sugar",98585
LUCKIN COFFEE (SGP) PTE. LTD.,Luckin Coffee,Kiosk,,Drinks,Le Quest,4 Bukit Batok Street 41 #01-47 Singapore 657991,West,"Lower in sugar, No added sugar",657991
LUCKIN COFFEE (SGP) PTE. LTD.,Luckin Coffee,Kiosk,,Drinks,Zhongshan Mall,20 Ah Hood Road #01-07 Singapore 329984,Central,"Lower in sugar, No added sugar",329984
LUCKIN COFFEE (SGP) PTE. LTD.,Luckin Coffee,Kiosk,,Drinks,120 Robinson,120 Robinson Road #01-01 Singapore 068913,Central,"Lower in sugar, No added sugar",68913
LUCKIN COFFEE (SGP) PTE. LTD.,Luckin Coffee,Kiosk,,Drinks,West Mall,1 Bukit Batok Central Link #B1-K22 Singapore 658713,West,"Lower in sugar, No added sugar",658713
LUCKIN COFFEE (SGP) PTE. LTD.,Luckin Coffee,Kiosk,,Drinks,Causeway Point,1 Causeway Square #02-K10 Singapore 738099,North,"Lower in sugar, No added sugar",738099
LUCKIN COFFEE (SGP) PTE. LTD.,Luckin Coffee,Kiosk,,Drinks,Fairprice Hub,"1 Joo Koon Circle, Fairprice Hub #01-41 Singapore 629117",West,"Lower in sugar, No added sugar",629117
LUCKIN COFFEE (SGP) PTE. LTD.,Luckin Coffee,Kiosk,,Drinks,Icon Link,8 Club Street #B2-25 Singapore 069472,Central,"Lower in sugar, No added sugar",69472
LUCKIN COFFEE (SGP) PTE. LTD.,Luckin Coffee,Kiosk,,Drinks,Compass One,"1 Sengkang Square, Compass One #01-23 Singapore 545078",North-East,"Lower in sugar, No added sugar",545078
LUCKIN COFFEE (SGP) PTE. LTD.,Luckin Coffee,Kiosk,,Drinks,Plaza Singapura,68 Orchard Road #B2-64 Singapore 238839,Central,"Lower in sugar, No added sugar",238839
LUCKIN COFFEE (SGP) PTE. LTD.,Luckin Coffee,Kiosk,,Drinks,The Poiz Centre,51 Upper Serangoon Road #01-12 Singapore 347697,North-East,"Lower in sugar, No added sugar",347697
LUCKIN COFFEE (SGP) PTE. LTD.,Luckin Coffee,Kiosk,,Drinks,Hougang 1,"1 Hougang Street 91, Hougang 1 #01-41 Singapore 538692",North-East,"Lower in sugar, No added sugar",538692
LUCKIN COFFEE (SGP) PTE. LTD.,Luckin Coffee,Kiosk,,Drinks,Eastpoint Mall,"3 Simei Street 6, Eastpoint Mall #01-K8 Singapore 528833",East,"Lower in sugar, No added sugar",528833
LUCKIN COFFEE (SGP) PTE. LTD.,Luckin Coffee,Kiosk,,Drinks,Tanah Merah Ferry Terminal,50 Tanah Merah Ferry Road #01-01 Singapore 498833,East,"Lower in sugar, No added sugar",498833
LUCKIN COFFEE (SGP) PTE. LTD.,Luckin Coffee,Kiosk,,Drinks,Changi City Point,5 Changi Business Park Central 1 #01-39 Singapore 486038,East,"Lower in sugar, No added sugar",486038
LUCKIN COFFEE (SGP) PTE. LTD.,Luckin Coffee,Kiosk,,Drinks,SingPost Centre,10 Eunos Road 8 #B1-149 Singapore 408600,East,"Lower in sugar, No added sugar",408600
LUCKIN COFFEE (SGP) PTE. LTD.,Luckin Coffee,Kiosk,,Drinks,Punggol Coast Mall,"88 Punggol Way, Punggol Coast Mall Tower 7 #02-128 Singapore 829913",North-East,"Lower in sugar, No added sugar",829913
LUCKIN COFFEE (SGP) PTE. LTD.,Luckin Coffee,Kiosk,,Drinks,Changi T1 Transit,Changi Airport T1 Departure 80 Airport Boulevard Changi #02-59 Singapore 819642,East,"Lower in sugar, No added sugar",819642
LUCKIN COFFEE (SGP) PTE. LTD.,Luckin Coffee,Kiosk,,Drinks,Sentosa iFly,"43 Siloso Beach Walk, iFly #01-02 Singapore 099010",Central,"Lower in sugar, No added sugar",99010
LUCKIN COFFEE (SGP) PTE. LTD.,Luckin Coffee,Kiosk,,Drinks,Parkway Parade,80 Marine Parade Road #01-16A Singapore 449269,East,"Lower in sugar, No added sugar",449269
LUCKIN COFFEE (SGP) PTE. LTD.,Luckin Coffee,Kiosk,,Drinks,Tangs Plaza Kiosk,"320 Orchard Road, Tangs Plaza #01-K2 Singapore 238865",Central,"Lower in sugar, No added sugar",238865
LUCKIN COFFEE (SGP) PTE. LTD.,Luckin Coffee,Kiosk,,Drinks,Junction 9,18 Yishun Ave 9 #01-84 Singapore 768897,North,"Lower in sugar, No added sugar",768897
LUCKIN COFFEE (SGP) PTE. LTD.,Luckin Coffee,Kiosk,,Drinks,Rivervale Mall,11 Rivervale Crescent #01-K5 Singapore 545082,North-East,"Lower in sugar, No added sugar",545082
LUCKIN COFFEE (SGP) PTE. LTD.,Luckin Coffee,Kiosk,,Drinks,Geneo,"1B Science Park Drive, GENEO #01-32 Singapore 119315",West,"Lower in sugar, No added sugar",119315
LUCKIN COFFEE (SGP) PTE. LTD.,Luckin Coffee,Kiosk,,Drinks,Woods Square,6 Woodlands Square #01-05 Woods Square Singapore 737737,North,"Lower in sugar, No added sugar",737737
LUCKIN COFFEE (SGP) PTE. LTD.,Luckin Coffee,Kiosk,,Drinks,White Sands,7 Pasir Ris Central #B1-37 White Sands Singapore 519612,East,"Lower in sugar, No added sugar",519612
LUCKIN COFFEE (SGP) PTE. LTD.,Luckin Coffee,Kiosk,,Drinks,Westgate Tower,1 Gateway Drive #02-01 Westgate Tower Singapore 608531,West,"Lower in sugar, No added sugar",608531
LUCKIN COFFEE (SGP) PTE. LTD.,Luckin Coffee,Kiosk,,Drinks,Westgate Mall,1 Gateway Drive #B1-22A Westgate Mall Singapore 608531,West,"Lower in sugar, No added sugar",608531
LUCKIN COFFEE (SGP) PTE. LTD.,Luckin Coffee,Kiosk,,Drinks,Waterway Point,83 Punggol Central #01-K12 Waterway Point West Wing Entrance Atrium Singapore 828761,North-East,"Lower in sugar, No added sugar",828761
LUCKIN COFFEE (SGP) PTE. LTD.,Luckin Coffee,Kiosk,,Drinks,V Hotel Lavender,70 Jellicoe Rd #01-16 V Hotel Lavender Singapore 208767,Central,"Lower in sugar, No added sugar",208767
LUCKIN COFFEE (SGP) PTE. LTD.,Luckin Coffee,Kiosk,,Drinks,UE Square,81 Clemenceau Ave #01-25 UE Square Singapore 239917,Central,"Lower in sugar, No added sugar",239917
LUCKIN COFFEE (SGP) PTE. LTD.,Luckin Coffee,Kiosk,,Drinks,The Strategy,2 International Business Park #01-26 The Strategy Singapore 609930,West,"Lower in sugar, No added sugar",609930
LUCKIN COFFEE (SGP) PTE. LTD.,Luckin Coffee,Kiosk,,Drinks,Tampines 1,10 Tampines Central 1 #01-17/18 Singapore 529536,East,"Lower in sugar, No added sugar",529536
LUCKIN COFFEE (SGP) PTE. LTD.,Luckin Coffee,Kiosk,,Drinks,Suntec City,3 Temasek Blvd #02-375 Suntec City Singapore 038983,Central,"Lower in sugar, No added sugar",38983
LUCKIN COFFEE (SGP) PTE. LTD.,Luckin Coffee,Kiosk,,Drinks,Royal Square,103 Irrawaddy Road #01-11 Royal Square Singapore 329566,Central,"Lower in sugar, No added sugar",329566
LUCKIN COFFEE (SGP) PTE. LTD.,Luckin Coffee,Kiosk,,Drinks,Royal Group Building,3 Phillip St #01-01 Royal Group Building Singapore 048693,Central,"Lower in sugar, No added sugar",48693
LUCKIN COFFEE (SGP) PTE. LTD.,Luckin Coffee,Kiosk,,Drinks,PLQ Tower 1,1 Paya Lebar Link #01-02 PLQ 1 Singapore 408533,Central,"Lower in sugar, No added sugar",408533
LUCKIN COFFEE (SGP) PTE. LTD.,Luckin Coffee,Kiosk,,Drinks,Pasir Ris Mall,7 Pasir Ris Central #B1-37 Pasir Ris Mall Singapore 519612,East,"Lower in sugar, No added sugar",519612
LUCKIN COFFEE (SGP) PTE. LTD.,Luckin Coffee,Kiosk,,Drinks,One Raffles Place Tower 2,1 One Raffles Place #01-62 One Raffles Place Tower 2 Singapore 048616,Central,"Lower in sugar, No added sugar",48616
LUCKIN COFFEE (SGP) PTE. LTD.,Luckin Coffee,Kiosk,,Drinks,NTU South Spine,50 Nanyang Avenue #SS3-B4 South Spine Singapore 639798,West,"Lower in sugar, No added sugar",639798
LUCKIN COFFEE (SGP) PTE. LTD.,Luckin Coffee,Kiosk,,Drinks,Ngee Ann City,"391 Orchard Road #01-k2 Civic Plaza, Ngee Ann City Singapore 238872",Central,"Lower in sugar, No added sugar",238872
LUCKIN COFFEE (SGP) PTE. LTD.,Luckin Coffee,Kiosk,,Drinks,New Tech Park,151 Lorong Chuan #01-18 New Tech Park Singapore 556741,North-East,"Lower in sugar, No added sugar",556741
LUCKIN COFFEE (SGP) PTE. LTD.,Luckin Coffee,Kiosk,,Drinks,Marina Square,6 Raffles Blvd #02-153 Marina Square Singapore 039594,Central,"Lower in sugar, No added sugar",39594
LUCKIN COFFEE (SGP) PTE. LTD.,Luckin Coffee,Kiosk,,Drinks,Marina One,5 Straits View #B2-30 The Heart Singapore 018935,Central,"Lower in sugar, No added sugar",18935
LUCKIN COFFEE (SGP) PTE. LTD.,Luckin Coffee,Kiosk,,Drinks,Mapletree Business City,40 Pasir Panjang Rd #02-32 Mapletree Business City Singapore 117383,Central,"Lower in sugar, No added sugar",117383
LUCKIN COFFEE (SGP) PTE. LTD.,Luckin Coffee,Kiosk,,Drinks,Jewel,78 Airport Blvd #04-231 Jewel Changi Airport Singapore 819666,East,"Lower in sugar, No added sugar",819666
LUCKIN COFFEE (SGP) PTE. LTD.,Luckin Coffee,Kiosk,,Drinks,I12 Katong,112 East Coast Rd #02-22 I12 Katong Singapore 428802,East,"Lower in sugar, No added sugar",428802
LUCKIN COFFEE (SGP) PTE. LTD.,Luckin Coffee,Kiosk,,Drinks,HarbourFront Tower 1,1 Harbourfront Pl #01-03 HarbourFront Tower 1 Singapore 098633,Central,"Lower in sugar, No added sugar",98633
LUCKIN COFFEE (SGP) PTE. LTD.,Luckin Coffee,Kiosk,,Drinks,Guoco Tower,7 Wallich St #B1-24 Guoco Tower Singapore 078884,Central,"Lower in sugar, No added sugar",78884
LUCKIN COFFEE (SGP) PTE. LTD.,Luckin Coffee,Kiosk,,Drinks,GRID,1 Selegie Rd #01-05 GRID Singapore 188306,Central,"Lower in sugar, No added sugar",188306
LUCKIN COFFEE (SGP) PTE. LTD.,Luckin Coffee,Kiosk,,Drinks,Galaxis,1 Fusionopolis Place #01-16 Galaxis Singapore 138522,Central,"Lower in sugar, No added sugar",138522
LUCKIN COFFEE (SGP) PTE. LTD.,Luckin Coffee,Kiosk,,Drinks,ESR BizPark @ Changi,6 Changi Business Park Ave 1 #01-27 ESR Bizpark @ Changi Singapore 486018,East,"Lower in sugar, No added sugar",486018
LUCKIN COFFEE (SGP) PTE. LTD.,Luckin Coffee,Kiosk,,Drinks,Duo Galleria,7 Fraser St #B3-08 Duo Galleria Singapore 189350,Central,"Lower in sugar, No added sugar",189350
LUCKIN COFFEE (SGP) PTE. LTD.,Luckin Coffee,Kiosk,,Drinks,Downtown East,1 Pasir Ris Cl #02-102 E!Hub@Downtown East Singapore 519599,East,"Lower in sugar, No added sugar",519599
LUCKIN COFFEE (SGP) PTE. LTD.,Luckin Coffee,Kiosk,,Drinks,Dairy Farm Mall,4 Dairy Farm Ln #B1-04 Dairy Farm Mall Singapore 677622,Central,"Lower in sugar, No added sugar",677622
LUCKIN COFFEE (SGP) PTE. LTD.,Luckin Coffee,Kiosk,,Drinks,Collyer Quay,16 Collyer Quay #01-05 Singapore 049318,Central,"Lower in sugar, No added sugar",49318
LUCKIN COFFEE (SGP) PTE. LTD.,Luckin Coffee,Kiosk,,Drinks,Citylink,One Raffles Link #B1-66 Citylink Singapore 039393,Central,"Lower in sugar, No added sugar",39393
LUCKIN COFFEE (SGP) PTE. LTD.,Luckin Coffee,Kiosk,,Drinks,Chinatown Point,133 New Bridge Rd #01-50 Chinatown Point Singapore 059413,Central,"Lower in sugar, No added sugar",59413
LUCKIN COFFEE (SGP) PTE. LTD.,Luckin Coffee,Kiosk,,Drinks,Century Square,2 Tampines Central 5 #01-31A Century Square Singapore 529509,East,"Lower in sugar, No added sugar",529509
LUCKIN COFFEE (SGP) PTE. LTD.,Luckin Coffee,Kiosk,,Drinks,Aperia Mall,12 Kallang Ave #01-34 Aperia Mall Singapore 339511,Central,"Lower in sugar, No added sugar",339511
LUCKIN COFFEE (SGP) PTE. LTD.,Luckin Coffee,Kiosk,,Drinks,9 Penang Road,9 Penang Road #01-12 Singapore 238459,Central,"Lower in sugar, No added sugar",238459
LUCKIN COFFEE (SGP) PTE. LTD.,Luckin Coffee,Kiosk,,Drinks,77 Robinson,77 Robinson Road #01-03 77 Robinson Singapore 068896,Central,"Lower in sugar, No added sugar",68896
LUCKIN COFFEE (SGP) PTE. LTD.,Luckin Coffee,Kiosk,,Drinks,313 Somerset,313 Orchard Road #B3-50 313 @Somerset Singapore 238895,Central,"Lower in sugar, No added sugar",238895
LUCKIN COFFEE (SGP) PTE. LTD.,Luckin Coffee,Kiosk,,Drinks,South Beach Tower,"38 Beach Road, South Beach Tower #01-12 Singapore 189767",Central,"Lower in sugar, No added sugar",189767
LUCKIN COFFEE (SGP) PTE. LTD.,Luckin Coffee,Kiosk,,Drinks,Hillion Mall,"17 Petir Road, Hillion Mall #B2-52 Singapore 678278",West,"Lower in sugar, No added sugar",678278
LUCKIN COFFEE (SGP) PTE. LTD.,Luckin Coffee,Kiosk,,Drinks,ARTRA,"12 Alexandra View, ARTRA #01-09 Singapore 158736",Central,"Lower in sugar, No added sugar",158736
LUCKIN COFFEE (SGP) PTE. LTD.,Luckin Coffee,Kiosk,,Drinks,JEM,50 Jurong Gateway Road #B1-15 Singapore 608549,West,"Lower in sugar, No added sugar",608549
LUCKIN COFFEE (SGP) PTE. LTD.,Luckin Coffee,Kiosk,,Drinks,Institute of Mental Health,"10 Buangkok View, Block 1 #1Singapore 539747",North-East,"Lower in sugar, No added sugar",539747
LUCKIN COFFEE (SGP) PTE. LTD.,Luckin Coffee,Kiosk,,Drinks,888 Plaza,888 Woodlands Drive 50 #01-749 888 Plaza Singapore 730888,North,"Lower in sugar, No added sugar",730888
LUCKIN COFFEE (SGP) PTE. LTD.,Luckin Coffee,Kiosk,,Drinks,Junction 8,9 Bishan Place #01-43 Junction 8 Singapore 579837,Central,"Lower in sugar, No added sugar",579837
LUCKIN COFFEE (SGP) PTE. LTD.,Luckin Coffee,Kiosk,,Drinks,Northpoint City,"930 Yishun Ave 2, Northpoint #07-17/18 Northpoint Singapore 769098",North,"Lower in sugar, No added sugar",769098
LUCKIN COFFEE (SGP) PTE. LTD.,Luckin Coffee,Kiosk,,Drinks,The Rail Mall,476 UPPER BUKIT TIMAH ROAD THE RAIL MALL The Rail Mall Singapore 678083,Central,"Lower in sugar, No added sugar",678083
LUCKIN COFFEE (SGP) PTE. LTD.,Luckin Coffee,Kiosk,,Drinks,NUH Medical Centre (NUHMC),1 Lower Kent Ridge Road #03-12 NUH Medical Centre (NUHMC) Singapore 119082,West,"Lower in sugar, No added sugar",119082
LUCKIN COFFEE (SGP) PTE. LTD.,Luckin Coffee,Kiosk,,Drinks,Hougang Mall,90 Hougang Ave 10 #B1-04 Hougang Mall Singapore 538766,North-East,"Lower in sugar, No added sugar",538766
LUCKIN COFFEE (SGP) PTE. LTD.,Luckin Coffee,Kiosk,,Drinks,Citygate,371 Beach Road #01-35 Citygate Singapore 199597,Central,"Lower in sugar, No added sugar",199597
MARCHE RESTAURANTS SINGAPORE PTE. LTD.,Marche,Restaurant,,Western,Marche JEM,50 Jurong Gateway #01-03 JEM Singapore 608549,West,Lower in calories,608549
MARCHE RESTAURANTS SINGAPORE PTE. LTD.,Marche,Restaurant,,Western,Marche 313@somerset (Marketplace),313 Orchard Road #B1-39-46 313@somerset Singapore 238895,Central,Lower in calories,238895
MARCHE RESTAURANTS SINGAPORE PTE. LTD.,Marche,Restaurant,,Western,Marche Suntec City (Marketplace),3 Temasek Boulevard #01-612 Suntec City Singapore 038983,Central,Lower in calories,38983
MARCHE RESTAURANTS SINGAPORE PTE. LTD.,Marche,Restaurant,,Western,Marche Vivo City,1 Harbourfront Walk #03-14 Vivo City Singapore 098585,Central,Lower in calories,98585
Mel's Hub Pte Ltd,Garden Fresh,Café,Halal,Western,Garden Fresh - Punggol Coast Mall,Tower 98 at 98 Punggol Way #01-219 Punggol Coast Mall Singapore 829857,North-East,"Lower in calories, Higher in wholegrains and lower in calories, No added sugar",829857
Mount Elizabeth Hospital,Mount Elizabeth Hospital Cafeteria,Institutional Caterer (Stall Concept),,Other,Mount Elizabeth Hospital,3 Mount Elizabeth Road Singapore 228510,Central,"Lower in calories, Lower in calories and sodium",228510
Mr Bap Pte. Ltd.,Paik's Bibim,Quick Service Restaurant/Fast Food,,Korean,Paik's Bibim - Bedok Mall,311 New Upper Changi Road #01-95 Bedok Mall Singapore 467360,East,"Lower in calories, Lower in sugar, No added sugar",467360
Mr Bap Pte. Ltd.,Paik's Bibim,Quick Service Restaurant/Fast Food,,Korean,Paik's Bibim - Vivo City,1 Harbourfront Walk #02-125 VivoCity Singapore 098585,Central,"Lower in calories, Lower in sugar, No added sugar",98585
Mr Bap Pte. Ltd.,Paik's Bibim,Quick Service Restaurant/Fast Food,,Korean,Paik's Bibim - CityLink Mall,1 Raffles Link #B1-19 CityLink Mall Singapore 039393,Central,"Lower in calories, Lower in sugar, No added sugar",39393
Mr Bap Pte. Ltd.,Paik's Bibim,Quick Service Restaurant/Fast Food,,Korean,Paik's Bibim - JEM,50 Jurong Gateway Road #B1-K2/3/4 JEM Singapore 608549,West,"Lower in calories, Lower in sugar, No added sugar",608549
Mr Bap Pte. Ltd.,Paik's Bibim,Quick Service Restaurant/Fast Food,,Korean,Paik's Bibim - Mapletree Business City,40 Pasir Panjang Road #02-39 Mapletree Business City Singapore 117383,West,"Lower in calories, Lower in sugar, No added sugar",117383
Mr Bap Pte. Ltd.,Paik's Bibim,Quick Service Restaurant/Fast Food,,Korean,Paik's Bibim - Tiong Bahru Plaza,302 Tiong Bahru Road #02-111 Tiong Bahru Plaza Singapore 168732,Central,"Lower in calories, Lower in sugar, No added sugar",168732
Mr Bap Pte. Ltd.,Paik's Bibim,Quick Service Restaurant/Fast Food,,Korean,Paik's Bibim - NTU,50 Nanyang Avenue NS3-01-15 NTU Northspine Plaza Singapore 639798,West,"Lower in calories, Lower in sugar, No added sugar",639798
Mr Bean International Pte. Ltd.,Mr Bean,Kiosk,Halal,Chinese,Mr Bean - Aljunied MRT,81 Geylang Lorong 25 #01-12 Aljunied MRT Station Singapore 388310,East,"Lower in calories, Higher in wholegrains, Higher in wholegrains and lower in calories, Lower in sugar, Lower in sugar and source of dietary fibre",388310
Mr Bean International Pte. Ltd.,Mr Bean,Kiosk,Halal,Chinese,Mr Bean - AMK Hub 2,53 Ang Mo Kio Avenue 3 #01-19 Ang Mo Kio Hub Singapore 569933,North-East,"Lower in calories, Higher in wholegrains, Higher in wholegrains and lower in calories, Lower in sugar, Lower in sugar and source of dietary fibre",569933
Mr Bean International Pte. Ltd.,Mr Bean,Kiosk,Halal,Chinese,Mr Bean - Bukit Gombak MRT,802 Bukit Gombak West Avenue 5 #01-03 Bukit Gombak MRT Singapore 659083,West,"Lower in calories, Higher in wholegrains, Higher in wholegrains and lower in calories, Lower in sugar, Lower in sugar and source of dietary fibre",659083
Mr Bean International Pte. Ltd.,Mr Bean,Kiosk,Halal,Chinese,Mr Bean - Boon Lay MRT 1,301 Boon Lay Way #01-23 Boon Lay MRT Singapore 649846,West,"Lower in calories, Higher in wholegrains, Higher in wholegrains and lower in calories, Lower in sugar, Lower in sugar and source of dietary fibre",649846
Mr Bean International Pte. Ltd.,Mr Bean,Kiosk,Halal,Chinese,Mr Bean - Bedok Mall,311 New Upper Changi Road #B2-K2 Bedok Mall Singapore 467360,East,"Lower in calories, Higher in wholegrains, Higher in wholegrains and lower in calories, Lower in sugar, Lower in sugar and source of dietary fibre",467360
Mr Bean International Pte. Ltd.,Mr Bean,Kiosk,Halal,Chinese,Mr Bean - Bukit Panjang Plaza,1 Jelebu Road #01-19 Bukit Panjang Plaza Singapore 677743,West,"Lower in calories, Higher in wholegrains, Higher in wholegrains and lower in calories, Lower in sugar, Lower in sugar and source of dietary fibre",677743
Mr Bean International Pte. Ltd.,Mr Bean,Kiosk,Halal,Chinese,Mr Bean - Choa Chu Kang MRT,10 Choa Chu Kang Ave 4 #01-03 Choa Chu Kang MRT Singapore 689810,West,"Lower in calories, Higher in wholegrains, Higher in wholegrains and lower in calories, Lower in sugar, Lower in sugar and source of dietary fibre",689810
Mr Bean International Pte. Ltd.,Mr Bean,Kiosk,Halal,Chinese,Mr Bean - Changi City Point,5 Changi Business Park Central 1 #B1-21 Changi City Point Singapore 486038,East,"Lower in calories, Higher in wholegrains, Higher in wholegrains and lower in calories, Lower in sugar, Lower in sugar and source of dietary fibre",486038
Mr Bean International Pte. Ltd.,Mr Bean,Kiosk,Halal,Chinese,Mr Bean - Changi General Hospital,2 Simei Street 3 #L1-02 Changi General Hospital Singapore 529889,East,"Lower in calories, Higher in wholegrains, Higher in wholegrains and lower in calories, Lower in sugar, Lower in sugar and source of dietary fibre",529889
Mr Bean International Pte. Ltd.,Mr Bean,Kiosk,Halal,Chinese,Mr Bean - Clementi Mall,3155 Commonwealth Ave West #B1-K16 Clementi Mall Singapore 129588,West,"Lower in calories, Higher in wholegrains, Higher in wholegrains and lower in calories, Lower in sugar, Lower in sugar and source of dietary fibre",129588
Mr Bean International Pte. Ltd.,Mr Bean,Kiosk,Halal,Chinese,Mr Bean - Compass One,1 Sengkang Square #01-28 Compass One Singapore 545078,North-East,"Lower in calories, Higher in wholegrains, Higher in wholegrains and lower in calories, Lower in sugar, Lower in sugar and source of dietary fibre",545078
Mr Bean International Pte. Ltd.,Mr Bean,Kiosk,Halal,Chinese,Mr Bean - City Square Mall,180 Kitchener Road #B1-27 City Square Mall Singapore 208539,Central,"Lower in calories, Higher in wholegrains, Higher in wholegrains and lower in calories, Lower in sugar, Lower in sugar and source of dietary fibre",208539
Mr Bean International Pte. Ltd.,Mr Bean,Kiosk,Halal,Chinese,Mr Bean - Causeway Point,1 Woodlands Square Causeway Point #01-K6 Singapore 738099,North,"Lower in calories, Higher in wholegrains, Higher in wholegrains and lower in calories, Lower in sugar, Lower in sugar and source of dietary fibre",738099
Mr Bean International Pte. Ltd.,Mr Bean,Kiosk,Halal,Chinese,Mr Bean - Chinese Garden MRT,151 Boon Lay Way #01-02 Chinese Garden MRT Singapore 609959,West,"Lower in calories, Higher in wholegrains, Higher in wholegrains and lower in calories, Lower in sugar, Lower in sugar and source of dietary fibre",609959
Mr Bean International Pte. Ltd.,Mr Bean,Kiosk,Halal,Chinese,Mr Bean - Dhoby XChange,11 Orchard Road #B1-44 Dhoby Ghaut MRT Singapore 238826,Central,"Lower in calories, Higher in wholegrains, Higher in wholegrains and lower in calories, Lower in sugar, Lower in sugar and source of dietary fibre",238826
Mr Bean International Pte. Ltd.,Mr Bean,Kiosk,Halal,Chinese,Mr Bean - Dover MRT,200 Commonwealth Ave West #02-03 Dover MRT Singaproe 138677,Central,"Lower in calories, Higher in wholegrains, Higher in wholegrains and lower in calories, Lower in sugar, Lower in sugar and source of dietary fibre",138677
Mr Bean International Pte. Ltd.,Mr Bean,Kiosk,Halal,Chinese,Mr Bean - Jurong Point 2,63 Jurong West Central 3 #03-11 Jurong Point Shopping Centre Singapore 648331,West,"Lower in calories, Higher in wholegrains, Higher in wholegrains and lower in calories, Lower in sugar, Lower in sugar and source of dietary fibre",648331
Mr Bean International Pte. Ltd.,Mr Bean,Kiosk,Halal,Chinese,Mr Bean - Kovan Heartland Mall,205 Hougang Street 21 #01-07 Heartland Mall Kovan Singapore 530205,North-East,"Lower in calories, Higher in wholegrains, Higher in wholegrains and lower in calories, Lower in sugar, Lower in sugar and source of dietary fibre",530205
Mr Bean International Pte. Ltd.,Mr Bean,Kiosk,Halal,Chinese,Mr Bean - Kallang MRT,5 Sims Avenue #01-04 Kallang MRT Singapore 387405,Central,"Lower in calories, Higher in wholegrains, Higher in wholegrains and lower in calories, Lower in sugar, Lower in sugar and source of dietary fibre",387405
Mr Bean International Pte. Ltd.,Mr Bean,Kiosk,Halal,Chinese,Mr Bean - Kampung Admiralty,676 Woodlands Drive 71 #01-13 Kampung Admiralty Singapore 730676,North,"Lower in calories, Higher in wholegrains, Higher in wholegrains and lower in calories, Lower in sugar, Lower in sugar and source of dietary fibre",730676
Mr Bean International Pte. Ltd.,Mr Bean,Kiosk,Halal,Chinese,Mr Bean - KTPH,90 Yishun Central #01-08 Khoo Teck Puat Hospital Singapore 768828,North,"Lower in calories, Higher in wholegrains, Higher in wholegrains and lower in calories, Lower in sugar, Lower in sugar and source of dietary fibre",768828
Mr Bean International Pte. Ltd.,Mr Bean,Kiosk,Halal,Chinese,Mr Bean - Lakeside MRT,201 Boon Lay Way #01-02 Lakeside MRT Singapore 649845,West,"Lower in calories, Higher in wholegrains, Higher in wholegrains and lower in calories, Lower in sugar, Lower in sugar and source of dietary fibre",649845
Mr Bean International Pte. Ltd.,Mr Bean,Kiosk,Halal,Chinese,Mr Bean - The Metropolis,9 North Buona Vista Drive #01-09 The Metropolis Singapore 138588,Central,"Lower in calories, Higher in wholegrains, Higher in wholegrains and lower in calories, Lower in sugar, Lower in sugar and source of dietary fibre",138588
Mr Bean International Pte. Ltd.,Mr Bean,Kiosk,Halal,Chinese,Mr Bean - North Point,930 Yishun Avenue 2 #01-05 Northpoint Shopping Centre Singapore 769098,North,"Lower in calories, Higher in wholegrains, Higher in wholegrains and lower in calories, Lower in sugar, Lower in sugar and source of dietary fibre",769098
Mr Bean International Pte. Ltd.,Mr Bean,Kiosk,Halal,Chinese,Mr Bean - NUH II,5 Lower Kent Ridge Road #01-12 (Provisional) East Wing Main Building National University Building Singapore 119074,West,"Lower in calories, Higher in wholegrains, Higher in wholegrains and lower in calories, Lower in sugar, Lower in sugar and source of dietary fibre",119074
Mr Bean International Pte. Ltd.,Mr Bean,Kiosk,Halal,Chinese,Mr Bean - One North MRT,9 Ayer Rajah Avenue #B2-02 One North MRT Station Singapore 138647,West,"Lower in calories, Higher in wholegrains, Higher in wholegrains and lower in calories, Lower in sugar, Lower in sugar and source of dietary fibre",138647
Mr Bean International Pte. Ltd.,Mr Bean,Kiosk,Halal,Chinese,Mr Bean - Our Tampines Hub,1 Tampines Walk #01-83 Our Tampines Hub Singapore 528523,East,"Lower in calories, Higher in wholegrains, Higher in wholegrains and lower in calories, Lower in sugar, Lower in sugar and source of dietary fibre",528523
Mr Bean International Pte. Ltd.,Mr Bean,Kiosk,Halal,Chinese,Mr Bean - Paya Lebar MRT,30 Paya Lebar Rd #01-09 Paya Lebar MRT Singapore 409006,Central,"Lower in calories, Higher in wholegrains, Higher in wholegrains and lower in calories, Lower in sugar, Lower in sugar and source of dietary fibre",409006
Mr Bean International Pte. Ltd.,Mr Bean,Kiosk,Halal,Chinese,Mr Bean - Pioneer Polyclinic,26 Jurong West Street 61 #01-00 Singapore 648201,West,"Lower in calories, Higher in wholegrains, Higher in wholegrains and lower in calories, Lower in sugar, Lower in sugar and source of dietary fibre",648201
Mr Bean International Pte. Ltd.,Mr Bean,Kiosk,Halal,Chinese,Mr Bean - Queenstown MRT,301 Commonwealth Avenue #02-05 Queenstown MRT Singapore 149729,Central,"Lower in calories, Higher in wholegrains, Higher in wholegrains and lower in calories, Lower in sugar, Lower in sugar and source of dietary fibre",149729
Mr Bean International Pte. Ltd.,Mr Bean,Kiosk,Halal,Chinese,Mr Bean - Raffles Place MRT,5 Raffles Place #B1-10 Raffles Place MRT Singapore 048618,Central,"Lower in calories, Higher in wholegrains, Higher in wholegrains and lower in calories, Lower in sugar, Lower in sugar and source of dietary fibre",48618
Mr Bean International Pte. Ltd.,Mr Bean,Kiosk,Halal,Chinese,Mr Bean - Republic Plaza,9 Raffles Place #01-08A Republic Plaza Singapore 048619,Central,"Lower in calories, Higher in wholegrains, Higher in wholegrains and lower in calories, Lower in sugar, Lower in sugar and source of dietary fibre",48619
Mr Bean International Pte. Ltd.,Mr Bean,Kiosk,Halal,Chinese,Mr Bean - Redhill MRT,920 Tiong Bahru Road #01-09 Redhill MRT Singapore 158792,Central,"Lower in calories, Higher in wholegrains, Higher in wholegrains and lower in calories, Lower in sugar, Lower in sugar and source of dietary fibre",158792
Mr Bean International Pte. Ltd.,Mr Bean,Kiosk,Halal,Chinese,Mr Bean - Rivervale Plaza,118 Rivervale Drive #01-01 Rivervale Plaza Singapore 540118,North-East,"Lower in calories, Higher in wholegrains, Higher in wholegrains and lower in calories, Lower in sugar, Lower in sugar and source of dietary fibre",540118
Mr Bean International Pte. Ltd.,Mr Bean,Kiosk,Halal,Chinese,Mr Bean - SGH,Block 4 Level 1 Singapore General Hospital Outram Road Singapore 169608,Central,"Lower in calories, Higher in wholegrains, Higher in wholegrains and lower in calories, Lower in sugar, Lower in sugar and source of dietary fibre",169608
Mr Bean International Pte. Ltd.,Mr Bean,Kiosk,Halal,Chinese,Mr Bean - Sun Plaza,30 Sembawang Drive #B1-28 Sun Plaza Singapore 757713,North,"Lower in calories, Higher in wholegrains, Higher in wholegrains and lower in calories, Lower in sugar, Lower in sugar and source of dietary fibre",757713
Mr Bean International Pte. Ltd.,Mr Bean,Kiosk,Halal,Chinese,Mr Bean - Square 2,10 Sinaran Drive #01-21 Square 2 Singapore 307506,Central,"Lower in calories, Higher in wholegrains, Higher in wholegrains and lower in calories, Lower in sugar, Lower in sugar and source of dietary fibre",307506
Mr Bean International Pte. Ltd.,Mr Bean,Kiosk,Halal,Chinese,Mr Bean - Tampines Mart,9 Tampines Street 32 #01-35 Tampines Mart Singapore 529286,East,"Lower in calories, Higher in wholegrains, Higher in wholegrains and lower in calories, Lower in sugar, Lower in sugar and source of dietary fibre",529286
Mr Bean International Pte. Ltd.,Mr Bean,Kiosk,Halal,Chinese,Mr Bean - Tampines Mall,4 Tampines Mall 5 #B1-K11 Tampines Mall Singapore 529510,East,"Lower in calories, Higher in wholegrains, Higher in wholegrains and lower in calories, Lower in sugar, Lower in sugar and source of dietary fibre",529510
Mr Bean International Pte. Ltd.,Mr Bean,Kiosk,Halal,Chinese,Mr Bean - Tampines MRT,20 Tampines Central 1 #01-23 Tampines MRT Singapore 529538,East,"Lower in calories, Higher in wholegrains, Higher in wholegrains and lower in calories, Lower in sugar, Lower in sugar and source of dietary fibre",529538
Mr Bean International Pte. Ltd.,Mr Bean,Kiosk,Halal,Chinese,Mr Bean - Toa Payoh Hub,500 Toa Payoh Lor 6 #01-35 Toa Payoh Hub Singapore 310500,Central,"Lower in calories, Higher in wholegrains, Higher in wholegrains and lower in calories, Lower in sugar, Lower in sugar and source of dietary fibre",310500
Mr Bean International Pte. Ltd.,Mr Bean,Kiosk,Halal,Chinese,Mr Bean - Tanjong Pagar MRT,120 Maxwell Road #B1-18 Tanjong Pagar MRT Station Singapore 069119,Central,"Lower in calories, Higher in wholegrains, Higher in wholegrains and lower in calories, Lower in sugar, Lower in sugar and source of dietary fibre",69119
Mr Bean International Pte. Ltd.,Mr Bean,Kiosk,Halal,Chinese,Mr Bean - Tai Seng,18 Tai Seng Street #B1-12 Mapletree 18 Singapore 539775,Central,"Lower in calories, Higher in wholegrains, Higher in wholegrains and lower in calories, Lower in sugar, Lower in sugar and source of dietary fibre",539775
Mr Bean International Pte. Ltd.,Mr Bean,Kiosk,Halal,Chinese,Mr Bean - TTSH,11 Jalan Tan Tock Seng #01-11 Tan Tock Seng Hospital Singapore 308433,Central,"Lower in calories, Higher in wholegrains, Higher in wholegrains and lower in calories, Lower in sugar, Lower in sugar and source of dietary fibre",308433
Mr Bean International Pte. Ltd.,Mr Bean,Kiosk,Halal,Chinese,Mr Bean - West Mall,1 Bukit Batok Central Link #01-07A West Mall Singapore 658713,West,"Lower in calories, Higher in wholegrains, Higher in wholegrains and lower in calories, Lower in sugar, Lower in sugar and source of dietary fibre",658713
Mr Bean International Pte. Ltd.,Mr Bean,Kiosk,Halal,Chinese,Mr Bean - Waterway Point,83 Punggol Central #01-K1 Waterway Point Singapore 828761,North-East,"Lower in calories, Higher in wholegrains, Higher in wholegrains and lower in calories, Lower in sugar, Lower in sugar and source of dietary fibre",828761
Mr Bean International Pte. Ltd.,Mr Bean,Kiosk,Halal,Chinese,Mr Bean - Yew Tee Point,21 Choa Chu Kang North 6 #01-52 Yew Tee Point Singaore 689578,West,"Lower in calories, Higher in wholegrains, Higher in wholegrains and lower in calories, Lower in sugar, Lower in sugar and source of dietary fibre",689578
Mr Bean International Pte. Ltd.,Mr Bean,Kiosk,Halal,Chinese,Mr Bean - SMU,90 Stamford Road #01-72 School of Economics & Social Science Building Singapore 178903,Central,"Lower in calories, Higher in wholegrains, Higher in wholegrains and lower in calories, Lower in sugar, Lower in sugar and source of dietary fibre",178903
Mr Bean International Pte. Ltd.,Mr Bean,Kiosk,Halal,Chinese,Mr Bean - V Hotel,70 Jellicoe Road #01-16 V Hotel Lavender Singapore 208767,Central,"Lower in calories, Higher in wholegrains, Higher in wholegrains and lower in calories, Lower in sugar, Lower in sugar and source of dietary fibre",208767
Mr Bean International Pte. Ltd.,Mr Bean,Kiosk,Halal,Chinese,Mr Bean - Junction 8,9 Bishan Place #B1-K6 Junction 8 Shopping Centre Singapore 579837,Central,"Lower in calories, Higher in wholegrains, Higher in wholegrains and lower in calories, Lower in sugar, Lower in sugar and source of dietary fibre",579837
Mr Bean International Pte. Ltd.,Mr Bean,Kiosk,Halal,Chinese,Mr Bean - Sengkang General Hospital,"110 Sengkang East Way, #01-05 Sengkang General Hospital, Singapore 544886",North-East,"Lower in calories, Higher in wholegrains, Higher in wholegrains and lower in calories, Lower in sugar, Lower in sugar and source of dietary fibre",544886
Mr Bean International Pte. Ltd.,Mr Bean,Kiosk,Halal,Chinese,Mr Bean - National Centre for Infectious Disease,16 Jalan Tan Tock Seng #B1-05 National Centre for Infectious Disease Singapore 308442,Central,"Lower in calories, Higher in wholegrains, Higher in wholegrains and lower in calories, Lower in sugar, Lower in sugar and source of dietary fibre",308442
Mr Bean International Pte. Ltd.,Mr Bean,Kiosk,Halal,Chinese,Mr Bean - Northpoint City,1 Northpoint Drive #B2-130 Northpoint City Singapore 768019,North,"Lower in calories, Higher in wholegrains, Higher in wholegrains and lower in calories, Lower in sugar, Lower in sugar and source of dietary fibre",768019
Mr Bean International Pte. Ltd.,Mr Bean,Kiosk,Halal,Chinese,Mr Bean - Poiz Centre,51 Upper Serangoon Road #01-08 Poiz Centre Singapore 347697,North-East,"Lower in calories, Higher in wholegrains, Higher in wholegrains and lower in calories, Lower in sugar, Lower in sugar and source of dietary fibre",347697
Mr Bean International Pte. Ltd.,Mr Bean,Kiosk,Halal,Chinese,Mr Bean - NUH,9 Lower Kent Ridge Road #01-01 National University Hospital Centre of Oral Health Singapore 119085,West,"Lower in calories, Higher in wholegrains, Higher in wholegrains and lower in calories, Lower in sugar, Lower in sugar and source of dietary fibre",119085
Mr Bean International Pte. Ltd.,Mr Bean,Kiosk,Halal,Chinese,Mr Bean - Fusionopolis,1 Fusionopolis Place #01-06 Singapore 138632,West,"Lower in calories, Higher in wholegrains, Higher in wholegrains and lower in calories, Lower in sugar, Lower in sugar and source of dietary fibre",138632
Mr Bean International Pte. Ltd.,Mr Bean,Kiosk,Halal,Chinese,Mr Bean - KKH,100 Bukit Timah Road #01-01 KK Women's and Children's Hospital Singapore 229899,Central,"Lower in calories, Higher in wholegrains, Higher in wholegrains and lower in calories, Lower in sugar, Lower in sugar and source of dietary fibre",229899
Mr Bean International Pte. Ltd.,Mr Bean,Kiosk,Halal,Chinese,Mr Bean - Buangkok Link,911 Buangkok Link #01-04 Singapore 530911,North-East,"Lower in calories, Higher in wholegrains, Higher in wholegrains and lower in calories, Lower in sugar, Lower in sugar and source of dietary fibre",530911
Mr Bean International Pte. Ltd.,Mr Bean,Kiosk,Halal,Chinese,Mr Bean - Yishun Polyclinic,2 Yishun Avenue 9 #01-01 Yishun Polyclinic Singapore 768898,North,"Lower in calories, Higher in wholegrains, Higher in wholegrains and lower in calories, Lower in sugar, Lower in sugar and source of dietary fibre",768898
Mr Bean International Pte. Ltd.,Mr Bean,Kiosk,Halal,Chinese,Mr Bean - White Sands,1 Pasir Ris Central Street 3 #01-41 White Sands Singapore 518457,East,"Lower in calories, Higher in wholegrains, Higher in wholegrains and lower in calories, Lower in sugar, Lower in sugar and source of dietary fibre",518457
Mr Bean International Pte. Ltd.,Mr Bean,Kiosk,Halal,Chinese,Mr Bean - Paya Lebar Quarter,10 Paya Lebar Road #B2-16 Paya Lebar Quarter Singapore 409057,Central,"Lower in calories, Higher in wholegrains, Higher in wholegrains and lower in calories, Lower in sugar, Lower in sugar and source of dietary fibre",409057
Mr Bean International Pte. Ltd.,Mr Bean,Kiosk,Halal,Chinese,Mr Bean - NTU,"NS3 50 Nanyang Avenue #01-16 North Spine Plaza, NTU Singapore 639798",West,"Lower in calories, Higher in wholegrains, Higher in wholegrains and lower in calories, Lower in sugar, Lower in sugar and source of dietary fibre",639798
Mr Bean International Pte. Ltd.,Mr Bean,Kiosk,Halal,Chinese,Mr Bean - Woodlands Health,"17 Woodlands Drive 17, Woodlands Health #B2-14 Singapore 737628",North,"Lower in calories, Higher in wholegrains, Higher in wholegrains and lower in calories, Lower in sugar, Lower in sugar and source of dietary fibre",737628
Mr Bean International Pte. Ltd.,Mr Bean,Kiosk,Halal,Chinese,Mr Bean - Tiong Bahru Plaza,302 Tiong Bahru Road #B1-K4 Tiong Bahru Plaza Singapore 168732,Central,"Lower in calories, Higher in wholegrains, Higher in wholegrains and lower in calories, Lower in sugar, Lower in sugar and source of dietary fibre",168732
Mr Bean International Pte. Ltd.,Mr Bean,Kiosk,Halal,Chinese,Mr Bean - Suntec City Mall,99 Temasek Boulevard #B1-106 Suntec City Mall East Wing 3 Singapore 038983,Central,"Lower in calories, Higher in wholegrains, Higher in wholegrains and lower in calories, Lower in sugar, Lower in sugar and source of dietary fibre",38983
Mr Bean International Pte. Ltd.,Mr Bean,Kiosk,Halal,Chinese,Mr Bean - East Point Mall,3 Simei Street 6 #01-05 Eastpoint Mall Singapore 528833,East,"Lower in calories, Higher in wholegrains, Higher in wholegrains and lower in calories, Lower in sugar, Lower in sugar and source of dietary fibre",528833
Mr Bean International Pte. Ltd.,Mr Bean,Kiosk,Halal,Chinese,Mr Bean - HarbourFront Centre,1 Maritime Square #01-K4 Harbourfront Centre Singapore 099253,Central,"Lower in calories, Higher in wholegrains, Higher in wholegrains and lower in calories, Lower in sugar, Lower in sugar and source of dietary fibre",99253
Mr Bean International Pte. Ltd.,Mr Bean,Kiosk,Halal,Chinese,Mr Bean - JEM,50 Jurong Gateway Road #B1-K4 JEM Singapore 608549,West,"Lower in calories, Higher in wholegrains, Higher in wholegrains and lower in calories, Lower in sugar, Lower in sugar and source of dietary fibre",608549
Mr Bean International Pte. Ltd.,Mr Bean,Kiosk,Halal,Chinese,Mr Bean - Fajar Shopping Centre,445 Fajar Road #01-540 Fajar Shopping Centre Singapore 670445,West,"Lower in calories, Higher in wholegrains, Higher in wholegrains and lower in calories, Lower in sugar, Lower in sugar and source of dietary fibre",670445
Mr Bean International Pte. Ltd.,Mr Bean,Kiosk,Halal,Chinese,Mr Bean - Eunos MRT,30 Eunos Crescent #01-04 Eunos MRT Singapore 409423,East,"Lower in calories, Higher in wholegrains, Higher in wholegrains and lower in calories, Lower in sugar, Lower in sugar and source of dietary fibre",409423
Mr Bean International Pte. Ltd.,Mr Bean,Kiosk,Halal,Chinese,Mr Bean - Hougang Mall,90 Hougang Ave 10 #B1-13A Hougang Mall Singapore 538766,North-East,"Lower in calories, Higher in wholegrains, Higher in wholegrains and lower in calories, Lower in sugar, Lower in sugar and source of dietary fibre",538766
Mr Bean International Pte. Ltd.,Mr Bean,Kiosk,Halal,Chinese,Mr Bean - ITE AMK,2 Ang Mo Kio Drive #02-01 ITE Ang Mo Kio - Blk C Singapore 567720,North-East,"Lower in calories, Higher in wholegrains, Higher in wholegrains and lower in calories, Lower in sugar, Lower in sugar and source of dietary fibre",567720
Mr Bean International Pte. Ltd.,Mr Bean,Kiosk,Halal,Chinese,Mr Bean - Jurong East MRT,10 Jurong East Street 12 #01-10 Jurong East MRT Singapore 609690,West,"Lower in calories, Higher in wholegrains, Higher in wholegrains and lower in calories, Lower in sugar, Lower in sugar and source of dietary fibre",609690
Mr Bean International Pte. Ltd.,Mr Bean,Kiosk,Halal,Chinese,Mr Bean - The Seletar Mall,33 Sengkang West Ave #B1-K6 The Seletar Mall Singapore 797653,North-East,"Lower in calories, Higher in wholegrains, Higher in wholegrains and lower in calories, Lower in sugar, Lower in sugar and source of dietary fibre",797653
Mr Bean International Pte. Ltd.,Mr Bean,Kiosk,Halal,Chinese,Mr Bean - Tanjong Pagar Plaza,1 Tanjong Pagar #01-44A Tanjong Pagar Plaza Singapore 082001,Central,"Lower in calories, Higher in wholegrains, Higher in wholegrains and lower in calories, Lower in sugar, Lower in sugar and source of dietary fibre",82001
MTT Group Pte Ltd,Mr Teh Tarik,Brand Chain,Halal,Drinks,My Briyani House - Marine Cove,"1000 East Coast Parkway #01-04, East Coast Park, Singapore 449876",East,"Lower in sugar, No added sugar",449876
MTT Group Pte Ltd,Mr Teh Tarik,Brand Chain,Halal,Drinks,Mr Teh Tarik Express - Far East Square,"135 Amoy Street #01-01, Far East Square Singapore 049964",Central,"Lower in sugar, No added sugar",49964
MTT Group Pte Ltd,Mr Teh Tarik,Brand Chain,Halal,Drinks,Mr Teh Tarik Express - Northpoint Shopping Centre,"930 Yishun Ave 2, #01-03, Northpoint Shopping Centre, Singapore 769098",North,"Lower in sugar, No added sugar",769098
MTT Group Pte Ltd,Mr Teh Tarik,Brand Chain,Halal,Drinks,Mr Teh Tarik Express - Singapore Post Centre,"10 Eunos Road 8, #B1-130/131, Singapore Post Centre, Singapore 408600",East,"Lower in sugar, No added sugar",408600
MTT Group Pte Ltd,Mr Teh Tarik,Brand Chain,Halal,Drinks,Mr Teh Tarik Express - Changi Airport Terminal 3,"65 Airport Boulevard, #B2-22, Singapore 819663",East,"Lower in sugar, No added sugar",819663
MTT Group Pte Ltd,Mr Teh Tarik,Brand Chain,Halal,Drinks,Mr Teh Tarik Eating House- AMK 728,"Blk 728 Ang Mo Kio Ave 6, #01-4200, Singapore 560728",North-East,"Lower in sugar, No added sugar",560728
MTT Group Pte Ltd,Mr Teh Tarik,Brand Chain,Halal,Drinks,Mr Teh Tarik Eating House- Geylang Serai,"Blk 1 Geylang Serai, #01-210, Singapore 402001",East,"Lower in sugar, No added sugar",402001
MTT Group Pte Ltd,Mr Teh Tarik,Brand Chain,Halal,Drinks,Mr Teh Tarik Eating House- JW,Blk 456 Jurong West Street 41 #01-750 Singapore 640456,West,"Lower in sugar, No added sugar",640456
MTT Group Pte Ltd,Mr Teh Tarik,Brand Chain,Halal,Drinks,Mr Teh Tarik Eating House- Woodlands,"Blk 306A Woodlands Street 31, #01-01, Singapore 731306",North,"Lower in sugar, No added sugar",731306
MTT Group Pte Ltd,Mr Teh Tarik,Brand Chain,Halal,Drinks,Mr Teh Tarik Eating House- Yishun,"Blk 846 Yishun Ring Road, #01-3603, Singapore 760846",North,"Lower in sugar, No added sugar",760846
MTT Group Pte Ltd,Mr Teh Tarik,Brand Chain,Halal,Drinks,Mr Teh Tarik Café - Changi Airport Terminal 2 Carpark,60 Airport Boulevard Singapore 819643,East,"Lower in sugar, No added sugar",819643
MTT Group Pte Ltd,Mr Teh Tarik,Brand Chain,Halal,Drinks,Mr Teh Tarik Express - Seletar Airport,21 Aerospace Road #01-05 Seletar Airport Singapore 819663,East,"Lower in sugar, No added sugar",819663
MUSCLE PREP,Muscle Prep,Café,,Western,Muscle Prep - KINEX,11 Tanjong Katong #B1-K22 KINEX Singapore 437157,East,"Lower in calories, Lower in calories and sodium, No added sugar",437157
MYT F&B HOLDINGS PTE. LTD.,LAO JIANG SUPERIOR SOUP,Restaurant,,Chinese,Lao Jiang Superior Soup (IMM),2 Jurong East Street 21 #01-K09 IMM Building Singapore 609601,West,"Lower in sugar, No added sugar",609601
MYT F&B HOLDINGS PTE. LTD.,LAO JIANG SUPERIOR SOUP,Restaurant,,Chinese,Lao Jiang Superior Soup (Anchorvale Village),339 Anchorvale Road #01-25 Singapore 540339,North-East,"Lower in sugar, No added sugar",540339
MYT F&B HOLDINGS PTE. LTD.,LAO JIANG SUPERIOR SOUP,Restaurant,,Chinese,Lao Jiang Superior Soup (The Linq),118 Upper Bukit Timah Road #01-05 The Linq Singapore 588173,Central,"Lower in sugar, No added sugar",588173
MYT F&B HOLDINGS PTE. LTD.,LAO JIANG SUPERIOR SOUP,Restaurant,,Chinese,Lao Jiang Superior Soup (Oasis Terraces),681 Punggol Drive #01-42 Oasis Terraces Singapore 820681,North-East,"Lower in sugar, No added sugar",820681
NAKED EARTH CAFE PTE. LTD.,Naked Earth Cafe,Restaurant,Halal,Fusion,Naked Earth Café,51 Telok Ayer Street #1-05 China Square Food Centre Singapore 048441,Central,Lower in calories,48441
Nando's Chickenland SG Pte Ltd,Nando's,Restaurant,Halal,Other,Nando's - Jurong Point,1 Jurong West Central 2 #02-32/33 Jurong Point 1 Singapore 648886,West,"Lower in calories, Lower in sugar, No added sugar",648886
Nando's Chickenland SG Pte Ltd,Nando's,Restaurant,Halal,Other,Nando's - The Star Vista,1 Vista Exchange Green #B1-09 The Star Vista Singapore 138617,Central,"Lower in calories, Lower in sugar, No added sugar",138617
Nando's Chickenland SG Pte Ltd,Nando's,Restaurant,Halal,Other,Nando's - Tampines Mall,4 Tampines Central 5 #01-46 Tampines Mall Singapore 529510,East,"Lower in calories, Lower in sugar, No added sugar",529510
Nando's Chickenland SG Pte Ltd,Nando's,Restaurant,Halal,Other,Nando's - Plaza Singapura,68 Orchard Road #04-10/11 Plaza Singapura Singapore 238839,Central,"Lower in calories, Lower in sugar, No added sugar",238839
Nando's Chickenland SG Pte Ltd,Nando's,Restaurant,Halal,Other,Nando's - Tanglin Mall,"163 Tanglin Road, #01-115/116/117 Tanglin Mall Singapore 247933",Central,"Lower in calories, Lower in sugar, No added sugar",247933
Nando's Chickenland SG Pte Ltd,Nando's,Restaurant,Halal,Other,Nando's - Bugis Junction,200 Victoria Street #01-85-87 Bugis Junction Singapore 188021,Central,"Lower in calories, Lower in sugar, No added sugar",188021
Nando's Chickenland SG Pte Ltd,Nando's,Restaurant,Halal,Other,Nando's- Jurong Point,1 Jurong West Central 2 #02-32/33 Jurong Point 1 Singapore 648886,West,"Lower in calories, Lower in calories and sodium, Lower in sodium, No added sugar",648886
Nando's Chickenland SG Pte Ltd,Nando's,Restaurant,Halal,Other,Nando's- Plaza Singapura,68 Orchard Road #04-10/11 Plaza Singapura Singapore 238839,Central,"Lower in calories, Lower in calories and sodium, Lower in sodium, No added sugar",238839
Nando's Chickenland SG Pte Ltd,Nando's,Restaurant,Halal,Other,Nando's- Tanglin Mall,"163 Tanglin Road, #01-115/116/117 Tanglin Mall Singapore 247933",Central,"Lower in calories, Lower in calories and sodium, Lower in sodium, No added sugar",247933
Nando's Chickenland SG Pte Ltd,Nando's,Restaurant,Halal,Other,Nando's- Bugis Junction,200 Victoria Street #01-85-87 Bugis Junction Singapore 247933,Central,"Lower in calories, Lower in calories and sodium, Lower in sodium, No added sugar",247933
NATURAL GRAIN PTE. LTD.,QQ Rice,Kiosk,,Chinese,QQ Rice - Jurong Point,1 Jurong West Central 2 #01-32 Jurong Point Shopping Centre Singapore 648886,West,"Lower in calories, Higher in wholegrains, Higher in wholegrains and lower in calories, No added sugar",648886
NATURAL GRAIN PTE. LTD.,QQ Rice,Kiosk,,Chinese,QQ Rice - NUH,1 Lower Kent Ridge Road #01-02 (NUH Medical Centre) Singapore 119082,West,"Lower in calories, Higher in wholegrains, Higher in wholegrains and lower in calories, No added sugar",119082
NATURAL GRAIN PTE. LTD.,QQ Rice,Kiosk,,Chinese,QQ Rice - Square 2,10 Sinaran Drive #01-06 Square 2 Singapore 307506,Central,"Lower in calories, Higher in wholegrains, Higher in wholegrains and lower in calories, No added sugar",307506
NATURAL GRAIN PTE. LTD.,QQ Rice,Kiosk,,Chinese,QQ Rice - Woodlands MRT,3 Woodlands Avenue 2 #01-11 Woodlands MRT Station Singapore 738343,North,"Lower in calories, Higher in wholegrains, Higher in wholegrains and lower in calories, No added sugar",738343
NATURAL GRAIN PTE. LTD.,QQ Rice,Kiosk,,Chinese,QQ Rice - NUS S16,"S16, Level 1, Kiosk 2, 3 Science Dr. 2, NUS #00-00 Singapore 117543",West,"Lower in calories, Higher in wholegrains, Higher in wholegrains and lower in calories, No added sugar",117543
NATURAL GRAIN PTE. LTD.,QQ Rice,Kiosk,,Chinese,QQ Rice - Ng Teng Fong Hospital,"1 1 Jurong East Street 21, Ng Teng Fong General Hospital #02-28 Ng Teng Fong Hospital Singapore 609606",West,"Lower in calories, Higher in wholegrains, Higher in wholegrains and lower in calories, No added sugar",609606
Nick Vina Artisan Bakery Pte Ltd,Nick Vina Artisan Bakery,Bakery,,"Breads, cakes, cookies, pastries",Nick Vina Artisan Bakery - Gopeng St,12 Gopeng Street #01-54/55 Singapore 078877,Central,"Lower in calories, Higher in wholegrains, Higher in wholegrains and lower in calories, No added sugar",78877
NIHARIKA PTE. LTD.,CALI,Restaurant,,Western,"Cali, Park Avenue Rochester","31 Rochester Drive, #01-01 Park Avenue Rochester Singapore 138637",Central,"Lower in calories, No added sugar",138637
NIHARIKA PTE. LTD.,CALI,Restaurant,,Western,"Cali, Ascott Raffles Place",2 Finlayson Green #02-01 Ascott Raffles Place Singapore 049247,Central,"Lower in calories, No added sugar",49247
Niwa Sushi Pte. Ltd.,umisushi,Quick Service Restaurant/Fast Food,,Japanese,umisushi - AMK hub,53 Ang Mo Kio Avenue 3 #B2-11 Ang Mo Kio Hub Singapore 569933,North-East,"Lower in calories, No added sugar",569933
Niwa Sushi Pte. Ltd.,umisushi,Quick Service Restaurant/Fast Food,,Japanese,umisushi - Alexandra Retail Centre,460 Alexandra Road #01-22 Alexandra Retail Centre Singapore 119963,Central,"Lower in calories, No added sugar",119963
Niwa Sushi Pte. Ltd.,umisushi,Quick Service Restaurant/Fast Food,,Japanese,umisushi - Bukit Gombak MRT,Bukit Batok West Avenue 5 #01-02 Bukit Gombak MRT Singapore 659083,West,"Lower in calories, No added sugar",659083
Niwa Sushi Pte. Ltd.,umisushi,Quick Service Restaurant/Fast Food,,Japanese,umisushi - Changi General Hospital,2 Simei Street 3 #01-04 Changi General Hospital Singapore 529889,East,"Lower in calories, No added sugar",529889
Niwa Sushi Pte. Ltd.,umisushi,Quick Service Restaurant/Fast Food,,Japanese,umisushi - Compass One,1 Sengkang Square #B1-49 Compass One Singapore 545078,North-East,"Lower in calories, No added sugar",545078
Niwa Sushi Pte. Ltd.,umisushi,Quick Service Restaurant/Fast Food,,Japanese,umisushi - Eunos MRT,30 Eunos Crescent #01-12 Eunos MRT Station Singapore 409423,East,"Lower in calories, No added sugar",409423
Niwa Sushi Pte. Ltd.,umisushi,Quick Service Restaurant/Fast Food,,Japanese,umisushi - East Point Mall,3 Simei Street 6 #B1-K5 East Point Mall Singapore 528833,East,"Lower in calories, No added sugar",528833
Niwa Sushi Pte. Ltd.,umisushi,Quick Service Restaurant/Fast Food,,Japanese,umisushi - Hougang Mall,90 Hougang Avenue 10 #01-42/23 Hougang Mall Singapore 538766,North-East,"Lower in calories, No added sugar",538766
Niwa Sushi Pte. Ltd.,umisushi,Quick Service Restaurant/Fast Food,,Japanese,umisushi - Holland Village MRT,200 Holland Avenue #B1- 10  Holland Village MRT Station Singapore 278995,Central,"Lower in calories, No added sugar",278995
Niwa Sushi Pte. Ltd.,umisushi,Quick Service Restaurant/Fast Food,,Japanese,umisushi - Kallang Bahru,67 Kallang Bahru #01-451 Singapore 330067,Central,"Lower in calories, No added sugar",330067
Niwa Sushi Pte. Ltd.,umisushi,Quick Service Restaurant/Fast Food,,Japanese,umisushi - Mount Alvernia Hospital,820 Thomson Road #01-27 Mount Alvernian Hospital Medical Centre Singapore 574623,Central,"Lower in calories, No added sugar",574623
Niwa Sushi Pte. Ltd.,umisushi,Quick Service Restaurant/Fast Food,,Japanese,umisushi - ONE Raffles Place,1 Raffles Place #B1-24/25 OUB Centre Singapore 048616,Central,"Lower in calories, No added sugar",48616
Niwa Sushi Pte. Ltd.,umisushi,Quick Service Restaurant/Fast Food,,Japanese,umisushi - The Seletar Mall,33 Sengkang West Avenue #B1-09 The Seletar Mall Singapore 797653,North-East,"Lower in calories, No added sugar",797653
Niwa Sushi Pte. Ltd.,umisushi,Quick Service Restaurant/Fast Food,,Japanese,umisushi - 313@Somerset,313 Orchard Road 313@Somerset #B3-41 Singapore 238895,Central,"Lower in calories, No added sugar",238895
Niwa Sushi Pte. Ltd.,umisushi,Quick Service Restaurant/Fast Food,,Japanese,umisushi - Suntec City Mall,"3 Temasek Boulevard, #B1-151 Suntec City Mall Tower 1 Singapore 038983",Central,"Lower in calories, No added sugar",38983
Niwa Sushi Pte. Ltd.,umisushi,Quick Service Restaurant/Fast Food,,Japanese,umisushi - TTSH,11 Jalan Tan Tock Seng #01-09 Tan Tock Seng Hospital Singapore 308433,Central,"Lower in calories, No added sugar",308433
Niwa Sushi Pte. Ltd.,umisushi,Quick Service Restaurant/Fast Food,,Japanese,umisushi - NTU North Spine,"North Spine, 50 Nanyang Avenue, NS3-01-19, Singapore 639798",West,"Lower in calories, No added sugar",639798
Niwa Sushi Pte. Ltd.,umisushi,Quick Service Restaurant/Fast Food,,Japanese,umisushi - Waterway Point,83 Punggol Central #B2-02 Waterway Point Singapore 828761,North-East,"Lower in calories, No added sugar",828761
NTUC Foodfare Co-operative Limited,Heavenly Wang,Restaurant,Halal,Chinese,Heavenly Wang - 712 AMK,712 Ang Mo Kio Ave 6 #01-0456 Fairprice Singapore 560712,North-East,"Lower in calories, Lower in calories and sodium, Higher in wholegrains, Higher in wholegrains and lower in calories, No added sugar",560712
NTUC Foodfare Co-operative Limited,Heavenly Wang,Restaurant,Halal,Chinese,Heavenly Wang - Bukit Panjang Plaza,1 Jalan Jelebu #01-53/54 Bukit Panjang Plaza Singapore 677743,West,"Lower in calories, Lower in calories and sodium, Higher in wholegrains, Higher in wholegrains and lower in calories, No added sugar",677743
NTUC Foodfare Co-operative Limited,Heavenly Wang,Restaurant,Halal,Chinese,Heavenly Wang - Safra Mount Faber,"2 Telok Blangah Way #01-05 Safra Mount Faber, Singapore 098803",Central,"Lower in calories, Lower in calories and sodium, Higher in wholegrains, Higher in wholegrains and lower in calories, No added sugar",98803
NTUC Foodfare Co-operative Limited,Heavenly Wang,Restaurant,Halal,Chinese,Heavenly Wang - Bedok Heartbeat,"11 Bedok North Street 1, #01-32, Heartbeat@Bedok Singapore 469662",East,"Lower in calories, Lower in calories and sodium, Higher in wholegrains, Higher in wholegrains and lower in calories, No added sugar",469662
NTUC Foodfare Co-operative Limited,Heavenly Wang,Restaurant,Halal,Chinese,Heavenly Wang - Bukit Batok Home Team,2 Bukit Batok West Ave 7 #01-09C Singapore 659003,West,"Lower in calories, Lower in calories and sodium, Higher in wholegrains, Higher in wholegrains and lower in calories, No added sugar",659003
NTUC Foodfare Co-operative Limited,Heavenly Wang,Restaurant,Halal,Chinese,Heavenly Wang - Sengkang General Hospital,"110 Sengkang East Way, #01-01, Singapore 544886",North-East,"Lower in calories, Lower in calories and sodium, Higher in wholegrains, Higher in wholegrains and lower in calories, No added sugar",544886
NTUC Foodfare Co-operative Limited,Heavenly Wang,Restaurant,Halal,Chinese,Heavenly Wang - Terminal 1,"80 Airport Boulevard, #02-03, Departure Check In Hall West, Singapore 819642",East,"Lower in calories, Lower in calories and sodium, Higher in wholegrains, Higher in wholegrains and lower in calories, No added sugar",819642
NTUC Foodfare Co-operative Limited,Heavenly Wang,Restaurant,Halal,Chinese,Heavenly Wang - Changi Airport T3,65 Airport Boulevard #01-25 Changi Airport Terminal 3 Arrival Meeting Hall North Singapore 819663,East,"Lower in calories, Lower in calories and sodium, Higher in wholegrains, Higher in wholegrains and lower in calories, No added sugar",819663
NTUC Foodfare Co-operative Limited,Heavenly Wang,Restaurant,Halal,Chinese,Heavenly Wang - Changi Airport Terminal 1 Transit,80 Changi Boulevard Changi Airport Terminal 1 Departure Transit Lounge West #02-K08 Singapore 819642,East,"Lower in calories, Lower in calories and sodium, Higher in wholegrains, Higher in wholegrains and lower in calories, No added sugar",819642
NTUC Foodfare Co-operative Limited,Heavenly Wang,Restaurant,Halal,Chinese,Heavenly Wang - Changi Airport Terminal 2,"60 Airport Boulevard #01-09/10 Changi Airport Terminal 2, Arrival Hall South Singapore 819643",East,"Lower in calories, Lower in calories and sodium, Higher in wholegrains, Higher in wholegrains and lower in calories, No added sugar",819643
NTUC Foodfare Co-operative Limited,Heavenly Wang,Restaurant,Halal,Chinese,Heavenly Wang - Coronation Plaza,587 Bukit Timah Road #01-01 Coronation Plaza Singapore 269707,Central,"Lower in calories, Lower in calories and sodium, Higher in wholegrains, Higher in wholegrains and lower in calories, No added sugar",269707
NTUC Foodfare Co-operative Limited,Heavenly Wang,Restaurant,Halal,Chinese,Heavenly Wang - Hougang 1,1 Hougang Street 91 #01-22 Singapore 538692,North-East,"Lower in calories, Lower in calories and sodium, Higher in wholegrains, Higher in wholegrains and lower in calories, No added sugar",538692
NTUC Foodfare Co-operative Limited,Heavenly Wang,Restaurant,Halal,Chinese,Heavenly Wang - Millenia Walk,9 Raffles Boulevard #01-91 Millenia Walk Singapore 039596,Central,"Lower in calories, Lower in calories and sodium, Higher in wholegrains, Higher in wholegrains and lower in calories, No added sugar",39596
NTUC Foodfare Co-operative Limited,Heavenly Wang,Restaurant,Halal,Chinese,Heavenly Wang - Ng Teng Fong Hospital,1 Jurong East Street 21 #01-02 Ng Teng Fong General Hospital Tower B Singapore 609606,West,"Lower in calories, Lower in calories and sodium, Higher in wholegrains, Higher in wholegrains and lower in calories, No added sugar",609606
NTUC Foodfare Co-operative Limited,Heavenly Wang,Restaurant,Halal,Chinese,Heavenly Wang - Novena Square 2,10 Sinaran Drive #01-155 Novena Square 2 Singapore 307506,Central,"Lower in calories, Lower in calories and sodium, Higher in wholegrains, Higher in wholegrains and lower in calories, No added sugar",307506
NTUC Foodfare Co-operative Limited,Heavenly Wang,Restaurant,Halal,Chinese,Heavenly Wang - One Marina Boulevard,1 Marina Boulevard #B1-02 Singapore 018989,Central,"Lower in calories, Lower in calories and sodium, Higher in wholegrains, Higher in wholegrains and lower in calories, No added sugar",18989
NTUC Foodfare Co-operative Limited,Heavenly Wang,Restaurant,Halal,Chinese,Heavenly Wang - Pasir Ris West Plaza,735 Street 72 #01-342 Pasir Ris West Plaza Singapore 510735,East,"Lower in calories, Lower in calories and sodium, Higher in wholegrains, Higher in wholegrains and lower in calories, No added sugar",510735
NTUC Foodfare Co-operative Limited,Heavenly Wang,Restaurant,Halal,Chinese,Heavenly Wang - Takashimaya Shopping Centre,"391B Orchard Road Takashimaya Shopping Centre, Ngee Ann City #B2-30, Singapore 238874",Central,"Lower in calories, Lower in calories and sodium, Higher in wholegrains, Higher in wholegrains and lower in calories, No added sugar",238874
NTUC Foodfare Co-operative Limited,Heavenly Wang,Restaurant,Halal,Chinese,Heavenly Wang – Tanglin Mall,163 Tanglin Rd #B1-127 Tanglin Mall Singapore 247933,Central,"Lower in calories, Lower in calories and sodium, Higher in wholegrains, Higher in wholegrains and lower in calories, No added sugar",247933
NTUC Foodfare Co-operative Limited,Heavenly Wang,Restaurant,Halal,Chinese,Heavenly Wang - Toa Payoh,399 Lorong 2 Toa Payoh Singapore 319640,Central,"Lower in calories, Lower in calories and sodium, Higher in wholegrains, Higher in wholegrains and lower in calories, No added sugar",319640
NTUC Foodfare Co-operative Limited,Heavenly Wang,Restaurant,Halal,Chinese,Heavenly Wang - Changi Airport Terminal 4,"10 Airport Boulevard #02-80 Changi Airport Terminal 4, Departure/Transit Lounge Singapore 819665",East,"Lower in calories, Lower in calories and sodium, Higher in wholegrains, Higher in wholegrains and lower in calories, No added sugar",819665
NTUC Foodfare Co-operative Limited,Heavenly Wang,Restaurant,Halal,Chinese,Heavenly Wang - Khoo Teck Phuat Hospital,90 Yishun Central #B1-08 Khoo Teck Phuat Hospital Singapore 768828,North,"Lower in calories, Lower in calories and sodium, Higher in wholegrains, Higher in wholegrains and lower in calories, No added sugar",768828
NTUC FOODFARE CO-OPERATIVE LTD,Heavenly Wang,Restaurant,Halal,Chinese,Heavenly Wang - 712 AMK,712 Ang Mo Kio Ave 6 #01-0456 Fairprice Singapore 560712,North-East,"Higher in wholegrains, Higher in wholegrains and lower in calories, No added sugar",560712
NTUC FOODFARE CO-OPERATIVE LTD,Heavenly Wang,Restaurant,Halal,Chinese,Heavenly Wang - Bukit Panjang Plaza,1 Jalan Jelebu #01-53/54 Bukit Panjang Plaza Singapore 677743,West,"Higher in wholegrains, Higher in wholegrains and lower in calories, No added sugar",677743
NTUC FOODFARE CO-OPERATIVE LTD,Heavenly Wang,Restaurant,Halal,Chinese,Heavenly Wang - Millenia Walk,9 Raffles Boulevard #01-91 Millenia Walk Singapore 039596,South-West,"Higher in wholegrains, Higher in wholegrains and lower in calories, No added sugar",39596
NTUC FOODFARE CO-OPERATIVE LTD,Heavenly Wang,Restaurant,Halal,Chinese,Heavenly Wang - Pasir Ris West Plaza,735 Street 72 #01-342 Pasir Ris West Plaza Singapore 510735,East,"Higher in wholegrains, Higher in wholegrains and lower in calories, No added sugar",510735
NTUC FOODFARE CO-OPERATIVE LTD,Heavenly Wang,Restaurant,Halal,Chinese,Heavenly Wang - One Marina Boulevard,1 Marina Boulevard #B1-02 Singapore 018989,Central,"Higher in wholegrains, Higher in wholegrains and lower in calories, No added sugar",18989
NTUC FOODFARE CO-OPERATIVE LTD,Heavenly Wang,Restaurant,Halal,Chinese,Heavenly Wang - Bukit Batok Home Team,2 Bukit Batok West Ave 7 #01-09C Singapore 659003,West,"Higher in wholegrains, Higher in wholegrains and lower in calories, No added sugar",659003
NTUC FOODFARE CO-OPERATIVE LTD,Heavenly Wang,Restaurant,Halal,Chinese,Heavenly Wang – Tanglin Mall,163 Tanglin Rd #B1-127 Tanglin Mall Singapore 247933,Central,"Higher in wholegrains, Higher in wholegrains and lower in calories, No added sugar",247933
NTUC FOODFARE CO-OPERATIVE LTD,Heavenly Wang,Restaurant,Halal,Chinese,Heavenly Wang – Changi Airport Terminal 2,"60 Airport Boulevard #01-09/10 Changi Airport Terminal 2, Arrival Hall South Singapore 819643",East,"Higher in wholegrains, Higher in wholegrains and lower in calories, No added sugar",819643
NTUC FOODFARE CO-OPERATIVE LTD,Heavenly Wang,Restaurant,Halal,Chinese,Heavenly Wang - Coronation Plaza,587 Bukit Timah Road #01-01 Coronation Plaza Singapore 269707,Central,"Higher in wholegrains, Higher in wholegrains and lower in calories, No added sugar",269707
NTUC FOODFARE CO-OPERATIVE LTD,Heavenly Wang,Restaurant,Halal,Chinese,Heavenly Wang - Toa Payoh,399 Lorong 2 Toa Payoh Singapore 319640,Central,"Higher in wholegrains, Higher in wholegrains and lower in calories, No added sugar",319640
NTUC FOODFARE CO-OPERATIVE LTD,Heavenly Wang,Restaurant,Halal,Chinese,Heavenly Wang - Novena Square 2,10 Sinaran Drive #01-155 Novena Square 2 Singapore 307506,Central,"Higher in wholegrains, Higher in wholegrains and lower in calories, No added sugar",307506
NTUC FOODFARE CO-OPERATIVE LTD,Heavenly Wang,Restaurant,Halal,Chinese,Heavenly Wang - Bedok Heartbeat,11 Bedok North Street 1 #01-32 Heartbeat@Bedok Singapore 469662,East,"Higher in wholegrains, Higher in wholegrains and lower in calories, No added sugar",469662
NTUC FOODFARE CO-OPERATIVE LTD,Heavenly Wang,Restaurant,Halal,Chinese,Heavenly Wang - Changi Airport T3,65 Airport Boulevard #01-25 Changi Airport Terminal 3 Arrival Meeting Hall North Singapore 819663,East,"Higher in wholegrains, Higher in wholegrains and lower in calories, No added sugar",819663
NTUC FOODFARE CO-OPERATIVE LTD,Heavenly Wang,Restaurant,Halal,Chinese,Heavenly Wang - Changi Airport Terminal 1 Transit,80 Changi Boulevard #02-K08 Changi Airport Terminal 1 Departure Transit Lounge West Singapore 819642,East,"Higher in wholegrains, Higher in wholegrains and lower in calories, No added sugar",819642
NTUC FOODFARE CO-OPERATIVE LTD,Heavenly Wang,Restaurant,Halal,Chinese,Heavenly Wang - Hougang 1,1 Hougang Street 91 #01-22 Hougang 1 Singapore 538692,North-East,"Higher in wholegrains, Higher in wholegrains and lower in calories, No added sugar",538692
NTUC FOODFARE CO-OPERATIVE LTD,Heavenly Wang,Restaurant,Halal,Chinese,Heavenly Wang - Ng Teng Fong Hospital,1 Jurong East Street 21 #01-02 Ng Teng Fong General Hospital Tower B Singapore 609606,West,"Higher in wholegrains, Higher in wholegrains and lower in calories, No added sugar",609606
NTUC FOODFARE CO-OPERATIVE LTD,Heavenly Wang,Restaurant,Halal,Chinese,Heavenly Wang - Safra Mount Faber,2 Telok Blangah Way #01-05 Safra Mount Faber Singapore 098803,Central,"Higher in wholegrains, Higher in wholegrains and lower in calories, No added sugar",98803
NTUC FOODFARE CO-OPERATIVE LTD,Heavenly Wang,Restaurant,Halal,Chinese,Heavenly Wang - Sengkang General Hospital,110 Sengkang East Way #01-01 Sengkang General Hospital Singapore 544886,North-East,"Higher in wholegrains, Higher in wholegrains and lower in calories, No added sugar",544886
NTUC FOODFARE CO-OPERATIVE LTD,Heavenly Wang,Restaurant,Halal,Chinese,Heavenly Wang - Takashimaya Shopping Centre,"391B Orchard Road #B2-30 Takashimaya Shopping Centre, Ngee Ann City Singapore 238874",Central,"Higher in wholegrains, Higher in wholegrains and lower in calories, No added sugar",238874
NTUC FOODFARE CO-OPERATIVE LTD,Heavenly Wang,Restaurant,Halal,Chinese,Heavenly Wang - Terminal 1,80 Airport Boulevard #02-03 Departure Check In Hall West Singapore 819642,East,"Higher in wholegrains, Higher in wholegrains and lower in calories, No added sugar",819642
Oldtown Singapore Pte. Ltd.,OLDTOWN WHITE COFFEE,Restaurant,Halal,Chinese,Old Town White Coffee - Square 2,10 Sinaran Drive #01-01/02 Square 2 Singapore 307506,Central,"Lower in calories, Lower in sugar, No added sugar",307506
Oldtown Singapore Pte. Ltd.,OLDTOWN WHITE COFFEE,Restaurant,Halal,Chinese,Old Town White Coffee - Coastal Playgrove,902 East Coast Parkway (Area B) - Block E #01-03 Aquatic Complex (Big Splash) Singapore 449874,East,"Lower in calories, Lower in sugar, No added sugar",449874
Oldtown Singapore Pte. Ltd.,OLDTOWN WHITE COFFEE,Restaurant,Halal,Chinese,Old Town White Coffee - Kallang Wave Mall,1 Stadium Place #01-18/19 Kallang Wave Mall Singapore 397628,Central,"Lower in calories, Lower in sugar, No added sugar",397628
Orchid Thai Pte Ltd,Orchid Thai,Café,Halal,Other,Lai Makan @ NCCS,30 Hospital Boulevard #02-04 National Cancer Centre Singapore Singapore 168583,Central,"Higher in wholegrains, Higher in wholegrains and lower in calories, No added sugar",168583
Orchid Thai Pte Ltd,Orchid Thai,Café,Halal,Other,Orchid Thai @ KKH,100 Bukit Timah Road #01-17 KK Women's and Chidren's Hospital Singapore 229899,Central,"Higher in wholegrains, Higher in wholegrains and lower in calories, No added sugar",229899
Orchid Thai Pte Ltd,Orchid Thai,Café,Halal,Other,Orchid Thai @ Bowyer,1 Hospital Crescent #01-01A Singapore General Hospital Bowyer Block Singapore 169608,Central,"Higher in wholegrains, Higher in wholegrains and lower in calories, No added sugar",169608
Orchid Thai Pte Ltd,Orchid Thai,Café,Halal,Other,Lai Makan @ Duke NUS,8 College Road #02-01 Duke NUS Medical School Singapore 169857,Central,"Higher in wholegrains, Higher in wholegrains and lower in calories, No added sugar",169857
Orchid Thai Pte Ltd,Orchid Thai,Café,Halal,Other,Lai Makan @ Duke NUS,8 College Road #02-01 Duke NUS Medical School Singapore 169857,West,"Higher in wholegrains, Higher in wholegrains and lower in calories, No added sugar",169857
orential herbal tea pte ltd,Oriental Herbal Tea,Kiosk,,Drinks,Oriental Herbal Tea (Jewel Changi Airport),78 Airport Boulevard #B2-245 Jewel Changi Airport Singapore 819666,East,"Lower in sugar, No added sugar",819666
orential herbal tea pte ltd,Oriental Herbal Tea,Kiosk,,Drinks,Oriental Herbal Tea (Jurong Point 2),63 Jurong West Central 3 #01-41 Jurong Point Shopping Centre Singapore 648331,West,"Lower in sugar, No added sugar",648331
orential herbal tea pte ltd,Oriental Herbal Tea,Kiosk,,Drinks,Oriental Herbal Tea (NEX),23 Serangoon Central #B2-68 NEX Shopping Mall Singapore 556083,North-East,"Lower in sugar, No added sugar",556083
orential herbal tea pte ltd,Oriental Herbal Tea,Kiosk,,Drinks,Oriental Herbal Tea (White Sand),1 Pasir Ris Central Street 3 #01-46 White Sands Shopping Centre Singapore 518457,East,"Lower in sugar, No added sugar",518457
orential herbal tea pte ltd,Oriental Herbal Tea,Kiosk,,Drinks,Oriental Herbal Tea (Bugis Junction),200 Victoria Street #B1-K6 Bugis Junction Singapore 188021,Central,"Lower in sugar, No added sugar",188021
P.O. NOSH PTE LTD,Dosirak,Quick Service Restaurant/Fast Food,,Korean,Dosirak - Guoco Tower,7 Wallich Street #B2-19 Guoco Tower Singapore 078884,Central,"Lower in calories, Higher in wholegrains and lower in calories",78884
P.O. NOSH PTE LTD,Dosirak,Quick Service Restaurant/Fast Food,,Korean,Dosirak - DUO Galleria,7 Fraser Street #B3-06/07 DUO Galleria Singapore 189356,Central,"Lower in calories, Higher in wholegrains and lower in calories",189356
P.O. NOSH PTE LTD,Dosirak,Quick Service Restaurant/Fast Food,,Korean,Dosirak - Downtown Gallery,6A Shenton Way #01-44/45 OUE Downtown Gallery Singapore 068815,Central,"Lower in calories, Higher in wholegrains and lower in calories",68815
Partea International Pte. Ltd.,Partea,Kiosk,,Bubble Tea,Partea - Suntec City,"3 Temasek Boulevard, #02-470, Suntec City Mall North Wing, Singapore 038983",Central,No added sugar,38983
Partea International Pte. Ltd.,Partea,Kiosk,,Bubble Tea,Partea - Waterway Point,"83 Punggol Central, #B1-K4, Waterway Point, Singapore 828761",North-East,No added sugar,828761
Partea International Pte. Ltd.,Partea,Kiosk,,Bubble Tea,Partea - Tampines,"2 Tampines Central 5, #B1-30, Tampines Century Square, Singapore 529509",East,No added sugar,529509
Partea International Pte. Ltd.,Partea,Kiosk,,Bubble Tea,Partea - Raffles,24 Clifford Centre NTUC Basement #B1-01 Singapore 048621,Central,No added sugar,48621
Partea International Pte. Ltd.,Partea,Kiosk,,Bubble Tea,Partea - Shenton,"6A Shenton Way, #03-29, OUE Downtown Gallery, Singapore 068807",Central,No added sugar,68807
Partea International Pte. Ltd.,Partea,Kiosk,,Bubble Tea,Partea - Airport,Airport T4 Departure Hall NTUC #02-205 Singapore 819662,East,No added sugar,819662
Pasta Fresca Da Salvatore Pte Ltd,Pasta Fresca Da Salvatore,Restaurant,,Western,Pasta Fresca Da Salvatore - Boat Quay,30 Boat Quay #01-00 Singapore 049819,Central,"Lower in calories, Lower in sugar, No added sugar",49819
Pasta Fresca Da Salvatore Pte Ltd,Pasta Fresca Da Salvatore,Restaurant,,Western,Pasta Fresca Da Salvatore - Guthrie House,1 Fifth Avenue #01-02 Guthrie House Singapore 268802,Central,"Lower in calories, Lower in sugar, No added sugar",268802
Pasta Fresca Da Salvatore Pte Ltd,Pasta Fresca Da Salvatore,Restaurant,,Western,Pasta Fresca Da Salvatore - East Coast Road,9 Upper East Coast Road #01-01 Singapore 455203,East,"Lower in calories, Lower in sugar, No added sugar",455203
Pistachio Restaurant Pte. Ltd.,Pistachio,Restaurant,Halal,Other,Pistachio - Wheelock Place,501 Orchard Road #02-04 Wheelock Place Singapore 238880,Central,"Lower in calories, No added sugar",238880
Pistachio Restaurant Pte. Ltd.,Pistachio,Restaurant,Halal,Other,Pistachio - Wheelock Place,501 Orchard Road #02-04/05 Wheelock Place Singapore 238880,Central,"Lower in calories, No added sugar",238880
Pizza Hut Singapore Pte Ltd,Pizza Hut,Restaurant,Halal,Western,Pizza Hut - Ang Mo Kio,Blk 715 Ang Mo Kio Avenue 6 #01-4000 Singapore 560715,North-East,"Lower in calories, Lower in sugar, No added sugar",560715
Pizza Hut Singapore Pte Ltd,Pizza Hut,Restaurant,Halal,Western,Pizza Hut - Bedok Mall,"311 New Upper Changi Road #B1-05/34 Bedok Mall, S467360",East,"Lower in calories, Lower in sugar, No added sugar",467360
Pizza Hut Singapore Pte Ltd,Pizza Hut,Restaurant,Halal,Western,Pizza Hut - Bukit Panjang Plaza,"1 Jelebu Road, #02-14/15 S677743",West,"Lower in calories, Lower in sugar, No added sugar",677743
Pizza Hut Singapore Pte Ltd,Pizza Hut,Restaurant,Halal,Western,Pizza Hut - Bukit Timah Plaza,Jalan Anak Bukit #01-16A Bukit Timah Plaza S588996,Central,"Lower in calories, Lower in sugar, No added sugar",588996
Pizza Hut Singapore Pte Ltd,Pizza Hut,Restaurant,Halal,Western,Pizza Hut - Causeway Point Shopping Centre,"No. 1 Woodlands Square, #B1-25 S738099",North,"Lower in calories, Lower in sugar, No added sugar",738099
Pizza Hut Singapore Pte Ltd,Pizza Hut,Restaurant,Halal,Western,Pizza Hut - Choa Chu Kang MRT,10 Choa Chu Kang Avenue 4 #01-23 Choa Chu Kang MRT Station Singapore 689810,West,"Lower in calories, Lower in sugar, No added sugar",689810
Pizza Hut Singapore Pte Ltd,Pizza Hut,Restaurant,Halal,Western,Pizza Hut - City Square Mall,180 Kitchener Road #01-19/21 City Square Mall S208539,Central,"Lower in calories, Lower in sugar, No added sugar",208539
Pizza Hut Singapore Pte Ltd,Pizza Hut,Restaurant,Halal,Western,Pizza Hut - Compass One,1 Sengkang Square #B1-15 Compass One Singapore 545078,North-East,"Lower in calories, Lower in sugar, No added sugar",545078
Pizza Hut Singapore Pte Ltd,Pizza Hut,Restaurant,Halal,Western,Pizza Hut - East Point Mall,3 Simei Street 6 #02-03 S528833,East,"Lower in calories, Lower in sugar, No added sugar",528833
Pizza Hut Singapore Pte Ltd,Pizza Hut,Restaurant,Halal,Western,Pizza Hut - Harbourfront Centre 1,"Maritime Square #01-69 Harbourfront Centre, S099253",Central,"Lower in calories, Lower in sugar, No added sugar",99253
Pizza Hut Singapore Pte Ltd,Pizza Hut,Restaurant,Halal,Western,Pizza Hut - Hougang Mall,"90 Hougang Avenue 10 #02-25 Hougang Mall, S538766",North-East,"Lower in calories, Lower in sugar, No added sugar",538766
Pizza Hut Singapore Pte Ltd,Pizza Hut,Restaurant,Halal,Western,Pizza Hut - Jurong Point,"1 Jurong West Central 2, #01-33 Jurong Point Shopping Centre S648886",West,"Lower in calories, Lower in sugar, No added sugar",648886
Pizza Hut Singapore Pte Ltd,Pizza Hut,Restaurant,Halal,Western,Pizza Hut - Lot 1,21 Choa Chu ang Avenue 4 #02-20 Lot One Shopper's Mall S689812,West,"Lower in calories, Lower in sugar, No added sugar",689812
Pizza Hut Singapore Pte Ltd,Pizza Hut,Restaurant,Halal,Western,Pizza Hut - Marina Square,No. 6 Raffles Boulevard #03-211 Marina Square S039594,Central,"Lower in calories, Lower in sugar, No added sugar",39594
Pizza Hut Singapore Pte Ltd,Pizza Hut,Restaurant,Halal,Western,Pizza Hut - NEX,23 Serangoon Central #03-11/12/13 S556083,North-East,"Lower in calories, Lower in sugar, No added sugar",556083
Pizza Hut Singapore Pte Ltd,Pizza Hut,Restaurant,Halal,Western,Pizza Hut - North Point Shopping Centre,930 Yishun Avenue 2 #B1-40/41 North Point Shopping Centre S769098,North,"Lower in calories, Lower in sugar, No added sugar",769098
Pizza Hut Singapore Pte Ltd,Pizza Hut,Restaurant,Halal,Western,Pizza Hut - one KM (Fast Casual),11 Tanjong Katong Road #B1-01/K1 S437157,East,"Lower in calories, Lower in sugar, No added sugar",437157
Pizza Hut Singapore Pte Ltd,Pizza Hut,Restaurant,Halal,Western,Pizza Hut - Plaza Singapura,68 Orchard Road #B2-01/35 Plaza Singapura S238839,Central,"Lower in calories, Lower in sugar, No added sugar",238839
Pizza Hut Singapore Pte Ltd,Pizza Hut,Restaurant,Halal,Western,Pizza Hut - Hillion Mall,17 Petir Road #B2-54 Hillion Mall Singapore 672878,West,"Lower in calories, Lower in sugar, No added sugar",672878
Pizza Hut Singapore Pte Ltd,Pizza Hut,Restaurant,Halal,Western,Pizza Hut - Sun Plaza,30 Sembawang Drive #02-15 Sun Plaza S757713,North,"Lower in calories, Lower in sugar, No added sugar",757713
Pizza Hut Singapore Pte Ltd,Pizza Hut,Restaurant,Halal,Western,Pizza Hut - Tampines Mall,"No. 4 Tampines Central 5 #02-02 Tampines Mall, S529510",East,"Lower in calories, Lower in sugar, No added sugar",529510
Pizza Hut Singapore Pte Ltd,Pizza Hut,Restaurant,Halal,Western,Pizza Hut - The Seletar Mall,33 Sengkang West Avenue #01-09/10/11/12/13/14 S797653,North-East,"Lower in calories, Lower in sugar, No added sugar",797653
Pizza Hut Singapore Pte Ltd,Pizza Hut,Restaurant,Halal,Western,Pizza Hut - Thomson Plaza,"301 Upper Thomson Road, #02-24/26 Thomson Plaza S574408",Central,"Lower in calories, Lower in sugar, No added sugar",574408
Pizza Hut Singapore Pte Ltd,Pizza Hut,Restaurant,Halal,Western,Pizza Hut - Toa Payoh,Blk 190 #02-516A Toa Payoh Lorong 6 S310190,Central,"Lower in calories, Lower in sugar, No added sugar",310190
Pizza Hut Singapore Pte Ltd,Pizza Hut,Restaurant,Halal,Western,Pizza Hut - Waterway Point (opening 18 Jan 16),"83 Punggol Central Waterway Point, #B1-11 S(828761)",North-East,"Lower in calories, Lower in sugar, No added sugar",828761
Pizza Hut Singapore Pte Ltd,Pizza Hut,Restaurant,Halal,Western,Pizza Hut - West Mall,01 Bukit Batok Central Link #01-26 S658713,West,"Lower in calories, Lower in sugar, No added sugar",658713
Pizza Hut Singapore Pte Ltd,Pizza Hut,Restaurant,Halal,Western,Pizza Hut - Westgate,Westgate 3 Gateway Drive #04-04/05 S608532,West,"Lower in calories, Lower in sugar, No added sugar",608532
Pizza Hut Singapore Pte Ltd,Pizza Hut,Restaurant,Halal,Western,Pizza Hut - NTU (EXP),"76 Nanyang Drive, blk N2.1, #01-04,  Singapore 637331      ",West,"Lower in calories, Lower in sugar, No added sugar",637331
Pizza Hut Singapore Pte Ltd,Pizza Hut,Restaurant,Halal,Western,Pizza Hut - ARC (EXP),460 Alexandra Road #01-23/24 Alexandra Retail Centre S119963,Central,"Lower in calories, Lower in sugar, No added sugar",119963
Pizza Hut Singapore Pte Ltd,Pizza Hut,Restaurant,Halal,Western,Pizza Hut - Holland Village MRT (EXP),200 Holland Avenue #B1- 07  Holland Village MRT Station S278995,Central,"Lower in calories, Lower in sugar, No added sugar",278995
Pizza Hut Singapore Pte Ltd,Pizza Hut,Restaurant,Halal,Western,Pizza Hut - Tanjong Pagar MRT (EXP),120 Maxwell Road #B1-36 Singapore 069119,Central,"Lower in calories, Lower in sugar, No added sugar",69119
Pizza Hut Singapore Pte Ltd,Pizza Hut,Restaurant,Halal,Western,Pizza Hut - NUS (EXP),"2 College Avenue West #01-04 University Town Edusports
National University of Singapore (NUS) Singapore 138607",West,"Lower in calories, Lower in sugar, No added sugar",138607
Pizza Hut Singapore Pte Ltd,Pizza Hut,Restaurant,Halal,Western,Pizza Hut - NUS 2 (EXP),"NUS The Deck, 5 Arts Link, The Deck, Singapore 117570",West,"Lower in calories, Lower in sugar, No added sugar",117570
Pizza Hut Singapore Pte Ltd,Pizza Hut,Restaurant,Halal,Western,Pizza Hut - Bukit Gombak (EXP),802 Bukit Gombak West Avenue 5 #01-10 Bukit Gombak Singapore 659083,West,"Lower in calories, Lower in sugar, No added sugar",659083
Pizza Hut Singapore Pte Ltd,Pizza Hut,Restaurant,Halal,Western,Pizza Hut - IMM (EXP),"No. 2 Jurong East Street 21, #01-41 IMM Building Singapore 609601",West,"Lower in calories, Lower in sugar, No added sugar",609601
Pizza Hut Singapore Pte Ltd,Pizza Hut,Restaurant,Halal,Western,Pizza Hut - Jurong Bird Park (EXP),"Jurong Bird Park, 2 Jurong Hill, Singapore 628925",West,"Lower in calories, Lower in sugar, No added sugar",628925
Pizza Hut Singapore Pte Ltd,Pizza Hut,Restaurant,Halal,Western,Pizza Hut - Kidzania (EXP),"KidZania, 31 Beach View, #01-01/02 Lot B-45, Singapore 098008",Central,"Lower in calories, Lower in sugar, No added sugar",98008
Pizza Hut Singapore Pte Ltd,Pizza Hut,Restaurant,Halal,Western,Pizza Hut - Katong 112 (EXP),"112 East Coast Road #B1-16 112 Katong, Singapore 428802",East,"Lower in calories, Lower in sugar, No added sugar",428802
Pizza Hut Singapore Pte Ltd,Pizza Hut,Restaurant,Halal,Western,Pizza Hut - Tampines Hub (EXP),"1 Tampines Walk, Our Tampines Hub, #01-13, S(528523)",East,"Lower in calories, Lower in sugar, No added sugar",528523
Pizza Hut Singapore Pte Ltd,Pizza Hut,Restaurant,Halal,Western,Pizza Hut - Boon Lay Community Centre (DEL),Boon Lay Community Centre 10 Boon Lay Place #01-02 Singapore 649882,West,"Lower in calories, Lower in sugar, No added sugar",649882
Pizza Hut Singapore Pte Ltd,Pizza Hut,Restaurant,Halal,Western,Pizza Hut - West Coast (DEL),Blk 501 West Coast Drive #01-264 Singapore 120501,West,"Lower in calories, Lower in sugar, No added sugar",120501
Pizza Hut Singapore Pte Ltd,Pizza Hut,Restaurant,Halal,Western,Pizza Hut - Eng Kong Terrace (DEL),3 Eng Kong Terrace Singapore 598975,Central,"Lower in calories, Lower in sugar, No added sugar",598975
Pizza Hut Singapore Pte Ltd,Pizza Hut,Restaurant,Halal,Western,Pizza Hut - Choa Chu Kang Sports Centre (DEL),1 Choa Chu Kang Street 53 Choa Chu Kang Sports Centre #03-02 Singapore 689236,West,"Lower in calories, Lower in sugar, No added sugar",689236
Pizza Hut Singapore Pte Ltd,Pizza Hut,Restaurant,Halal,Western,Pizza Hut - Keat Hong (DEL),184A Choa Chu Kang Avenue 1 Comfort Garden Singapore 689463,West,"Lower in calories, Lower in sugar, No added sugar",689463
Pizza Hut Singapore Pte Ltd,Pizza Hut,Restaurant,Halal,Western,Pizza Hut - GreenRidge (DEL),Block 524A Jelapang Road #01-04 Greenridge Shopping Centre Singapore 671524,West,"Lower in calories, Lower in sugar, No added sugar",671524
Pizza Hut Singapore Pte Ltd,Pizza Hut,Restaurant,Halal,Western,Pizza Hut - Jurong Superbowl (DEL),Jurong Superbowl 3 Yuan Ching Road #01-03 Jurong Leisure Complex Singapore 618642,West,"Lower in calories, Lower in sugar, No added sugar",618642
Pizza Hut Singapore Pte Ltd,Pizza Hut,Restaurant,Halal,Western,Pizza Hut - Jurong East Swimming Complex (DEL),"Jurong East Swimming Complex, 21 Jurong East Sports & Recreation Centre #02-01 Jurong East Street 31, Singapore 609517 ",West,"Lower in calories, Lower in sugar, No added sugar",609517
Pizza Hut Singapore Pte Ltd,Pizza Hut,Restaurant,Halal,Western,Pizza Hut - Bukit Batok (DEL),Blk 166 Bukit Batok West Avenue 8E #01-262E Singapore 650166,West,"Lower in calories, Lower in sugar, No added sugar",650166
Pizza Hut Singapore Pte Ltd,Pizza Hut,Restaurant,Halal,Western,"Pizza Hut - The Signature, CBP (DEL)",51 Changi Business Park Central 2 #01-15 The Signature Singapore 486066,East,"Lower in calories, Lower in sugar, No added sugar",486066
Pizza Hut Singapore Pte Ltd,Pizza Hut,Restaurant,Halal,Western,Pizza Hut - Tampines New Town (DEL),Block 139 Tampines Street 11 #01-66 Singapore 521139,East,"Lower in calories, Lower in sugar, No added sugar",521139
Pizza Hut Singapore Pte Ltd,Pizza Hut,Restaurant,Halal,Western,Pizza Hut - Tanjong Katong (DEL),251 Tanjong Katong Road Singapore 437039,East,"Lower in calories, Lower in sugar, No added sugar",437039
Pizza Hut Singapore Pte Ltd,Pizza Hut,Restaurant,Halal,Western,Pizza Hut - Downtown East (DEL),1 Pasir Ris Close #01-342 NTUC Downtown East Resort Singapore 519599,East,"Lower in calories, Lower in sugar, No added sugar",519599
Pizza Hut Singapore Pte Ltd,Pizza Hut,Restaurant,Halal,Western,Pizza Hut - Tampines Mart (DEL),11 Tampines St 32 #01-15 Tampines Mart Singapore 529287,East,"Lower in calories, Lower in sugar, No added sugar",529287
Pizza Hut Singapore Pte Ltd,Pizza Hut,Restaurant,Halal,Western,Pizza Hut - Kampong Ubi Community Centre (DEL),10 Jalan Ubi #01-07  Kampong Ubi Community Centre  Singapore 409075,Central,"Lower in calories, Lower in sugar, No added sugar",409075
Pizza Hut Singapore Pte Ltd,Pizza Hut,Restaurant,Halal,Western,Pizza Hut - Bedok North (DEL),Blk 539 Bedok North Street 3 #01-581 Singapore 460539,East,"Lower in calories, Lower in sugar, No added sugar",460539
Pizza Hut Singapore Pte Ltd,Pizza Hut,Restaurant,Halal,Western,Pizza Hut - Beach Road (DEL),353 Beach Road Singapore 199572,Central,"Lower in calories, Lower in sugar, No added sugar",199572
Pizza Hut Singapore Pte Ltd,Pizza Hut,Restaurant,Halal,Western,Pizza Hut - Jalan Kayu (DEL),225 Jalan Kayu Singapore 799449,North-East,"Lower in calories, Lower in sugar, No added sugar",799449
Pizza Hut Singapore Pte Ltd,Pizza Hut,Restaurant,Halal,Western,Pizza Hut - Woodlands 888 (DEL),Woodlands 888 Block 888 Woodlands Drive 50 #01-729 Singapore 730888,North,"Lower in calories, Lower in sugar, No added sugar",730888
Pizza Hut Singapore Pte Ltd,Pizza Hut,Restaurant,Halal,Western,Pizza Hut - Woodlands 2 (DEL),Block 306 Woodlands Street 31 #01-17 Singapore 730306,North,"Lower in calories, Lower in sugar, No added sugar",730306
Pizza Hut Singapore Pte Ltd,Pizza Hut,Restaurant,Halal,Western,Pizza Hut - Yishun Delco (DEL),Yishun Delco Block 701A Yishun Avenue 5 #01-06 Singapore 761701,North,"Lower in calories, Lower in sugar, No added sugar",761701
Pizza Hut Singapore Pte Ltd,Pizza Hut,Restaurant,Halal,Western,Pizza Hut - Punggol Plaza (DEL),168 Punggol Field #B1-04 Punggol Plaza Singapore 820168,North-East,"Lower in calories, Lower in sugar, No added sugar",820168
Pizza Hut Singapore Pte Ltd,Pizza Hut,Restaurant,Halal,Western,Pizza Hut - Ang Mo Kio 2 (DEL),Blk 529 Ang Mo Kio Ave 10 #01-2349 Singapore 560529,North-East,"Lower in calories, Lower in sugar, No added sugar",560529
Pizza Hut Singapore Pte Ltd,Pizza Hut,Restaurant,Halal,Western,Pizza Hut - Jalan Malu Malu (DEL),66 Jalan Malu Malu Singapore 769681,North,"Lower in calories, Lower in sugar, No added sugar",769681
Pizza Hut Singapore Pte Ltd,Pizza Hut,Restaurant,Halal,Western,Pizza Hut - Hougang Green (DEL),21 Hougang Street 51 #01-01B Hougang Green Shopping Mall Singapore 538719,North-East,"Lower in calories, Lower in sugar, No added sugar",538719
Pizza Hut Singapore Pte Ltd,Pizza Hut,Restaurant,Halal,Western,Pizza Hut - Kreta Ayer Delco (DEL),29 Kreta Ayer Road Singapore 088996,Central,"Lower in calories, Lower in sugar, No added sugar",88996
Pizza Hut Singapore Pte Ltd,Pizza Hut,Restaurant,Halal,Western,Pizza Hut - Upper Paya Lebar (DEL),165 Upper Paya Lebar Road Singapore 534858,Central,"Lower in calories, Lower in sugar, No added sugar",534858
Pizza Hut Singapore Pte Ltd,Pizza Hut,Restaurant,Halal,Western,Pizza Hut - Ghim Moh Delco (DEL),Blk 21 Ghim Moh #01-215 Singapore 270021,Central,"Lower in calories, Lower in sugar, No added sugar",270021
Pizza Hut Singapore Pte Ltd,Pizza Hut,Restaurant,Halal,Western,Pizza Hut - Toa Payoh 2 (DEL),Blk 85 Lorong 4 Toa Payoh #01-360 Singapore 310085,Central,"Lower in calories, Lower in sugar, No added sugar",310085
Pizza Hut Singapore Pte Ltd,Pizza Hut,Restaurant,Halal,Western,Pizza Hut - Bukit Merah (DEL),Block 162 Bukit Merah Central #01-3555 Singapore 150162,Central,"Lower in calories, Lower in sugar, No added sugar",150162
Pizza Hut Singapore Pte Ltd,Pizza Hut,Restaurant,Halal,Western,Pizza Hut - Crown Centre (DEL),557 Bukit Timah Road #01-17/18 Crown Centre Singapore 269694,Central,"Lower in calories, Lower in sugar, No added sugar",269694
Pizza Hut Singapore Pte Ltd,Pizza Hut,Restaurant,Halal,Western,Pizza Hut - Simon Road (DEL),23 Simon Road Singapore 545909,North-East,"Lower in calories, Lower in sugar, No added sugar",545909
Pizza Hut Singapore Pte Ltd,Pizza Hut,Restaurant,Halal,Western,Pizza Hut - Kallang Bahru (DEL),Block 66 Kallang Bahru #01-473 Stall 7 Singapore 330066,Central,"Lower in calories, Lower in sugar, No added sugar",330066
Pizza Hut Singapore Pte Ltd,Pizza Hut,Restaurant,Halal,Western,Pizza Hut - SAFRA Punggol (DEL),9 Sentul Crescent #02-01 Singapore 828654,North-East,"Lower in calories, Lower in sugar, No added sugar",828654
Pizza Hut Singapore Pte Ltd,Pizza Hut,Restaurant,Halal,Western,Pizza Hut - Havelock II (DEL),"2 Havelock Road, #B1-12 Singapore 059763",Central,"Lower in calories, Lower in sugar, No added sugar",59763
Pizza Hut Singapore Pte Ltd,Pizza Hut,Restaurant,Halal,Western,Pizza Hut - NorthPoint City,1 Northpoint Drive #B2-149 Northpoint City Singapore 768019,North,"Lower in calories, Lower in sugar, No added sugar",768019
Png Global Investments Pte Ltd,dal.komm COFFEE,Café,,Korean,dal.komm COFFEE Parkway Parade,80 Marine Parade #01-K33 Parkway Parade Singapore 449269,East,No added sugar,449269
Png Global Investments Pte Ltd,dal.komm COFFEE,Café,,Korean,dal.komm COFFEE Marina Square,6 Raffles Boulevard #02-278 Marina Square Singapore 039594,Central,No added sugar,39594
Png Global Investments Pte Ltd,dal.komm COFFEE,Café,,Korean,dal.komm COFFEE Funan Mall,107 North Bridge Road #03-17 Funan Mall Singapore 179105,Central,No added sugar,179105
Png Global Investments Pte Ltd  ,dal.komm COFFEE,Café,,Korean,dal.komm COFFEE Parkway Parade, 80 Marine Parade #01-K33 Parkway Parade Singapore 449269,Central,No added sugar,449269
Png Global Investments Pte Ltd  ,dal.komm COFFEE,Café,,Korean,dal.komm COFFEE Funan Mall,107 North Bridge Road #03-17 Funan Mall Singapore 179105,Central,No added sugar,179105
Png Global Investments Pte Ltd  ,dal.komm COFFEE,Café,,Korean,dal.komm COFFEE Marina Square,6 Raffles Boulevard #02-278 Marina Square Singapore 039594,Central,No added sugar,39594
Polar Puffs & Cakes Pte Ltd,Polar Puffs & Cakes,Café,Halal,Western,Polar Puffs & Cakes - Tan Tock Seng Hospital,11 Jalan Tan Tock Seng #01-04 Tan Tock Seng Hospital Singapore 308433,Central,"Lower in calories, Higher in wholegrains, Higher in wholegrains and lower in calories, Lower in sugar, No added sugar",308433
Polar Puffs & Cakes Pte Ltd,Polar Puffs & Cakes,Café,Halal,Western,Polar Puffs & Cakes - Mount Alvernia Hospital Medical Centre,"820 Thomson Road #01-31 (Block B) Mount Alvernia Hospital, Singapore 574623",Central,"Lower in calories, Higher in wholegrains, Higher in wholegrains and lower in calories, Lower in sugar, No added sugar",574623
Polar Puffs & Cakes Pte Ltd,Polar Puffs & Cakes,Café,Halal,Western,Polar Puffs & Cakes - SGH,"Block 7 Level 1 Outram Road Singapore General Hospital, Singapore 169608",Central,"Lower in calories, Higher in wholegrains, Higher in wholegrains and lower in calories, Lower in sugar, No added sugar",169608
Polar Puffs & Cakes Pte Ltd,Polar Puffs & Cakes,Café,Halal,Western,Polar Puffs & Cakes - KK Women's and Children's Hospital,100 Bukit Timah Road #01-34 KK Women's and Children's Hospital Singapore 229899,Central,"Lower in calories, Higher in wholegrains, Higher in wholegrains and lower in calories, Lower in sugar, No added sugar",229899
Polar Puffs & Cakes Pte Ltd,Polar Puffs & Cakes,Café,Halal,Western,Polar Puffs & Cakes - Sengkang General Hospital,110 Sengkang East Way #01-02 Sengkang General Hospital Singapore 544886,North-East,"Lower in calories, Higher in wholegrains, Higher in wholegrains and lower in calories, Lower in sugar, No added sugar",544886
Polar Puffs & Cakes Pte Ltd,Polar Puffs & Cakes,Café,Halal,Western,Polar Puffs & Cakes - National University Hospital,1 Lower Kent Ridge Road #01-03/04/22 One@Kentridge Singapore Singapore 119082,West,"Lower in calories, Higher in wholegrains, Higher in wholegrains and lower in calories, Lower in sugar, No added sugar",119082
Polar Puffs & Cakes Pte Ltd,Polar Puffs & Cakes,Café,Halal,Western,Polar Puffs & Cakes - Woodlands Health Hub,17 Woodlands Drive 17 ##B2-01 Woodlands Health Singapore 737628,North,"Lower in calories, Higher in wholegrains, Higher in wholegrains and lower in calories, Lower in sugar, No added sugar",737628
Poon Resources Pte. Ltd.,Kaffe & Toast,Café,Halal,Chinese,Kaffe & Toast - NHC,5 Hospital Drive #02-02 National Heart Centre Singapore 169608,Central,"Lower in calories, Higher in wholegrains, Higher in wholegrains and lower in calories, Lower in sugar, No added sugar",169608
Poon Resources Pte. Ltd.,Kaffe & Toast,Café,Halal,Chinese,Kaffe & Toast - AH,378 Alexandra Rd #01-05 Alexandra Hospital Singapore 159964,Central,"Lower in calories, Higher in wholegrains and lower in calories, Lower in sugar, No added sugar",159964
Poon Resources Pte. Ltd.,Kaffe & Toast,Café,Halal,Chinese,Kaffe & Toast - SGH,Blk 4 Outram Road Singapore General Hospital Singapore 169608,Central,"Lower in calories, Higher in wholegrains and lower in calories, Lower in sugar, No added sugar",169608
Poon Resources Pte. Ltd.,Kaffe & Toast,Café,Halal,Chinese,Kaffe & Toast - SKH,110 Sengkang E Way #B1-01 Sengkang General Hospital Singapore 544886,North-East,"Lower in calories, Higher in wholegrains, Higher in wholegrains and lower in calories, Lower in sugar, No added sugar",544886
Poon Resources Pte. Ltd.,Kaffe & Toast,Café,Halal,Chinese,Kaffe & Toast - TTSH,11 Jalan Tan Tock Seng #B1-01 Tan Tock Seng Hospital Singapore 308433,Central,"Lower in calories, Higher in wholegrains, Higher in wholegrains and lower in calories, Lower in sugar, No added sugar",308433
Poon Resources Pte. Ltd.,Ma Mum,Café,Halal,Chinese,Ma Mum - Ng Teng Fong Hospital,1 Jurong East Street 21 #02-02 Ng Teng Fong Hospital Singapore 609606,West,"Lower in calories, Higher in wholegrains, Higher in wholegrains and lower in calories, Lower in sugar, No added sugar",609606
Poon Resources Pte. Ltd.,Ma Mum,Café,Halal,Chinese,Ma Mum - KKH,100 Bukit Timah Road #01-33 KK Women's and Children's Hospital Singapore 229899,Central,"Lower in calories, Higher in wholegrains, Higher in wholegrains and lower in calories, Lower in sugar, No added sugar",229899
Poon Resources Pte. Ltd.,Saap Saap Thai,Café,Halal,Thai,Saap Saap Thai - Bedok Mall,311 New Upper Changi Road #B1-39 Singapore 467360,East,"Lower in calories, Lower in calories and sodium",467360
Poon Resources Pte. Ltd.,Saap Saap Thai,Café,Halal,Thai,Saap Saap Thai - Our Tampines Hub,1 Tampines Walk #01-100 Our Tampines Hub Singapore 528523,East,"Lower in calories, Lower in calories and sodium",528523
Poon Resources Pte. Ltd.,Saap Saap Thai,Café,Halal,Thai,Saap Saap Thai - Changi Airport Terminal 3,65 Airport Boulevard #B2-33 Singapore 819663,East,"Lower in calories, Lower in calories and sodium",819663
Poon Resources Pte. Ltd.,Saap Saap Thai,Café,Halal,Thai,Saap Saap Thai - Funan Mall,107 North Bridge Road #B1-33 Singapore 179105,Central,"Lower in calories, Lower in calories and sodium",179105
Poon Resources Pte. Ltd.,Saap Saap Thai,Café,Halal,Thai,Saap Saap Thai - Fairprice Hub,1 Joo Koon Circle #01-40 Fairprice Hub Singapore 629117,West,"Lower in calories, Lower in calories and sodium",629117
Poon Resources Pte. Ltd.,Saap Saap Thai,Café,Halal,Thai,Saap Saap Thai - HarbourFront Centre,1 Maritime Square #01-45/46 Singapore 099253,Central,"Lower in calories, Lower in calories and sodium",99253
Poon Resources Pte. Ltd.,Saap Saap Thai,Café,Halal,Thai,Saap Saap Thai - IMM,2 Jurong East St 21 #01-48 Singapore 609601,West,"Lower in calories, Lower in calories and sodium",609601
Poon Resources Pte. Ltd.,Saap Saap Thai,Café,Halal,Thai,Saap Saap Thai - Citylink Mall,1 Raffles Link #B1-40 Singapore 039393,Central,"Lower in calories, Lower in calories and sodium",39393
Poon Resources Pte. Ltd.,Saap Saap Thai,Café,Halal,Thai,My Saap Saap Thai - Woodlands Health,"17 Woodlands Drive 17, Woodlands Health Campus #B2-02/03 Singapore 737628",North,Higher in wholegrains and lower in calories,737628
Poon Resources Pte. Ltd.,Saap Saap Thai,Café,Halal,Thai,My Saap Saap Thai - NUH Medical Centre,1 Lower Kent Ridge Road #01-16/17 NUH Medical Centre Singapore 119074,Central,Higher in wholegrains and lower in calories,119074
Poon Resources Pte. Ltd.,Ma Mum,Café,Halal,Chinese,Ma Mum - KKH,100 Bukit Timah Road #01-32/33 KK Women's and Children's Hospital Singapore 229899,Central,"Lower in calories, Higher in wholegrains, Higher in wholegrains and lower in calories, Lower in sugar, No added sugar",229899
Poon Resources Pte. Ltd.,Ma Mum,Café,Halal,Chinese,Ma Mum - Ng Teng Fong Hospital,1 Jurong East Street 21 #02-02/03 Ng Teng Fong Hospital Singapore 609606,West,"Lower in calories, Higher in wholegrains, Higher in wholegrains and lower in calories, Lower in sugar, No added sugar",609606
Poon Resources Pte. Ltd.,Saap Saap Thai,Café,Halal,Thai,Bedok Mall,311 New Upper Changi Road #B1-39 Singapore 467360,East,"Lower in calories, Lower in calories and sodium, Higher in wholegrains and lower in calories",467360
Poon Resources Pte. Ltd.,Saap Saap Thai,Café,Halal,Thai,Our Tampines Hub,1 Tampines Walk #01-100 Our Tampines Hub Singapore 528523,East,"Lower in calories, Lower in calories and sodium, Higher in wholegrains and lower in calories",528523
Poon Resources Pte. Ltd.,Saap Saap Thai,Café,Halal,Thai,Changi Airport Terminal 3,65 Airport Boulevard #B2-33 Singapore 819663,East,"Lower in calories, Lower in calories and sodium, Higher in wholegrains and lower in calories",819663
Poon Resources Pte. Ltd.,Saap Saap Thai,Café,Halal,Thai,Funan Mall,107 North Bridge Road #B1-33 Singapore 179105,Central,"Lower in calories, Lower in calories and sodium, Higher in wholegrains and lower in calories",179105
Poon Resources Pte. Ltd.,Saap Saap Thai,Café,Halal,Thai,Fairprice Hub,1 Joo Koon Circle #01-40 Fairprice Hub Singapore 629117,West,"Lower in calories, Lower in calories and sodium, Higher in wholegrains and lower in calories",629117
Poon Resources Pte. Ltd.,Saap Saap Thai,Café,Halal,Thai,HarbourFront Centre,1 Maritime Square #01-45/46 Singapore 099253,Central,"Lower in calories, Lower in calories and sodium, Higher in wholegrains and lower in calories",99253
Poon Resources Pte. Ltd.,Saap Saap Thai,Café,Halal,Thai,IMM,2 Jurong East St 21 #01-48 Singapore 609601,West,"Lower in calories, Lower in calories and sodium, Higher in wholegrains and lower in calories",609601
Poon Resources Pte. Ltd.,Saap Saap Thai,Café,Halal,Thai,Citylink Mall,1 Raffles Link #B1-40 Singapore 039393,Central,"Lower in calories, Lower in calories and sodium, Higher in wholegrains and lower in calories",39393
Poon Resources Pte. Ltd.,Saap Saap Thai,Café,Halal,Thai,My Saap Saap Thai - Woodlands Health,"17 Woodlands Drive 17, Woodlands Health Campus #B2-02/03 Singapore 737628",North,"Lower in calories, Lower in calories and sodium, Higher in wholegrains and lower in calories",737628
Poon Resources Pte. Ltd.,Saap Saap Thai,Café,Halal,Thai,My Saap Saap Thai - NUH Medical Centre,1 Lower Kent Ridge Road #01-16/17 NUH Medical Centre Singapore 119074,West,"Lower in calories, Lower in calories and sodium, Higher in wholegrains and lower in calories",119074
Qi Ji Retails Services Pte. Ltd.,Qi Ji,Quick Service Restaurant/Fast Food,Halal,Chinese,Qi Ji - Hougang Mall,90 Hougang Avenue 10 #01-41 Hougang Mall Singapore 538766,North-East,"Lower in calories, Lower in calories and sodium, Higher in wholegrains, Lower in sugar, No added sugar",538766
Qi Ji Retails Services Pte. Ltd.,Qi Ji,Quick Service Restaurant/Fast Food,Halal,Chinese,Qi Ji - NEX,23 Serangoon Central #03-10 NEX Singapore 556083,North-East,"Lower in calories, Lower in calories and sodium, Higher in wholegrains, Lower in sugar, No added sugar",556083
Qi Ji Retails Services Pte. Ltd.,Qi Ji,Quick Service Restaurant/Fast Food,Halal,Chinese,Qi Ji - One KM,11 Tanjong Katong Road #B1-K18/18/20 One KM Mall Singapore 437157,East,"Lower in calories, Lower in calories and sodium, Higher in wholegrains, Lower in sugar, No added sugar",437157
Qi Ji Retails Services Pte. Ltd.,Qi Ji,Quick Service Restaurant/Fast Food,Halal,Chinese,Qi Ji - Our Tampines Hub,1 Tampines Walk #B1-K07 Our Tampines Hub Singapore 528523,East,"Lower in calories, Lower in calories and sodium, Higher in wholegrains, Lower in sugar, No added sugar",528523
Qi Ji Retails Services Pte. Ltd.,Qi Ji,Quick Service Restaurant/Fast Food,Halal,Chinese,Qi Ji - Oasis Terraces,681 Punggol Drive #01-37/#01-38 Oasis Terraces Singapore 820681,North-East,"Lower in calories, Lower in calories and sodium, Higher in wholegrains, Lower in sugar, No added sugar",820681
Qi Ji Retails Services Pte. Ltd.,Qi Ji,Quick Service Restaurant/Fast Food,Halal,Chinese,Qi Ji - AMK Hub,53 Ang Mo Kio Avenue 3 #B1-51 AMK Hub Singapore 569933,North-East,"Lower in calories, Lower in calories and sodium, Higher in wholegrains, Lower in sugar, No added sugar",569933
Qi Ji Retails Services Pte. Ltd.,Qi Ji,Quick Service Restaurant/Fast Food,Halal,Chinese,Qi Ji - Ng Teng Fong Hospital,1 Jurong East Street 21 #02-11 Ng Teng Fonh Hospital Tower  Singapore 609606,West,"Lower in calories, Lower in calories and sodium, Higher in wholegrains, Lower in sugar, No added sugar",609606
Qi Ji Retails Services Pte. Ltd.,Qi Ji,Quick Service Restaurant/Fast Food,Halal,Chinese,Qi Ji - Funan Mall,107 North Bridge Road Funan Mall #B2-12 Singapore 179097,Central,"Lower in calories, Lower in calories and sodium, Higher in wholegrains, Lower in sugar, No added sugar",179097
Qi Ji Retails Services Pte. Ltd.,Qi Ji,Quick Service Restaurant/Fast Food,Halal,Chinese,Qi Ji - Northpoint,1 NORTHPOINT DRIVE #B1-154 SOUTH WING OF NORTHPOINT CITY Singapore 768019,North,"Lower in calories, Lower in calories and sodium, Higher in wholegrains, Lower in sugar, No added sugar",768019
Qi Ji Retails Services Pte. Ltd.,Qi Ji,Quick Service Restaurant/Fast Food,Halal,Chinese,Qi Ji - Hillion,17 PETIR ROAD #B2-16 HILLION MALL Singapore 678278,West,"Lower in calories, Lower in calories and sodium, Higher in wholegrains, Lower in sugar, No added sugar",678278
Qi Ji Retails Services Pte. Ltd.,Qi Ji,Quick Service Restaurant/Fast Food,Halal,Chinese,Qi Ji - NorthShore,407 Northshore Drive #02-01 Singapore 820407,North-East,"Lower in calories, Lower in calories and sodium, Higher in wholegrains, Lower in sugar, No added sugar",820407
Qi Ji Retails Services Pte. Ltd.,Qi Ji,Quick Service Restaurant/Fast Food,Halal,Chinese,Qi Ji - Jurong Point,1 Jurong West Central 2 #02-39 Jurong Point Singapore 648886,West,"Lower in calories, Lower in calories and sodium, Higher in wholegrains, Lower in sugar, No added sugar",648886
Qi Ji Retails Services Pte. Ltd.,Qi Ji,Quick Service Restaurant/Fast Food,Halal,Chinese,Qi Ji - Hougang One,1 Hougang St 91 #01-34 Hougang 1 Singapore 538692,North-East,"Lower in calories, Lower in calories and sodium, Higher in wholegrains, Lower in sugar, No added sugar",538692
Qi Ji Retails Services Pte. Ltd.,Qi Ji,Quick Service Restaurant/Fast Food,Halal,Chinese,Qi Ji - Rivervale Mall,11 Rivervale Crescent #01-02B Rivervale Mall Singapore 545082,North-East,"Lower in calories, Lower in calories and sodium, Higher in wholegrains, Lower in sugar, No added sugar",545082
Qi Ji Retails Services Pte. Ltd.,Qi Ji,Quick Service Restaurant/Fast Food,Halal,Chinese,Qi Ji - White Sands,1 Pasir Ris Central Street 3 #B1-K16 White Sands Singapore 518457,East,"Lower in calories, Lower in calories and sodium, Higher in wholegrains, Lower in sugar, No added sugar",518457
R E & S Enterprises Pte Ltd,Shimbashi Soba,Restaurant,,Japanese,Shimbashi Soba - Paragon,290 Orchard Road Paragon #B1-41 Singapore 238859,Central,"Lower in calories, Higher in wholegrains and lower in calories, No added sugar",238859
R E & S Enterprises Pte Ltd,Idaten Udon,Quick Service Restaurant/Fast Food,,Japanese,Idaten Udon - Changi City Point,5 Changi Business Park Central 1 #B1-12/13 Changi City Point Singapore 486038,East,"Lower in calories, Lower in sugar, No added sugar",486038
R E & S Enterprises Pte Ltd,Idaten Udon,Quick Service Restaurant/Fast Food,,Japanese,Idaten Udon - NEX,23 Serangoon Central #B1-02 NEX Singapore 556083,North-East,"Lower in calories, Lower in sugar, No added sugar",556083
R E & S Enterprises Pte Ltd,Idaten Udon,Quick Service Restaurant/Fast Food,,Japanese,Idaten Udon - Causeway Point,1 Woodlands Square #B1-17 (within Kuriya Japanese market) Singapore 738099,North,"Lower in calories, Lower in sugar, No added sugar",738099
R E & S Enterprises Pte Ltd,Idaten Udon,Quick Service Restaurant/Fast Food,,Japanese,Idaten Udon - Jurong Point,1 Jurong West Central 2 #B1-50 Singapore 648886,West,"Lower in calories, Lower in sugar, No added sugar",648886
RASA ISTIMEWA RESTAURANT @ SAFRA JURONG PTE. LTD.,Rasa Istimewa Restaurant @ SAFRA Jurong,Restaurant,Halal,Other,Rasa Istimewa Restaurant @ SAFRA Jurong,2B 333 Boon Lay Way #02-01 SAFRA Jurong Building B Singapore 649848,West,Lower in calories,649848
Relisky Pte. Ltd.,Flame Café,Restaurant,Halal,Western,Flame Café - Centro Bianco,73 Upper Paya Lebar Road Centro Bianco #01-01 Singapore 534801,Central,"Lower in calories, No added sugar",534801
ROYAL T GROUP PTE. LTD.,LiHo,Kiosk,,Bubble Tea,Sentosa Beach Station,50 Beach View #01-K9 Singapore 098604,Central,"Lower in sugar, No added sugar",98604
ROYAL T GROUP PTE. LTD.,LiHo,Kiosk,,Bubble Tea,The Woodleigh Mall,11 Bidadari Park Dr #B1-51/52 The Woodleigh Mall Singapore 367803,Central,"Lower in sugar, No added sugar",367803
ROYAL T GROUP PTE. LTD.,LiHo,Kiosk,,Bubble Tea,Far East Plaza,14 Scotts Road #01-16F Singapore 228213,Central,"Lower in sugar, No added sugar",228213
ROYAL T GROUP PTE. LTD.,LiHo,Kiosk,,Bubble Tea,Waterway Point,83 Punggol Central #B2-K10 Singapore 828761,North-East,"Lower in sugar, No added sugar",828761
ROYAL T GROUP PTE. LTD.,LiHo,Kiosk,,Bubble Tea,Suntec City Mall,3 Temasek Boulevard #B1-175 Suntec City Mall Singapore 038983,Central,"Lower in sugar, No added sugar",38983
ROYAL T GROUP PTE. LTD.,LiHo,Kiosk,,Bubble Tea,Queensway Shopping Centre,1 Queensway Shopping Centre #01-K58 Singapore 149053,Central,"Lower in sugar, No added sugar",149053
ROYAL T GROUP PTE. LTD.,LiHo,Kiosk,,Bubble Tea,Alexandra Retail Centre,460 Alexandra Road #01-10 Singapore 119963,Central,"Lower in sugar, No added sugar",119963
ROYAL T GROUP PTE. LTD.,LiHo,Kiosk,,Bubble Tea,Bedok Mall,311 New Upper Changi Road #B2-K16 Singapore 467360,East,"Lower in sugar, No added sugar",467360
ROYAL T GROUP PTE. LTD.,LiHo,Kiosk,,Bubble Tea,Tiong Bahru Plaza,302 Tiong Bahru Road #B1-K9 Tiong Bahru Plaza Singapore 168732,Central,"Lower in sugar, No added sugar",168732
ROYAL T GROUP PTE. LTD.,LiHo,Kiosk,,Bubble Tea,Nanyang Community Club,60 JURONG WEST STREET 91 #01-04 Singapore 649040,West,"Lower in sugar, No added sugar",649040
ROYAL T GROUP PTE. LTD.,LiHo,Kiosk,,Bubble Tea,Woodland Mart,768 Woodlands Avenue 6 #01-12 Singapore 730768,North,"Lower in sugar, No added sugar",730768
ROYAL T GROUP PTE. LTD.,LiHo,Kiosk,,Bubble Tea,313 Somerset,313 Orchard Road #B3-55 313 @ Somerset Singapore 238895,Central,"Lower in sugar, No added sugar",238895
ROYAL T GROUP PTE. LTD.,LiHo,Kiosk,,Bubble Tea,Jurong Point 2,63 Jurong West Central 3 #03-89E Singapore 648331,West,"Lower in sugar, No added sugar",648331
ROYAL T GROUP PTE. LTD.,LiHo,Kiosk,,Bubble Tea,Star Vista,1 Vista Exchange Green #B1-39 Singapore 138617,Central,"Lower in sugar, No added sugar",138617
ROYAL T GROUP PTE. LTD.,LiHo,Kiosk,,Bubble Tea,White Sands,1 Pasir Ris Central Street 3 #01-12A Singapore 518457,East,"Lower in sugar, No added sugar",518457
ROYAL T GROUP PTE. LTD.,LiHo,Kiosk,,Bubble Tea,JEM,50 Jurong Gateway Road #B1-30 Singapore 608549,West,"Lower in sugar, No added sugar",608549
ROYAL T GROUP PTE. LTD.,LiHo,Kiosk,,Bubble Tea,Burlington Square,175 Bencoolen Street #01-53 Singapore 189649,Central,"Lower in sugar, No added sugar",189649
ROYAL T GROUP PTE. LTD.,LiHo,Kiosk,,Bubble Tea,Junction 10,1 Woodlands Road #01-26 Singapore 677899,North,"Lower in sugar, No added sugar",677899
ROYAL T GROUP PTE. LTD.,LiHo,Kiosk,,Bubble Tea,Woodland Galaxy CC,31 Woodlands Ave 6 #01-03 Singapore 738991,North,"Lower in sugar, No added sugar",738991
ROYAL T GROUP PTE. LTD.,LiHo,Kiosk,,Bubble Tea,Aljunied MRT,81 Geylang Lorong 25 #01-01 Singapore 388310,East,"Lower in sugar, No added sugar",388310
ROYAL T GROUP PTE. LTD.,LiHo,Kiosk,,Bubble Tea,Bukit Panjang Plaza,1 Jelebu Rd #01-21 Bukit Panjang Plaza Singapore 677743,West,"Lower in sugar, No added sugar",677743
ROYAL T GROUP PTE. LTD.,LiHo,Kiosk,,Bubble Tea,Heartland Mall,205 Hougang Street 21 #02-49 Heartland Mall Kovan Singapore 530205,North-East,"Lower in sugar, No added sugar",530205
ROYAL T GROUP PTE. LTD.,LiHo,Kiosk,,Bubble Tea,Kinex,11 Tanjong Katong Road #B1-K19 Kinex Singapore 437157,East,"Lower in sugar, No added sugar",437157
ROYAL T GROUP PTE. LTD.,LiHo,Kiosk,,Bubble Tea,Yew Tee Point,21 Choa Chu Kang North #01-49 Yew Tee Point Singapore 689578,West,"Lower in sugar, No added sugar",689578
ROYAL T GROUP PTE. LTD.,LiHo,Kiosk,,Bubble Tea,Sunshine Place,475 Choa Chu Kang Ave 3 #01-29 Sunshine Place Singapore 680475,West,"Lower in sugar, No added sugar",680475
ROYAL T GROUP PTE. LTD.,LiHo,Kiosk,,Bubble Tea,Greenridge Shopping Cenre,524A Jelapang Road #02-10 Greenridge Shopping Centre Singapore 671524,West,"Lower in sugar, No added sugar",671524
ROYAL T GROUP PTE. LTD.,LiHo,Kiosk,,Bubble Tea,Greenwich V,1 Seletar Road #01-20 Singapore 807011,North-East,"Lower in sugar, No added sugar",807011
ROYAL T GROUP PTE. LTD.,LiHo,Kiosk,,Bubble Tea,East Village,430 Upper Changi Road #01-12 East Village Singapore 487048,East,"Lower in sugar, No added sugar",487048
ROYAL T GROUP PTE. LTD.,LiHo,Kiosk,,Bubble Tea,Clementi Mall,3155 Commonwealth #B1-K6 Singapore 129588,West,"Lower in sugar, No added sugar",129588
ROYAL T GROUP PTE. LTD.,LiHo,Kiosk,,Bubble Tea,Loyang Point,258 Pasir Ris Street 21 #01-17 Loyang point Singapore 510258,East,"Lower in sugar, No added sugar",510258
ROYAL T GROUP PTE. LTD.,LiHo,Kiosk,,Bubble Tea,Bukit Timah Plaza,1 Jalan Anak Bukit #B2-07A Singapore 588996,Central,"Lower in sugar, No added sugar",588996
ROYAL T GROUP PTE. LTD.,LiHo,Kiosk,,Bubble Tea,Vivo City,1 Harbourfront Walk #02-95 Vivo City Singapore 098585,Central,"Lower in sugar, No added sugar",98585
ROYAL T GROUP PTE. LTD.,LiHo,Kiosk,,Bubble Tea,North Point,930 Yishun Avenue 2 #01-17 Northpoint Singapore 769098,North,"Lower in sugar, No added sugar",769098
ROYAL T GROUP PTE. LTD.,LiHo,Kiosk,,Bubble Tea,Junction 8,9 Bishan Place #02-18A Singapore 579837,Central,"Lower in sugar, No added sugar",579837
ROYAL T GROUP PTE. LTD.,LiHo,Kiosk,,Bubble Tea,Seletar Mall,33 Sengkang West Avenue #B1-27 Singapore 797653,North-East,"Lower in sugar, No added sugar",797653
ROYAL T GROUP PTE. LTD.,LiHo,Kiosk,,Bubble Tea,Hougang Mall,90 Hougang Ave 10 #02-08 Singapore 538766,North-East,"Lower in sugar, No added sugar",538766
ROYAL T GROUP PTE. LTD.,LiHo,Kiosk,,Bubble Tea,Tampines Mall,4 Tampines Central 5 #B1-K5 Singapore 529510,East,"Lower in sugar, No added sugar",529510
ROYAL T GROUP PTE. LTD.,LiHo,Kiosk,,Bubble Tea,Thomson Plaza,301 Upper Thomson Road #01-K11 Singapore 574408,Central,"Lower in sugar, No added sugar",574408
ROYAL T GROUP PTE. LTD.,LiHo,Kiosk,,Bubble Tea,IMM Building,2 Jurong East Street 21 #01-K12 Singapore 609601,West,"Lower in sugar, No added sugar",609601
ROYAL T GROUP PTE. LTD.,LiHo,Kiosk,,Bubble Tea,Funan,107 North Bridge Road #B2-K04 Singapore 179105,Central,"Lower in sugar, No added sugar",179105
ROYAL T GROUP PTE. LTD.,LiHo,Kiosk,,Bubble Tea,Changi City Point,5 Changi Business Park Central 1 #B1-41 Singapore 486038,East,"Lower in sugar, No added sugar",486038
ROYAL T GROUP PTE. LTD.,LiHo,Kiosk,,Bubble Tea,18 Tai Seng,18 Tai Seng Street #B1-11 Singapore 539775,Central,"Lower in sugar, No added sugar",539775
ROYAL T GROUP PTE. LTD.,LiHo,Kiosk,,Bubble Tea,Bukit Gombak MRT Station,802 Bukit Batok West Avenue 5 #01-01 Singapore 659083,West,"Lower in sugar, No added sugar",659083
ROYAL T GROUP PTE. LTD.,LiHo,Kiosk,,Bubble Tea,Rivervale Plaza,118 Rivervale Drive #01-04 Rivervale Plaza Singapore 540118,North-East,"Lower in sugar, No added sugar",540118
ROYAL T GROUP PTE. LTD.,LiHo,Kiosk,,Bubble Tea,Sun Plaza,30 Sembawang Drive #01-19 Singapore 579837,North,"Lower in sugar, No added sugar",579837
ROYAL T GROUP PTE. LTD.,LiHo,Kiosk,,Bubble Tea,AMK Hub (Basement),53 Ang Mo Kio Ave 3 #B2-57 AMK Hub Singapore 569933,North-East,"Lower in sugar, No added sugar",569933
ROYAL T GROUP PTE. LTD.,LiHo,Kiosk,,Bubble Tea,Suntec City,3 Temasek Boulevard #03-379 Singapore 038983,Central,"Lower in sugar, No added sugar",38983
ROYAL T GROUP PTE. LTD.,LiHo,Kiosk,,Bubble Tea,Changi Airport Terminal 2 Transit,60 Airport Boulevard #02-K13 Changi Airport Terminal 2 Transit Singapore 819643,East,"Lower in sugar, No added sugar",819643
ROYAL T GROUP PTE. LTD.,LiHo,Kiosk,,Bubble Tea,West Coast Plaza,154 West Coast Road #B1-54 Singapore 127371,West,"Lower in sugar, No added sugar",127371
ROYAL T GROUP PTE. LTD.,LiHo,Kiosk,,Bubble Tea,Pasir Ris West Plaza,735 Pasir Ris St 72 #01-308 Singapore 510735,East,"Lower in sugar, No added sugar",510735
ROYAL T GROUP PTE. LTD.,LiHo,Kiosk,,Bubble Tea,Compass One,1 Sengkang Square #B1-43 Compass One Singapore 545078,North-East,"Lower in sugar, No added sugar",545078
ROYAL T GROUP PTE. LTD.,LiHo,Kiosk,,Bubble Tea,AMK Hub (Level 2),53 Ang Mo Kio #02-15/16 AMK Hub Singapore 569933,North-East,"Lower in sugar, No added sugar",569933
ROYAL T GROUP PTE. LTD.,LiHo,Kiosk,,Bubble Tea,Eunos MRT,30 Eunos Crescent #01-05 Singapore 409423,East,"Lower in sugar, No added sugar",409423
ROYAL T GROUP PTE. LTD.,LiHo,Kiosk,,Bubble Tea,Tampines Hub,51 Tampines Avenue 4 #01-K1 Our Tampines Hub Singapore 529684,East,"Lower in sugar, No added sugar",529684
ROYAL T GROUP PTE. LTD.,LiHo,Kiosk,,Bubble Tea,NEX,23 Serangoon Central #04-K22 Singapore 556083,North-East,"Lower in sugar, No added sugar",556083
ROYAL T GROUP PTE. LTD.,LiHo,Kiosk,,Bubble Tea,Bugis+,201 Victoria Street #03-29 Bugis+ Singapore 188067,Central,"Lower in sugar, No added sugar",188067
SAMANVAY SINGAPORE PTE. LTD.,MTR SINGAPORE,Restaurant,,Indian,MTR SINGAPORE RESTAURANT,438 SERANGOON ROAD #01-01 Singapore 218133,North-East,"Lower in calories, Higher in wholegrains, Higher in wholegrains and lower in calories",218133
Sarika Connoisseur Café Pte Ltd,TCC - The Connoisseur Concerto,Café,,Western,The Connoisseur Concerto - Great World City,"1 Kim Seng Promenade, #01-119, Great World Singapore 237994",Central,"Lower in calories, Higher in wholegrains, Higher in wholegrains and lower in calories, Lower in sugar, No added sugar",237994
Sarika Connoisseur Café Pte Ltd,TCC - The Connoisseur Concerto,Café,,Western,The Connoisseur Concerto - German Centre,"25 International Business Park, #01-80, Singapore 609916",West,"Lower in calories, Higher in wholegrains, Higher in wholegrains and lower in calories, Lower in sugar, No added sugar",609916
Sarika Connoisseur Café Pte Ltd,TCC - The Connoisseur Concerto,Café,,Western,The Connoisseur Concerto - International Building,"360 Orchard Road, #01-01, International Buidling, Singapore 238869",Central,"Lower in calories, Higher in wholegrains, Higher in wholegrains and lower in calories, Lower in sugar, No added sugar",238869
Sarika Connoisseur Café Pte Ltd,TCC - The Connoisseur Concerto,Café,,Western,The Connoisseur Concerto - Isetan Scotts,"350 Orchard Road, Level 2, Isetan Scotts, Singapore 238868",Central,"Lower in calories, Higher in wholegrains, Higher in wholegrains and lower in calories, Lower in sugar, No added sugar",238868
Sarika Connoisseur Café Pte Ltd,TCC - The Connoisseur Concerto,Café,,Western,The Connoisseur Concerto - The Pier @ Robertson,"80 Mohamed Sultan Road, #01-01/02, The Pier @ Robertson, Singapore 239013",Central,"Lower in calories, Higher in wholegrains, Higher in wholegrains and lower in calories, Lower in sugar, No added sugar",239013
Sarika Connoisseur Café Pte Ltd,TCC - The Connoisseur Concerto,Café,,Western,The Connoisseur Concerto - Vivocity,"1 Harbourfront Walk, #02-149, Singapore 098585",Central,"Lower in calories, Higher in wholegrains, Higher in wholegrains and lower in calories, Lower in sugar, No added sugar",98585
Sarika Connoisseur Café Pte Ltd,TCC - The Connoisseur Concerto,Café,,Western,The Connoisseur Concerto - Takashimaya Shopping Centre,"391 Orchard Road #B1-56 Takashimaya Shopping Centre, Ngee Ann City Singapore 238872",Central,"Lower in calories, Higher in wholegrains, Higher in wholegrains and lower in calories, Lower in sugar, No added sugar",238872
Sarika Connoisseur Cafe Pte Ltd,TCC - The Connoisseur Concerto,Restaurant,,Western,The Connoisseur Concerto - Great World City,1 Kim Seng Promenade #01-119 Great World City Singapore 237994,Central,"Lower in calories, Higher in wholegrains and lower in calories, Lower in sugar, No added sugar",237994
SI Asia Pte Ltd,Boon Café,Café,,Western,ITE Central,2 Ang Mo Kio Dr Ite College Central Blk F #02-11/12 Singapore 567720,North-East,"Lower in calories, Lower in sodium",567720
SILVER STAR CONFECTIONERY (ALJUNIED RD) PTE. LTD.,Silver Star Confectionery,Bakery,,"Breads, cakes, cookies, pastries",Silver Star Confectionery- Aljunied Rd,78 CIRCUIT ROAD #01-476 CIRCUIT ROAD Singapore 370078,Central,Higher in wholegrains,370078
SILVER STAR CONFECTIONERY (ALJUNIED RD) PTE. LTD.,SILVER STAR CONFECTIONERY (ALJUNIED RD) PTE. LTD.,Bakery,,"Breads, cakes, cookies, pastries",SILVER STAR CONFECTIONERY (ALJUNIED RD) PTE. LTD. - BLOCK 78 CIRCUIT ROAD,78 CIRCUIT ROAD #01-476 CIRCUIT ROAD Singapore 370078,Central,Higher in wholegrains,370078
Simply Wrapps Express Pte. Ltd.,Simply Wrapps,Restaurant,Halal,Western,Simply Wrapps -HarbourFront Center (Salad Bar),"1 Maritime Square, #01-51/52 Singapore 099253",Central,"Lower in calories, Higher in wholegrains, Higher in wholegrains and lower in calories, Lower in sugar, No added sugar",99253
Simply Wrapps Express Pte. Ltd.,Simply Wrapps,Restaurant,Halal,Western,Simply Wrapps - Raffles City Shopping Center,"252 North Bridge Road, #B1-78, Raffles City Shopping Center, Singapore 179103  ",Central,"Lower in calories, Higher in wholegrains, Higher in wholegrains and lower in calories, Lower in sugar, No added sugar",179103
SINGAPORE SAIZERIYA PTE. LTD.,SAIZERIYA,Restaurant,,Western,SAIZERIYA - Yew Tee Point,21 Choa Chu Kang North 6 #01-17 Yew Tee Point Singapore 689578,West,"Lower in calories, Lower in calories and sodium",689578
SINGAPORE SAIZERIYA PTE. LTD.,SAIZERIYA,Restaurant,,Western,SAIZERIYA - Woods Square Mall,6 Woodlands Square #B2-22 Woods Square Mall Singapore 737737,North,"Lower in calories, Lower in calories and sodium",737737
SINGAPORE SAIZERIYA PTE. LTD.,SAIZERIYA,Restaurant,,Western,SAIZERIYA - White Sands,1 Pasir Ris Central Street 3 #03-11/12 White Sands Singapore 518457,East,"Lower in calories, Lower in calories and sodium",518457
SINGAPORE SAIZERIYA PTE. LTD.,SAIZERIYA,Restaurant,,Western,SAIZERIYA - United Square,101 Thomson Road #B1-32/33 United Square Singapore 307591,Central,"Lower in calories, Lower in calories and sodium",307591
SINGAPORE SAIZERIYA PTE. LTD.,SAIZERIYA,Restaurant,,Western,SAIZERIYA - Toa Payoh,190 Toa Payoh Lorong 6 #02-514 Singapore 310190,Central,"Lower in calories, Lower in calories and sodium",310190
SINGAPORE SAIZERIYA PTE. LTD.,SAIZERIYA,Restaurant,,Western,SAIZERIYA - Tampines One,10 Tampines Central 1 #04-23 Tampines One Singapore 529536,East,"Lower in calories, Lower in calories and sodium",529536
SINGAPORE SAIZERIYA PTE. LTD.,SAIZERIYA,Restaurant,,Western,SAIZERIYA - Sun Plaza,30 Sembawang Drive #03-17/18 Sun Plaza Singapore 757713,North,"Lower in calories, Lower in calories and sodium",757713
SINGAPORE SAIZERIYA PTE. LTD.,SAIZERIYA,Restaurant,,Western,SAIZERIYA - Sembawang Shopping Centre,604 Sembawang Road #B1-15/16 Sembawang Shopping Centre Singapore 758459,North,"Lower in calories, Lower in calories and sodium",758459
SINGAPORE SAIZERIYA PTE. LTD.,SAIZERIYA,Restaurant,,Western,SAIZERIYA - Seletar Mall,33 Sengkang West Avenue #02-K1/K2 The Seletar Mall Singapore 797653,North-East,"Lower in calories, Lower in calories and sodium",797653
SINGAPORE SAIZERIYA PTE. LTD.,SAIZERIYA,Restaurant,,Western,SAIZERIYA - Rivervale Mall,11 Rivervale Crescent #02-09 Rivervale Mall Singapore 545082,North-East,"Lower in calories, Lower in calories and sodium",545082
SINGAPORE SAIZERIYA PTE. LTD.,SAIZERIYA,Restaurant,,Western,SAIZERIYA - Paya Lebar Quarter,10 Paya Lebar Road #04-13 Paya Lebar Quarter Singapore 409057,East,"Lower in calories, Lower in calories and sodium",409057
SINGAPORE SAIZERIYA PTE. LTD.,SAIZERIYA,Restaurant,,Western,SAIZERIYA - Orchard Gateway,277 Orchard Road #B2-11 Orchard Gateway Singapore 238858,Central,"Lower in calories, Lower in calories and sodium",238858
SINGAPORE SAIZERIYA PTE. LTD.,SAIZERIYA,Restaurant,,Western,SAIZERIYA - Oasis Terrace,681 Punggol Drive #03-07/08 Oasis Terrace Singapore 820681,North-East,"Lower in calories, Lower in calories and sodium",820681
SINGAPORE SAIZERIYA PTE. LTD.,SAIZERIYA,Restaurant,,Western,SAIZERIYA - NEX,23 Serangoon Central #01-61/62 NEX Singapore 556083,North-East,"Lower in calories, Lower in calories and sodium",556083
SINGAPORE SAIZERIYA PTE. LTD.,SAIZERIYA,Restaurant,,Western,SAIZERIYA - Marina Square,6 Raffles Boulevard #02-207 Marina Square Singapore 039594,Central,"Lower in calories, Lower in calories and sodium",39594
SINGAPORE SAIZERIYA PTE. LTD.,SAIZERIYA,Restaurant,,Western,SAIZERIYA - Leisure Park Kallang,5 Stadium Walk #01-02/03 Kallang Leisure Park Singapore 397693,Central,"Lower in calories, Lower in calories and sodium",397693
SINGAPORE SAIZERIYA PTE. LTD.,SAIZERIYA,Restaurant,,Western,SAIZERIYA - Khatib HomeTeam,2 Yishun Walk #01-02 HomeTeam NS Club House Singapore 767944,North,"Lower in calories, Lower in calories and sodium",767944
SINGAPORE SAIZERIYA PTE. LTD.,SAIZERIYA,Restaurant,,Western,SAIZERIYA - i12 Katong,112 East Coast Road #01-11/12 i12 Katong Singapore 428802,East,"Lower in calories, Lower in calories and sodium",428802
SINGAPORE SAIZERIYA PTE. LTD.,SAIZERIYA,Restaurant,,Western,SAIZERIYA - Hougang Mall,90 Hougang Avenue 10 #02-24 Hougang Mall Singapore 538766,North-East,"Lower in calories, Lower in calories and sodium",538766
SINGAPORE SAIZERIYA PTE. LTD.,SAIZERIYA,Restaurant,,Western,SAIZERIYA - Hougang 1,1 Hougang Street 91 #01-38 Hougang 1 Singapore 538692,North-East,"Lower in calories, Lower in calories and sodium",538692
SINGAPORE SAIZERIYA PTE. LTD.,SAIZERIYA,Restaurant,,Western,SAIZERIYA - Hillion Mall,17 Petir Road #B1-20/21 Hillion Mall Singapore 678278,West,"Lower in calories, Lower in calories and sodium",678278
SINGAPORE SAIZERIYA PTE. LTD.,SAIZERIYA,Restaurant,,Western,SAIZERIYA - Heartland Mall,205 Hougang Street 21 #02-26/29 Heartland Mall Singapore 530205,North-East,"Lower in calories, Lower in calories and sodium",530205
SINGAPORE SAIZERIYA PTE. LTD.,SAIZERIYA,Restaurant,,Western,SAIZERIYA - Eastpoint Mall,3 Simei Street 6 #03-04 Eastpoint Mall Singapore 528833,East,"Lower in calories, Lower in calories and sodium",528833
SINGAPORE SAIZERIYA PTE. LTD.,SAIZERIYA,Restaurant,,Western,SAIZERIYA - Downtown East,"1 Pasir Ris Close, E! Avenue #02-303 Downtown East Singapore 519599",East,"Lower in calories, Lower in calories and sodium",519599
SINGAPORE SAIZERIYA PTE. LTD.,SAIZERIYA,Restaurant,,Western,SAIZERIYA - Djitsun Mall Bedok,445 Bedok North Street 1 #01-01 Djitsun Mall Bedok Singapore 469661,East,"Lower in calories, Lower in calories and sodium",469661
SINGAPORE SAIZERIYA PTE. LTD.,SAIZERIYA,Restaurant,,Western,SAIZERIYA - City Square Mall,180 Kitchener Road #B2-55/56 City Square Mall Singapore 208539,Central,"Lower in calories, Lower in calories and sodium",208539
SINGAPORE SAIZERIYA PTE. LTD.,SAIZERIYA,Restaurant,,Western,SAIZERIYA - Chinatown Point,133 New Bridge Road #02-10 Chinatown Point Singapore 059413,Central,"Lower in calories, Lower in calories and sodium",59413
SINGAPORE SAIZERIYA PTE. LTD.,SAIZERIYA,Restaurant,,Western,SAIZERIYA - Changi City Point,5 Changi Business Central Park 1 #B1-44/45 Changi City Point Singapore 486038,East,"Lower in calories, Lower in calories and sodium",486038
SINGAPORE SAIZERIYA PTE. LTD.,SAIZERIYA,Restaurant,,Western,SAIZERIYA - Century Square,2 Tampines Central 5 #03-32/33 Century Square Singapore 529509,East,"Lower in calories, Lower in calories and sodium",529509
SINGAPORE SAIZERIYA PTE. LTD.,SAIZERIYA,Restaurant,,Western,SAIZERIYA - Aperia Mall,12 Kallang Avenue #03-07/08 Aperia Mall Singapore 339511,Central,"Lower in calories, Lower in calories and sodium",339511
SINGAPORE SAIZERIYA PTE. LTD.,SAIZERIYA,Restaurant,,Western,SAIZERIYA - Alexandra Retail Centre,460 Alexandra Road #01-30/31 Alexandra Retail Centre Singapore 119963,Central,"Lower in calories, Lower in calories and sodium",119963
SINGAPORE SAIZERIYA PTE. LTD.,SAIZERIYA,Restaurant,,Western,SAIZERIYA - 51@AMK,51 Ang Mo Kio Avenue 3 #01-01 51@AMK Singapore 569922,North-East,"Lower in calories, Lower in calories and sodium",569922
SINGAPORE SAIZERIYA PTE. LTD.,SAIZERIYA,Restaurant,,Western,SAIZERIYA - 321 Clementi,321 Clementi Avenue 3 #02-05/06 321 Clementi Singapore 129905,West,"Lower in calories, Lower in calories and sodium",129905
SINGAPORE SAIZERIYA PTE. LTD.,SAIZERIYA,Restaurant,,Western,SAIZERIYA - HomeTeamNS Bukit Batok,2 Bukit Batok West Avenue #01-09B HomeTeamNS Bukit Batok Clubhouse Singapore 659003,West,"Lower in calories, Lower in calories and sodium",659003
SINGAPORE SAIZERIYA PTE. LTD.,SAIZERIYA,Restaurant,,Western,SAIZERIYA - Wisteria Mall,598 Yishun Ring Road #01-19/20 Wisteria Mall Singapore 768698,North,"Lower in calories, Lower in calories and sodium",768698
SINGAPORE SAIZERIYA PTE. LTD.,SAIZERIYA,Restaurant,,Western,SAIZERIYA - Ng Teng Fong,1 Jurong East Street 21 #02-01 Ng Teng Fong Hospital Singapore 609606,West,"Lower in calories, Lower in calories and sodium",609606
SINGAPORE SAIZERIYA PTE. LTD.,SAIZERIYA,Restaurant,,Western,SAIZERIYA - The Cathay,2 Handy Road #B1-11 The Cathay Singapore 229233,Central,"Lower in calories, Lower in calories and sodium",229233
SINGAPORE SAIZERIYA PTE. LTD.,SAIZERIYA,Restaurant,,Western,SAIZERIYA - Paya Lebar Quarter,10 Paya Lebar Road #04-13 Paya Lebar Quarter Singapore 409057,Central,"Lower in calories, Lower in calories and sodium",409057
Soup Restaurant Singapore Pte. Ltd.,Soup Restaurant Singapore,Restaurant,,Chinese,Soup Restaurant - Changi Airport T2,"Singapore Changi Airport, Terminal 2 #036-086 Viewing Mall North Singapore 819643",East,"Lower in calories, No added sugar",819643
Soup Restaurant Singapore Pte. Ltd.,Soup Restaurant Singapore,Restaurant,,Chinese,Soup Restaurant - Clementi Mall,3155 Commonwealth Avenue West #03-62 Clementi Mall Singapore 129588,West,"Lower in calories, No added sugar",129588
Soup Restaurant Singapore Pte. Ltd.,Soup Restaurant Singapore,Restaurant,,Chinese,Soup Restaurant - Compass One,1 Sengkang Square #03-12 Compass One Singapore 545078,North-East,"Lower in calories, No added sugar",545078
Soup Restaurant Singapore Pte. Ltd.,Soup Restaurant Singapore,Restaurant,,Chinese,Soup Restaurant - Holland Village,118 Holland Avenue Raffles Medical Holland Village #01-02 Singapore 278997,Central,"Lower in calories, No added sugar",278997
Soup Restaurant Singapore Pte. Ltd.,Soup Restaurant Singapore,Restaurant,,Chinese,Soup Restaurant - Hougang Mall,90 Hougang Avenue 10 #02-21 Hougang Mall Singapore 538766,North-East,"Lower in calories, No added sugar",538766
Soup Restaurant Singapore Pte. Ltd.,Soup Restaurant Singapore,Restaurant,,Chinese,Soup Restaurant - Jewel Changi Airport,78 Airport Boulevard #03-201 Jewel Changi Airport Singapore 819666,East,"Lower in calories, No added sugar",819666
Soup Restaurant Singapore Pte. Ltd.,Soup Restaurant Singapore,Restaurant,,Chinese,Soup Restaurant - Jurong Point,1 Jurong West Central 2 #02-33 Jurong Point Shopping Centre Singapore 648886,West,"Lower in calories, No added sugar",648886
Soup Restaurant Singapore Pte. Ltd.,Soup Restaurant Singapore,Restaurant,,Chinese,Soup Restaurant - NEX,23 Serangoon Central #02-15/16 NEX Singapore 556083,North-East,"Lower in calories, No added sugar",556083
Soup Restaurant Singapore Pte. Ltd.,Soup Restaurant Singapore,Restaurant,,Chinese,Soup Restaurant - Paragon,290 Orchard Road #B1-07 Paragon Singapore 238859,Central,"Lower in calories, No added sugar",238859
Soup Restaurant Singapore Pte. Ltd.,Soup Restaurant Singapore,Restaurant,,Chinese,Soup Restaurant - Suntec City,3 Temasek Boulevard #B1-122 Suntec City Singapore 038983,Central,"Lower in calories, No added sugar",38983
Soup Restaurant Singapore Pte. Ltd.,Soup Restaurant Singapore,Restaurant,,Chinese,Soup Restaurant - United Square,101 Thomson Road #B1-10 United Square Singapore 307591,Central,"Lower in calories, No added sugar",307591
Soup Restaurant Singapore Pte. Ltd.,Soup Restaurant Singapore,Restaurant,,Chinese,Soup Restaurant - VivoCity,1 Harbourfront Walk #02-141 VivoCity Singapore 098585,Central,"Lower in calories, No added sugar",98585
Spinelli (Central) Pte Ltd,SPINELLI PTE LTD,Café,,Western,SPINELLI DAILY GRIND,12 Kallang Avenue #01-34 APERIA MALL Singapore 339511,Central,"No added sugar, Lower in sugar",339511
Spinelli (Central) Pte Ltd,SPINELLI PTE LTD,Café,,Western,SPINELLI COFFEE SINGTEL Building,"20 Pickering St, Pickering St SINGTEL Building Singapore 048658",Central,"No added sugar, Lower in sugar",48658
Spinelli (Central) Pte Ltd,SPINELLI PTE LTD,Café,,Western,SPINELLI COFFEE NUS EA,9 Engineering Drive 1 BLOCK EA @ NUS Singapore 117575,West,"No added sugar, Lower in sugar",117575
Spinelli (Central) Pte Ltd,SPINELLI PTE LTD,Café,,Western,SPINELLI COFFEE THE STRATEGY,2 International Business Park #01-26 THE STRATEGY Singapore 609930,West,"No added sugar, Lower in sugar",609930
Spinelli (Central) Pte Ltd,SPINELLI PTE LTD,Café,,Western,SPINELLI COFFEE ONE RAFFLES QUAY,1 Raffles Quay #B2-01 ONE RAFFLES QUAY Singapore 048583,Central,"No added sugar, Lower in sugar",48583
Spinelli (Central) Pte Ltd,SPINELLI PTE LTD,Café,,Western,SPINELLI COFFEE NUS,21 Kent Ridge Road #01-05 NUS UNIVERSITY HALL Singapore 119077,West,"No added sugar, Lower in sugar",119077
Spinelli (Central) Pte Ltd,SPINELLI PTE LTD,Café,,Western,SPINELLI COFFEE IBM PLACE 2,9 Changi Business Park Central 1 #01-03 IBM PLACE 2 Singapore 486048,East,"No added sugar, Lower in sugar",486048
Starbucks Coffee Singapore Pte. Ltd.,Starbucks,Café,,Western,Cintech IV,"79 Science Park Drive #01-03, Cintech IV Singapore Science Park I Singapore 118264",West,"Lower in calories, Higher in wholegrains and lower in calories, Lower in sugar, No added sugar",118264
Starbucks Coffee Singapore Pte. Ltd.,Starbucks,Café,,Western,City House,36 Robinson Road #01-02 City House Singapore 068877,Central,"Lower in calories, Higher in wholegrains and lower in calories, Lower in sugar, No added sugar",68877
Starbucks Coffee Singapore Pte. Ltd.,Starbucks,Café,,Western,City Square Mall,"180 Kitchener Road, #01-38, City Square Mall, Singapore 208539",Central,"Lower in calories, Higher in wholegrains and lower in calories, Lower in sugar, No added sugar",208539
Starbucks Coffee Singapore Pte. Ltd.,Starbucks,Café,,Western,CityLink Mall,One Raffles Link #B1-15/17 CityLink Mall Singapore 039393,Central,"Lower in calories, Higher in wholegrains and lower in calories, Lower in sugar, No added sugar",39393
Starbucks Coffee Singapore Pte. Ltd.,Starbucks,Café,,Western,Concourse,300 Beach Road 1st Storey Lobby The Concourse Singapore 199555,Central,"Lower in calories, Higher in wholegrains and lower in calories, Lower in sugar, No added sugar",199555
Starbucks Coffee Singapore Pte. Ltd.,Starbucks,Café,,Western,Coronation Shopping Plaza,"587 Bukit Timah, #01-03 Coronation Shopping Plaza, Singapore 269707",Central,"Lower in calories, Higher in wholegrains and lower in calories, Lower in sugar, No added sugar",269707
Starbucks Coffee Singapore Pte. Ltd.,Starbucks,Café,,Western,DBS Level 13 (MBFC),"12 Marina Boulevard #13-35, Marina Bay Financial Centre Tower 3 Singapore 018982",Central,"Lower in calories, Higher in wholegrains and lower in calories, Lower in sugar, No added sugar",18982
Starbucks Coffee Singapore Pte. Ltd.,Starbucks,Café,,Western,Marina Square,6 Raffles Boulevard #03-217/218 Marina Square Singapore 039594,Central,"Lower in calories, Higher in wholegrains and lower in calories, Lower in sugar, No added sugar",39594
Starbucks Coffee Singapore Pte. Ltd.,Starbucks,Café,,Western,Mt Elizabeth Novena Hospital,38 Irrawaddy Road #01-14 Mount Elizabeth Novena Hospital Singapore 329563,Central,"Lower in calories, Higher in wholegrains and lower in calories, Lower in sugar, No added sugar",329563
Starbucks Coffee Singapore Pte. Ltd.,Starbucks,Café,,Western,Novena Square (Office Tower),"238 Thomson Road, Novena Square #02-K7/K8, Singapore 307683",Central,"Lower in calories, Higher in wholegrains and lower in calories, Lower in sugar, No added sugar",307683
Starbucks Coffee Singapore Pte. Ltd.,Starbucks,Café,,Western,NTU North Spine,"76 Nanyang Drive, #01-06, NTU North Spine, Singapore 637331",West,"Lower in calories, Higher in wholegrains and lower in calories, Lower in sugar, No added sugar",637331
Starbucks Coffee Singapore Pte. Ltd.,Starbucks,Café,,Western,Great World City,"1 Kim Seng Promenade #02-K104/105/106, Great World City Singapore 237994",Central,"Lower in calories, Higher in wholegrains and lower in calories, Lower in sugar, No added sugar",237994
Starbucks Coffee Singapore Pte. Ltd.,Starbucks,Café,,Western,The Poiz Centre,"51 Upper Serangoon Road, #01-02 The Poiz Centre, Singapore 347697",North-East,"Lower in calories, Higher in wholegrains and lower in calories, Lower in sugar, No added sugar",347697
Starbucks Coffee Singapore Pte. Ltd.,Starbucks,Café,,Western,Hougang 1 Mall,"1 Hougang Street 91, #01-41 Hougang 1, Singapore 538692",North-East,"Lower in calories, Higher in wholegrains and lower in calories, Lower in sugar, No added sugar",538692
Starbucks Coffee Singapore Pte. Ltd.,Starbucks,Café,,Western,Marina Bay Link Mall,8A Marina Boulevard #B2-38-36 Singapore 018984,Central,"Lower in calories, Higher in wholegrains and lower in calories, Lower in sugar, No added sugar",18984
Starbucks Coffee Singapore Pte. Ltd.,Starbucks,Café,,Western,Marina Bay Sands,"2 Bayfront Avenue, #B2-56 The Shoppes at Marina Bay Sands Singapore 018972",Central,"Lower in calories, Higher in wholegrains and lower in calories, Lower in sugar, No added sugar",18972
Starbucks Coffee Singapore Pte. Ltd.,Starbucks,Café,,Western,Marina One,"5 Straits View, #B2-08 Marina One (West Tower) Singapore 018935",Central,"Lower in calories, Higher in wholegrains and lower in calories, Lower in sugar, No added sugar",18935
Starbucks Coffee Singapore Pte. Ltd.,Starbucks,Café,,Western,Millenia Walk,"9 Raffles Boulevard, Millenia Walk, #01-K7/K11/K12/K13, Singapore 039596",Central,"Lower in calories, Higher in wholegrains and lower in calories, Lower in sugar, No added sugar",39596
Starbucks Coffee Singapore Pte. Ltd.,Starbucks,Café,,Western,NEX,23 Serangoon Central #02-K01/02 Singapore 556083,North-East,"Lower in calories, Higher in wholegrains and lower in calories, Lower in sugar, No added sugar",556083
Starbucks Coffee Singapore Pte. Ltd.,Starbucks,Café,,Western,Ng Teng Fong General Hospital,1 Jurong East Street 21 #02-08 Ng Teng Fong General Hospital Tower A Singapore 609606,West,"Lower in calories, Higher in wholegrains and lower in calories, Lower in sugar, No added sugar",609606
Starbucks Coffee Singapore Pte. Ltd.,Starbucks,Café,,Western,Northpoint,930 Yishun Ave 2 #01-07/08 Northpoint Singapore 769098,North,"Lower in calories, Higher in wholegrains and lower in calories, Lower in sugar, No added sugar",769098
Starbucks Coffee Singapore Pte. Ltd.,Starbucks,Café,,Western,Ocean FInancial Centre,"10 Collyer Quay, #B1-07 Ocean FInancial Centre, Singapore 049315",Central,"Lower in calories, Higher in wholegrains and lower in calories, Lower in sugar, No added sugar",49315
Starbucks Coffee Singapore Pte. Ltd.,Starbucks,Café,,Western,One George,1 George Street #01-02 Singapore 049145,Central,"Lower in calories, Higher in wholegrains and lower in calories, Lower in sugar, No added sugar",49145
Starbucks Coffee Singapore Pte. Ltd.,Starbucks,Café,,Western,Kinex (Formerly OneKM Shopping Mall),"11 Tanjong Katong Road, #01-17/18/19, Singapore 437157",East,"Lower in calories, Higher in wholegrains and lower in calories, Lower in sugar, No added sugar",437157
Starbucks Coffee Singapore Pte. Ltd.,Starbucks,Café,,Western,Orchard Cineleisure,"8 Grange Road, #01-K1 Cathay Cineleisure Orchard, Singapore 239965",Central,"Lower in calories, Higher in wholegrains and lower in calories, Lower in sugar, No added sugar",239965
Starbucks Coffee Singapore Pte. Ltd.,Starbucks,Café,,Western,Pacific Plaza,9 Scotts Road #01-01A Pacific Plaza Singapore 228210,Central,"Lower in calories, Higher in wholegrains and lower in calories, Lower in sugar, No added sugar",228210
Starbucks Coffee Singapore Pte. Ltd.,Starbucks,Café,,Western,Paragon,290 Orchard Road #B1-34 Paragon Shopping Centre Singapore 238859,Central,"Lower in calories, Higher in wholegrains and lower in calories, Lower in sugar, No added sugar",238859
Starbucks Coffee Singapore Pte. Ltd.,Starbucks,Café,,Western,Parkway Parade,80 Marine Parade Road #01-10A/B Parkway Parade Singapore 449269,East,"Lower in calories, Higher in wholegrains and lower in calories, Lower in sugar, No added sugar",449269
Starbucks Coffee Singapore Pte. Ltd.,Starbucks,Café,,Western,Plaza Singapura,68 Orchard Road #01-53 Plaza Singapura Singapore 238839,Central,"Lower in calories, Higher in wholegrains and lower in calories, Lower in sugar, No added sugar",238839
Starbucks Coffee Singapore Pte. Ltd.,Starbucks,Café,,Western,Resorts World Sentosa,28 Sentosa Gateway #01-202 Singapore 098138,Central,"Lower in calories, Higher in wholegrains and lower in calories, Lower in sugar, No added sugar",98138
Starbucks Coffee Singapore Pte. Ltd.,Starbucks,Café,,Western,Rochester Park,37 Rochester Drive Singapore 138640,Central,"Lower in calories, Higher in wholegrains and lower in calories, Lower in sugar, No added sugar",138640
Starbucks Coffee Singapore Pte. Ltd.,Starbucks,Café,,Western,Seletar Mall,"33 Sengkang West Avenue, #01-15/16, The Seletar Mall, Singapore 797653",North-East,"Lower in calories, Higher in wholegrains and lower in calories, Lower in sugar, No added sugar",797653
Starbucks Coffee Singapore Pte. Ltd.,Starbucks,Café,,Western,Singapore Polytechnic,"500 Dover Road, Food Court 5, Singapore 139651",West,"Lower in calories, Higher in wholegrains and lower in calories, Lower in sugar, No added sugar",139651
Starbucks Coffee Singapore Pte. Ltd.,Starbucks,Café,,Western,South Beach Tower,"26 Beach Road, #B1-24 South Beach Avenue, Singapore 189768",Central,"Lower in calories, Higher in wholegrains and lower in calories, Lower in sugar, No added sugar",189768
Starbucks Coffee Singapore Pte. Ltd.,Starbucks,Café,,Western,Sun Plaza,"#01-22 Sun Plaza, 30 Sembawang Drive, Singapore 757713",North,"Lower in calories, Higher in wholegrains and lower in calories, Lower in sugar, No added sugar",757713
Starbucks Coffee Singapore Pte. Ltd.,Starbucks,Café,,Western,Suntec City Tower 5,3 Temasek Boulevard #01-433 Suntec City Mall Singapore 038983,Central,"Lower in calories, Higher in wholegrains and lower in calories, Lower in sugar, No added sugar",38983
Starbucks Coffee Singapore Pte. Ltd.,Starbucks,Café,,Western,Suntec Convention Centre,"3 Temasek Boulevard #02-393/394 Suntec Convention Centre, Singapore 038983",Central,"Lower in calories, Higher in wholegrains and lower in calories, Lower in sugar, No added sugar",38983
Starbucks Coffee Singapore Pte. Ltd.,Starbucks,Café,,Western,Tampines Mall,"4 Tampines Central 5 #01-50, Tampines Mall, Singapore 529510",East,"Lower in calories, Higher in wholegrains and lower in calories, Lower in sugar, No added sugar",529510
Starbucks Coffee Singapore Pte. Ltd.,Starbucks,Café,,Western,Tampines West Community Club,"5 Tampines Ave 3, #01-09, Singapore 529705",East,"Lower in calories, Higher in wholegrains and lower in calories, Lower in sugar, No added sugar",529705
Starbucks Coffee Singapore Pte. Ltd.,Starbucks,Café,,Western,Thomson Plaza,301 Upper Thomson Road #01-37A Thomson Plaza Singapore 574408,Central,"Lower in calories, Higher in wholegrains and lower in calories, Lower in sugar, No added sugar",574408
Starbucks Coffee Singapore Pte. Ltd.,Starbucks,Café,,Western,Jewel Changi Airport Kiosk,"#01-K207, 78 Airport Blvd, Singapore 819666",East,"Lower in calories, Higher in wholegrains and lower in calories, Lower in sugar, No added sugar",819666
Starbucks Coffee Singapore Pte. Ltd.,Starbucks,Café,,Western,Jewel Changi Airport,"#02-204, 78 Airport Blvd Jewel Changi Airport, Singapore 819666",East,"Lower in calories, Higher in wholegrains and lower in calories, Lower in sugar, No added sugar",819666
Starbucks Coffee Singapore Pte. Ltd.,Starbucks,Café,,Western,One@KentRidge (NUH medical centre),"1 Lower Kent Ridge, #03-12 One@Kentridge Singapore 119082",West,"Lower in calories, Higher in wholegrains and lower in calories, Lower in sugar, No added sugar",119082
Starbucks Coffee Singapore Pte. Ltd.,Starbucks,Café,,Western,Bugis+,"#02-12/13, Bugis+ 201 Victoria Street, Singapore 188067",Central,"Lower in calories, Higher in wholegrains and lower in calories, Lower in sugar, No added sugar",188067
Starbucks Coffee Singapore Pte. Ltd.,Starbucks,Café,,Western,Capital Tower,168 Robinson Road #01-01/02 Capital Tower Singapore 068912,Central,"Lower in calories, Higher in wholegrains and lower in calories, Lower in sugar, No added sugar",68912
Starbucks Coffee Singapore Pte. Ltd.,Starbucks,Café,,Western,NUS University Town,8 College Avenue West #B1-01 (Education Resource Centre) Singapore 138608,West,"Lower in calories, Higher in wholegrains and lower in calories, Lower in sugar, No added sugar",138608
Starbucks Coffee Singapore Pte. Ltd.,Starbucks,Café,,Western,Oasis Terraces,"681 Punggol Drive, Oasis Terraces, #02-35 Singapore 820681",North-East,"Lower in calories, Higher in wholegrains and lower in calories, Lower in sugar, No added sugar",820681
Starbucks Coffee Singapore Pte. Ltd.,Starbucks,Café,,Western,One Fullerton,1 Fullerton Road #01-04 One Fullerton Singapore 049213,Central,"Lower in calories, Higher in wholegrains and lower in calories, Lower in sugar, No added sugar",49213
Starbucks Coffee Singapore Pte. Ltd.,Starbucks,Café,,Western,Orchard Gateway,"277 Orchard Road, #B2-04, Singapore 238858",Central,"Lower in calories, Higher in wholegrains and lower in calories, Lower in sugar, No added sugar",238858
Starbucks Coffee Singapore Pte. Ltd.,Starbucks,Café,,Western,Orchard Point,160 Orchard Road #BK-01 Orchard Point Mall Singapore 238842,Central,"Lower in calories, Higher in wholegrains and lower in calories, Lower in sugar, No added sugar",238842
Starbucks Coffee Singapore Pte. Ltd.,Starbucks,Café,,Western,Our Tampines Hub,"1 Tampines Walk, Our Tampines Hub #01-104, Singapore 528523",East,"Lower in calories, Higher in wholegrains and lower in calories, Lower in sugar, No added sugar",528523
Starbucks Coffee Singapore Pte. Ltd.,Starbucks,Café,,Western,Parkland Green,"920 East Coast Parkway, #01-17, Parkland Green, Singapore 449875",East,"Lower in calories, Higher in wholegrains and lower in calories, Lower in sugar, No added sugar",449875
Starbucks Coffee Singapore Pte. Ltd.,Starbucks,Café,,Western,Plaza 8,"1 Changi Business Park Crescent #01-17, Plaza 8 @ CBP Singapore 486025",East,"Lower in calories, Higher in wholegrains and lower in calories, Lower in sugar, No added sugar",486025
Starbucks Coffee Singapore Pte. Ltd.,Starbucks,Café,,Western,Raffles City,252 North Bridge Road #01-46/47/48 Raffles City Shopping Centre Singapore 179103,Central,"Lower in calories, Higher in wholegrains and lower in calories, Lower in sugar, No added sugar",179103
Starbucks Coffee Singapore Pte. Ltd.,Starbucks,Café,,Western,Raffles Hospital,"585 North Bridge Road, #01-18, Raffles Hospital Singapore 188770",Central,"Lower in calories, Higher in wholegrains and lower in calories, Lower in sugar, No added sugar",188770
Starbucks Coffee Singapore Pte. Ltd.,Starbucks,Café,,Western,AXA Tower,8 Shenton Way #01-16 AXA Tower Singapore 068811,Central,"Lower in calories, Higher in wholegrains and lower in calories, Lower in sugar, No added sugar",68811
Starbucks Coffee Singapore Pte. Ltd.,Starbucks,Café,,Western,Republic Plaza,9 Raffles Place #01-15/16 Republic Plaza Singapore 048619,Central,"Lower in calories, Higher in wholegrains and lower in calories, Lower in sugar, No added sugar",48619
Starbucks Coffee Singapore Pte. Ltd.,Starbucks,Café,,Western,Singapore Management University,80 Stamford Road #B1-61A School Of Information Systems Singapore 178902,Central,"Lower in calories, Higher in wholegrains and lower in calories, Lower in sugar, No added sugar",178902
Starbucks Coffee Singapore Pte. Ltd.,Starbucks,Café,,Western,NUS Wet Science Bldg,4 Science Drive 2 Wet Science Building Faculty Of Science National University of Singapore Singapore 117544,West,"Lower in calories, Higher in wholegrains and lower in calories, Lower in sugar, No added sugar",117544
Starbucks Coffee Singapore Pte. Ltd.,Starbucks,Café,,Western,313@Somerset,"313 Orchard Road, 313@somerset #02-38/39 Singapore 238895",Central,"Lower in calories, Higher in wholegrains and lower in calories, Lower in sugar, No added sugar",238895
Starbucks Coffee Singapore Pte. Ltd.,Starbucks,Café,,Western,78 Shenton Way,78 Shenton Way #01-02 Singapore 079120,Central,"Lower in calories, Higher in wholegrains and lower in calories, Lower in sugar, No added sugar",79120
Starbucks Coffee Singapore Pte. Ltd.,Starbucks,Café,,Western,Airport Terminal 2,"Departure / Check-in Hall South, #026-049 Terminal 2 Singapore Changi Airport, Singapore 819643",East,"Lower in calories, Higher in wholegrains and lower in calories, Lower in sugar, No added sugar",819643
Starbucks Coffee Singapore Pte. Ltd.,Starbucks,Café,,Western,Airport Terminal 3 Departure Hall,"65 Airport Boulevard, #02-90, Departure Hall Level 2, Singapore 819663",East,"Lower in calories, Higher in wholegrains and lower in calories, Lower in sugar, No added sugar",819663
Starbucks Coffee Singapore Pte. Ltd.,Starbucks,Café,,Western,Anchorpoint,"370 Alexandra Road, Anchorpoint Shopping Centre, #01-05/06 Singapore 159953",Central,"Lower in calories, Higher in wholegrains and lower in calories, Lower in sugar, No added sugar",159953
Starbucks Coffee Singapore Pte. Ltd.,Starbucks,Café,,Western,Ang Mo Kio Hub,"53 Ang Mo Kio Avenue 3, #B1-65, Ang Mo Kio Hub, Singapore 569933",North-East,"Lower in calories, Higher in wholegrains and lower in calories, Lower in sugar, No added sugar",569933
Starbucks Coffee Singapore Pte. Ltd.,Starbucks,Café,,Western,Aperia Mall,"12 Kallang Avenue, #01-26 Aperia, Singapore 339511",Central,"Lower in calories, Higher in wholegrains and lower in calories, Lower in sugar, No added sugar",339511
Starbucks Coffee Singapore Pte. Ltd.,Starbucks,Café,,Western,Asia Square Tower 2,"12 Marina View, #02-22, Asia Square Tower II, Singapore 018961",Central,"Lower in calories, Higher in wholegrains and lower in calories, Lower in sugar, No added sugar",18961
Starbucks Coffee Singapore Pte. Ltd.,Starbucks,Café,,Western,Bedok Mall,"311 New Upper Changi Road, #01-92/93 Bedok Mall, Singapore 467360",East,"Lower in calories, Higher in wholegrains and lower in calories, Lower in sugar, No added sugar",467360
Starbucks Coffee Singapore Pte. Ltd.,Starbucks,Café,,Western,Biopolis,"70 Biopolis Street, #01-03, Singapore 138547",Central,"Lower in calories, Higher in wholegrains and lower in calories, Lower in sugar, No added sugar",138547
Starbucks Coffee Singapore Pte. Ltd.,Starbucks,Café,,Western,Bishan Community Club,Bishan Community Club 51 Bishan Street 13 #01-02 Singapore 579799,Central,"Lower in calories, Higher in wholegrains and lower in calories, Lower in sugar, No added sugar",579799
Starbucks Coffee Singapore Pte. Ltd.,Starbucks,Café,,Western,Bugis Junction,230 Victoria Street #01-106 Singapore 188024,Central,"Lower in calories, Higher in wholegrains and lower in calories, Lower in sugar, No added sugar",188024
Starbucks Coffee Singapore Pte. Ltd.,Starbucks,Café,,Western,Changi City Point,5 Changi Business Park Central 1 #01-25 Changi City Point Singapore 486038,East,"Lower in calories, Higher in wholegrains and lower in calories, Lower in sugar, No added sugar",486038
Starbucks Coffee Singapore Pte. Ltd.,Starbucks,Café,,Western,Changi General Hospital,"2 Simei Street 3, Level 1 Main Atrium, Changi General Hospital Singapore 529889",East,"Lower in calories, Higher in wholegrains and lower in calories, Lower in sugar, No added sugar",529889
Starbucks Coffee Singapore Pte. Ltd.,Starbucks,Café,,Western,Clementi Mall,3155 Commonwealth Avenue West #03-K1/K3 Singapore 129588,Central,"Lower in calories, Higher in wholegrains and lower in calories, Lower in sugar, No added sugar",129588
Starbucks Coffee Singapore Pte. Ltd.,Starbucks,Café,,Western,Compass One,"1 Sengkang Square #01-06, Compass One, Singapore 545078",North-East,"Lower in calories, Higher in wholegrains and lower in calories, Lower in sugar, No added sugar",545078
Starbucks Coffee Singapore Pte. Ltd.,Starbucks,Café,,Western,Delfi Orchard,402 Orchard Road #01-01 Singapore 238876,Central,"Lower in calories, Higher in wholegrains and lower in calories, Lower in sugar, No added sugar",238876
Starbucks Coffee Singapore Pte. Ltd.,Starbucks,Café,,Western,East Point Mall,"3 Simei Street 6 #01-K4, East Point Mall Singapore 528833",East,"Lower in calories, Higher in wholegrains and lower in calories, Lower in sugar, No added sugar",528833
Starbucks Coffee Singapore Pte. Ltd.,Starbucks,Café,,Western,Far East Square,"40 Pekin Street #01-01, Far East Square Singapore 048770",Central,"Lower in calories, Higher in wholegrains and lower in calories, Lower in sugar, No added sugar",48770
Starbucks Coffee Singapore Pte. Ltd.,Starbucks,Café,,Western,Gateway,150 Beach Road #01-01 The Gateway West Singapore 189720,Central,"Lower in calories, Higher in wholegrains and lower in calories, Lower in sugar, No added sugar",189720
Starbucks Coffee Singapore Pte. Ltd.,Starbucks,Café,,Western,Harbourfront Centre,1 Maritime Square #01-76/77 Harbourfront Centre Singapore 099253,Central,"Lower in calories, Higher in wholegrains and lower in calories, Lower in sugar, No added sugar",99253
Starbucks Coffee Singapore Pte. Ltd.,Starbucks,Café,,Western,Holland Village,255 Holland Avenue Singapore 278983,Central,"Lower in calories, Higher in wholegrains and lower in calories, Lower in sugar, No added sugar",278983
Starbucks Coffee Singapore Pte. Ltd.,Starbucks,Café,,Western,Hougang Mall,"90 Hougang Avenue 10, #02-11/19, Hougang Mall Singapore 538766",North-East,"Lower in calories, Higher in wholegrains and lower in calories, Lower in sugar, No added sugar",538766
Starbucks Coffee Singapore Pte. Ltd.,Starbucks,Café,,Western,ION Orchard,"238 Orchard Boulevard, ION Orchard, #B3-59, S(237973)",Central,"Lower in calories, Higher in wholegrains and lower in calories, Lower in sugar, No added sugar",237973
Starbucks Coffee Singapore Pte. Ltd.,Starbucks,Café,,Western,Jalan Jamal (Siglap),3 Jalan Jamal Singapore 457602,Central,"Lower in calories, Higher in wholegrains and lower in calories, Lower in sugar, No added sugar",457602
Starbucks Coffee Singapore Pte. Ltd.,Starbucks,Café,,Western,Toa Payoh HDB Hub,"Block 490, Lorong 6 Toa Payoh #01-14, Singapore 310490",Central,"Lower in calories, Higher in wholegrains and lower in calories, Lower in sugar, No added sugar",310490
Starbucks Coffee Singapore Pte. Ltd.,Starbucks,Café,,Western,UE Square,83 Clemenceau Ave #01-31 UE Square Singapore 239918,Central,"Lower in calories, Higher in wholegrains and lower in calories, Lower in sugar, No added sugar",239918
Starbucks Coffee Singapore Pte. Ltd.,Starbucks,Café,,Western,United Square,101 Thomson Road #01-01 United Square Singapore 307591,Central,"Lower in calories, Higher in wholegrains and lower in calories, Lower in sugar, No added sugar",307591
Starbucks Coffee Singapore Pte. Ltd.,Starbucks,Café,,Western,Universal Studios Singapore,30 Sentosa Gateway #01-309 Singapore 098140,Central,"Lower in calories, Higher in wholegrains and lower in calories, Lower in sugar, No added sugar",98140
Starbucks Coffee Singapore Pte. Ltd.,Starbucks,Café,,Western,Valley Point,"491 River Valley Road, #01-16, Valley Point Shooping Centre, Singapore 248371",Central,"Lower in calories, Higher in wholegrains and lower in calories, Lower in sugar, No added sugar",248371
Starbucks Coffee Singapore Pte. Ltd.,Starbucks,Café,,Western,Vivocity (Level 2),1 Harbourfront Walk #02-60/61 Vivocity Singapore 098585,Central,"Lower in calories, Higher in wholegrains and lower in calories, Lower in sugar, No added sugar",98585
Starbucks Coffee Singapore Pte. Ltd.,Starbucks,Café,,Western,West Coast Plaza,154 West Coast Road #01-01 West Coast Plaza Singapore 127371,West,"Lower in calories, Higher in wholegrains and lower in calories, Lower in sugar, No added sugar",127371
Starbucks Coffee Singapore Pte. Ltd.,Starbucks,Café,,Western,Wilkie Edge,8 Wilkie Road #01-19/20 Wilkie Edge Singapore 228095,Central,"Lower in calories, Higher in wholegrains and lower in calories, Lower in sugar, No added sugar",228095
Starbucks Coffee Singapore Pte. Ltd.,Starbucks,Café,,Western,Woodlands Civic Centre,900 South Woodlands Drive #02-09 Woodlands Civic Centre Singapore 730900,North,"Lower in calories, Higher in wholegrains and lower in calories, Lower in sugar, No added sugar",730900
Starbucks Coffee Singapore Pte. Ltd.,Starbucks,Café,,Western,Woodlands Xchange (Woodlands MRT),"30 Woodlands Avenue 2, #01-7/8/15 Singapore 738343",North,"Lower in calories, Higher in wholegrains and lower in calories, Lower in sugar, No added sugar",738343
Starbucks Coffee Singapore Pte. Ltd.,Starbucks,Café,,Western,Chinatown Point,"133 New Bridge Road, #01-08 Chinatown Point, Singapore 059413",Central,"Lower in calories, Higher in wholegrains and lower in calories, Lower in sugar, No added sugar",59413
Starbucks Coffee Singapore Pte. Ltd.,Starbucks,Café,,Western,Mapletree Business City 2,40 Pasir Panjang Road #02-42 Mapletree Business City Singapore 117383,West,"Lower in calories, Higher in wholegrains and lower in calories, Lower in sugar, No added sugar",117383
Starbucks Coffee Singapore Pte. Ltd.,Starbucks,Café,,Western,SingHealth Tower,"10 Hospital Boulevard #01-02, SingHealth Tower, Singapore 168582",Central,"Lower in calories, Higher in wholegrains and lower in calories, Lower in sugar, No added sugar",168582
Starbucks Coffee Singapore Pte. Ltd.,Starbucks,Café,,Western,Festive Hotel,"26 Sentosa Gateway #02-116 Festive Hotel Lobby, Singapore 098138",Central,"Lower in calories, Higher in wholegrains and lower in calories, Lower in sugar, No added sugar",98138
Starbucks Coffee Singapore Pte. Ltd.,Starbucks,Café,,Western,Hometeam NS,2 Bukit Batok West Ave 7 #01-01/02/03 HomeTeamNS Bukit Batok Clubhouse Singapore 659003,West,"Lower in calories, Higher in wholegrains and lower in calories, Lower in sugar, No added sugar",659003
Starbucks Coffee Singapore Pte. Ltd.,Starbucks,Café,,Western,Tekka Place,"2 Serangoon Road, Tekka Place #01-06/07/08/29 Singapore 218227",North-East,"Lower in calories, Higher in wholegrains and lower in calories, Lower in sugar, No added sugar",218227
Starbucks Coffee Singapore Pte. Ltd.,Starbucks,Café,,Western,Terminal 1 Transit,"65 Airport Boulevard, #02-90, Departure Hall Level 2, Singapore 819663",East,"Lower in calories, Higher in wholegrains and lower in calories, Lower in sugar, No added sugar",819663
Starbucks Coffee Singapore Pte. Ltd.,Starbucks,Café,,Western,Transit 1 Lounge East,"Departure / Transit Lounge East, #02-66 Terminal 1 Singapore Changi Airport, Singapore 819642",East,"Lower in calories, Higher in wholegrains and lower in calories, Lower in sugar, No added sugar",819642
Starbucks Coffee Singapore Pte. Ltd.,Starbucks,Café,,Western,Terminal 4 Departure,"Departure / Check-in Hall, #02-04, Changi Airport Singapore, Terminal 4, Singapore 819665",East,"Lower in calories, Higher in wholegrains and lower in calories, Lower in sugar, No added sugar",819665
Starbucks Coffee Singapore Pte. Ltd.,Starbucks,Café,,Western,Transit North 2,"Departure / Transit Lounge North, Level 2, Unit No. 026-095-06, Terminal 2, Singapore 819643",East,"Lower in calories, Higher in wholegrains and lower in calories, Lower in sugar, No added sugar",819643
Starbucks Coffee Singapore Pte. Ltd.,Starbucks,Café,,Western,Sentosa,30 Sentosa Gateway #01-309 Singapore 098140,Central,"Lower in calories, Higher in wholegrains and lower in calories, Lower in sugar, No added sugar",98140
Starbucks Coffee Singapore Pte. Ltd.,Starbucks,Café,,Western,20 Anson Road,"20 Anson Road, #01-02, Singapore 077912",Central,"Lower in calories, Higher in wholegrains and lower in calories, Lower in sugar, No added sugar",77912
Starbucks Coffee Singapore Pte. Ltd.,Starbucks,Café,,Western,100 AM,"100 Tras Street #01-05, 100 AM Singapore 079027",Central,"Lower in calories, Higher in wholegrains and lower in calories, Lower in sugar, No added sugar",79027
Starbucks Coffee Singapore Pte. Ltd.,Starbucks,Café,,Western,Keat Hong Community Club,"2 Choa Chu Kang Loop, #01-04, Singapore 689787",West,"Lower in calories, Higher in wholegrains and lower in calories, Lower in sugar, No added sugar",689787
Starbucks Coffee Singapore Pte. Ltd.,Starbucks,Café,,Western,Liat Towers,541 Orchard Road #01-01A Liat Towers Singapore 238881,Central,"Lower in calories, Higher in wholegrains and lower in calories, Lower in sugar, No added sugar",238881
Starbucks Coffee Singapore Pte. Ltd.,Starbucks,Café,,Western,Mapletree Business City,20 Pasir Panjang Road Mapletree Business City #02-11 Singapore 117439,West,"Lower in calories, Higher in wholegrains and lower in calories, Lower in sugar, No added sugar",117439
Starbucks Coffee Singapore Pte. Ltd.,Starbucks,Café,,Western,OCBC Centre,63 Chulia Street #01-01A/01B OCBC Centre East Singapore 049514,Central,"Lower in calories, Higher in wholegrains and lower in calories, Lower in sugar, No added sugar",49514
Starbucks Coffee Singapore Pte. Ltd.,Starbucks,Café,,Western,Samsung @ MBC,"30 Pasir Panjang Road, #17-31/32 Mapletree Business City Singapore 117440",West,"Lower in calories, Higher in wholegrains and lower in calories, Lower in sugar, No added sugar",117440
Starbucks Coffee Singapore Pte. Ltd.,Starbucks,Café,,Western,Science Park II,45 Science Park Road #01-01 Singapore 117407,West,"Lower in calories, Higher in wholegrains and lower in calories, Lower in sugar, No added sugar",117407
Starbucks Coffee Singapore Pte. Ltd.,Starbucks,Café,,Western,Shaw Tower,100 Beach Road #01-57/60 Shaw Leisure Gallery Singapore 189702,Central,"Lower in calories, Higher in wholegrains and lower in calories, Lower in sugar, No added sugar",189702
Starbucks Coffee Singapore Pte. Ltd.,Starbucks,Café,,Western,SIM,"461 Clementi Road, Singapore Institute of Management, Block C Unit C.1.07, Singapore 599491",West,"Lower in calories, Higher in wholegrains and lower in calories, Lower in sugar, No added sugar",599491
Starbucks Coffee Singapore Pte. Ltd.,Starbucks,Café,,Western,Singapore Land Tower,50 Raffles Place #01-02B Singapore Land Tower Singapore 048623,Central,"Lower in calories, Higher in wholegrains and lower in calories, Lower in sugar, No added sugar",48623
Starbucks Coffee Singapore Pte. Ltd.,Starbucks,Café,,Western,Suntec City Tower 3,"3 Temasek Bolevard, #02-613/614, Suntec City Mall Singapore 038983",Central,"Lower in calories, Higher in wholegrains and lower in calories, Lower in sugar, No added sugar",38983
Starbucks Coffee Singapore Pte. Ltd.,Starbucks,Café,,Western,Vivocity (Level 1),1 Harbourfront Walk #01-168/169/170 Vivocity Singapore 098585,Central,"Lower in calories, Higher in wholegrains and lower in calories, Lower in sugar, No added sugar",98585
Starbucks Coffee Singapore Pte. Ltd.,Starbucks,Café,,Western,Waterway Point,"#01-67 Waterway Point, 83 Punggol Central, Singapore 828761",North-East,"Lower in calories, Higher in wholegrains and lower in calories, Lower in sugar, No added sugar",828761
Starbucks Coffee Singapore Pte. Ltd.,Starbucks,Café,,Western,Westgate,"3 Gateway Drive, #02-04/04A, Singapore 608532",West,"Lower in calories, Higher in wholegrains and lower in calories, Lower in sugar, No added sugar",608532
Starbucks Coffee Singapore Pte. Ltd.,Starbucks,Café,,Western,Wheelock Place,"Wheelock Place, #B1-01 Singapore 238880",Central,"Lower in calories, Higher in wholegrains and lower in calories, Lower in sugar, No added sugar",238880
Starbucks Coffee Singapore Pte. Ltd.,Starbucks,Café,,Western,White Sands,"1 Pasir Ris Central Street 3, #01-21/22/23, Singapore 518457",East,"Lower in calories, Higher in wholegrains and lower in calories, Lower in sugar, No added sugar",518457
Starbucks Coffee Singapore Pte. Ltd.,Starbucks,Café,,Western,Wisma Atria,435 Orchard Road #03-35 to #03-40 Wisma Atria Singapore 238877,Central,"Lower in calories, Higher in wholegrains and lower in calories, Lower in sugar, No added sugar",238877
Starbucks Coffee Singapore Pte. Ltd.,Starbucks,Café,,Western,Paya Lebar Quarter,"10 Paya Lebar Road, #01-14, Paya Lebar Quarter, Singapore 409057",Central,"Lower in calories, Higher in wholegrains and lower in calories, Lower in sugar, No added sugar",409057
Starbucks Coffee Singapore Pte. Ltd.,Starbucks,Café,,Western,Zhongshan Mall,"20 Ah Hood Road #01-18A, Zhongshan Mall, Singapore 329984",Central,"Lower in calories, Higher in wholegrains and lower in calories, Lower in sugar, No added sugar",329984
Starbucks Coffee Singapore Pte. Ltd.,Starbucks,Café,,Western,Bukit Panjang Plaza,Bukit Panjang Plaza 1 Jelebu Rd #2 09/09A Singapore 677743,West,"Lower in calories, Higher in wholegrains and lower in calories, Lower in sugar, No added sugar",677743
Starbucks Coffee Singapore Pte. Ltd.,Starbucks,Café,,Western,Centrepoint,176 Orchard Road #01-41/42 Centrepoint Singapore 238843,Central,"Lower in calories, Higher in wholegrains and lower in calories, Lower in sugar, No added sugar",238843
Starbucks Coffee Singapore Pte. Ltd.,Starbucks,Café,,Western,Downtown East,1 Pasir Ris Close #02-332 Singapore 519599,East,"Lower in calories, Higher in wholegrains and lower in calories, Lower in sugar, No added sugar",519599
Starbucks Coffee Singapore Pte. Ltd.,Starbucks,Café,,Western,Kampung Admiralty,"Blk 676 Woodlands Drive 71, Kampung Admiralty #01-02, Singapore 730676",North,"Lower in calories, Higher in wholegrains and lower in calories, Lower in sugar, No added sugar",730676
Starbucks Coffee Singapore Pte. Ltd.,Starbucks,Café,,Western,River Safari,"River Safari, 80 Mandai Lake Road Singapore 729826",North,"Lower in calories, Higher in wholegrains and lower in calories, Lower in sugar, No added sugar",729826
Starbucks Coffee Singapore Pte. Ltd.,Starbucks,Café,,Western,Tanglin Mall,163 Tanglin Road #01-13 Tanglin Mall Singapore 247933,Central,"Lower in calories, Higher in wholegrains and lower in calories, Lower in sugar, No added sugar",247933
Starbucks Coffee Singapore Pte. Ltd.,Starbucks,Café,,Western,Guoco Tower (Formerly Tanjong Pagar Centre),7 Wallich Street #01-08 Guoco Tower Singapore 078884,Central,"Lower in calories, Higher in wholegrains and lower in calories, Lower in sugar, No added sugar",78884
Starbucks Coffee Singapore Pte. Ltd.,Starbucks,Café,,Western,The Cathay,2 Handy Road The Cathay #01-05 Singapore 229233,Central,"Lower in calories, Higher in wholegrains and lower in calories, Lower in sugar, No added sugar",229233
Starbucks Coffee Singapore Pte. Ltd.,Starbucks,Café,,Western,The Central,6 Eu Tong Sen Street #01-29 The Central Singapore 059817,Central,"Lower in calories, Higher in wholegrains and lower in calories, Lower in sugar, No added sugar",59817
Starbucks Coffee Singapore Pte. Ltd.,Starbucks,Café,,Western,The Metropolis,"9 North Buona Vista Drive, #01-13/14 THE METROPOLIS, Singapore 138588",Central,"Lower in calories, Higher in wholegrains and lower in calories, Lower in sugar, No added sugar",138588
Starbucks Coffee Singapore Pte. Ltd.,Starbucks,Café,,Western,Tiong Bahru Plaza,"302 Tiong Bahru Road, #01-111, Singapore 168732",Central,"Lower in calories, Higher in wholegrains and lower in calories, Lower in sugar, No added sugar",168732
Starbucks Coffee Singapore Pte. Ltd.,Starbucks,Café,,Western,EFG Bank Building,25 North Bridge Road #01-01 Singapore 179104,Central,"Lower in calories, Higher in wholegrains and lower in calories, Lower in sugar, No added sugar",179104
Starbucks Coffee Singapore Pte. Ltd.,Starbucks,Café,,Western,Fusionopolis (Connexis),"1 Fusionopolis Way, #01-07, #02-14 Singapore 138632",Central,"Lower in calories, Higher in wholegrains and lower in calories, Lower in sugar, No added sugar",138632
Starbucks Coffee Singapore Pte. Ltd.,Starbucks,Café,,Western,Hillion Mall,"17 Petir Road, #B1-28/29/30 Hillion Mall Singapore 678278",West,"Lower in calories, Higher in wholegrains and lower in calories, Lower in sugar, No added sugar",678278
Starbucks Coffee Singapore Pte. Ltd.,Starbucks,Café,,Western,HillV2,4 Hillview Rise #01-05 HillV2 Singapore 667979,West,"Lower in calories, Higher in wholegrains and lower in calories, Lower in sugar, No added sugar",667979
Starbucks Coffee Singapore Pte. Ltd.,Starbucks,Café,,Western,Hong Leong Building,"Hong Leong Building, 16 Raffles Quay #01-01 Singapore 048581",Central,"Lower in calories, Higher in wholegrains and lower in calories, Lower in sugar, No added sugar",48581
Starbucks Coffee Singapore Pte. Ltd.,Starbucks,Café,,Western,Jelita,"293 Holland Road, #02-18 Jelita Shopping Center Singapore 278628",Central,"Lower in calories, Higher in wholegrains and lower in calories, Lower in sugar, No added sugar",278628
Starbucks Coffee Singapore Pte. Ltd.,Starbucks,Café,,Western,JEM,50 Jurong Gateway Road #01-02 JEM Singapore 608549,West,"Lower in calories, Higher in wholegrains and lower in calories, Lower in sugar, No added sugar",608549
Starbucks Coffee Singapore Pte. Ltd.,Starbucks,Café,,Western,Jurong Point,63 Jurong West Central 3 #03-52 / 52A Jurong Point Singapore 648331,West,"Lower in calories, Higher in wholegrains and lower in calories, Lower in sugar, No added sugar",648331
Starbucks Coffee Singapore Pte. Ltd.,Starbucks,Café,,Western,Kallang Leisure Park,5 Stadium Walk #01-11 Leisure Park Kallang Singapore 397693,Central,"Lower in calories, Higher in wholegrains and lower in calories, Lower in sugar, No added sugar",397693
Starbucks Coffee Singapore Pte. Ltd.,Starbucks,Café,,Western,Kallang Wave Mall,"1 Stadium Place, #01-56 Singapore 397628",Central,"Lower in calories, Higher in wholegrains and lower in calories, Lower in sugar, No added sugar",397628
Stars Tea and Coffee Asia,Teabrary,Kiosk,Halal,Other,Teabrary Cafe,Bukit Batok West Ave 8 #01-19 Le Quest Singapore 652461,West,"Lower in sugar, No added sugar",652461
STUFF'D VENTURES PTE LTD,Stuff'd,Kiosk,Halal,Western,Stuff'd - Bugis Junction,200 Victoria street #B1-K7 Bugis Junction Singapore 188021,Central,Lower in calories,188021
STUFF'D VENTURES PTE LTD,Stuff'd,Kiosk,Halal,Western,Stuff'd - Paya Lebar Square,60 Paya Lebar Road #01-61 Paya Lebar Square Singapore 409051,Central,Lower in calories,409051
STUFF'D VENTURES PTE LTD,Stuff'd,Kiosk,Halal,Western,Stuff'd - Tampines Mall,4 Tampines Central 5 Tampines Mall #B1-K13 Singapore 529510,East,Lower in calories,529510
STUFF'D VENTURES PTE LTD,Stuff'd,Kiosk,Halal,Western,Stuff'd - Causeway point,1 Woodlands Square #B1-K17 Causeway Point Singapore 738099,North,Lower in calories,738099
STUFF'D VENTURES PTE LTD,Stuff'd,Kiosk,Halal,Western,Stuff'd - City Square Mall,180 Kitchener Road #B1-K1 City Square Mall Singapore 208539,Central,Lower in calories,208539
STUFF'D VENTURES PTE LTD,Stuff'd,Kiosk,Halal,Western,Stuff'd - Bedok Mall,311 New Upper Changi Road #B2-22 Bedok Mall Singapore 467360,East,Lower in calories,467360
STUFF'D VENTURES PTE LTD,Stuff'd,Kiosk,Halal,Western,Stuff'd - Yew Tee Point,21 Choa Chu Kang North 6 #B1-50 Yew Tee Point Singapore 689578,West,Lower in calories,689578
STUFF'D VENTURES PTE LTD,Stuff'd,Kiosk,Halal,Western,Stuff'd - Waterway point,83 Punggol Central #B2-K1 Waterway Point Singapore 828761,North-East,Lower in calories,828761
STUFF'D VENTURES PTE LTD,Stuff'd,Kiosk,Halal,Western,Stuff'd - Sun Plaza,30 Sembawang Drive  #B1-31 Sun Plaza Singapore 757713,North,Lower in calories,757713
STUFF'D VENTURES PTE LTD,Stuff'd,Kiosk,Halal,Western,Stuff'd - Hougang Mall,90 Hougang Ave 10 #01-38 Hougang Mall Singapore 538766,North-East,Lower in calories,538766
STUFF'D VENTURES PTE LTD,Stuff'd,Kiosk,Halal,Western,Stuff'd - Compass One,1 Sengkang Road #B1-02/03 Compass One Singapore 545078,North-East,Lower in calories,545078
STUFF'D VENTURES PTE LTD,Stuff'd,Kiosk,Halal,Western,Stuff'd - Clementi Mall,3155 Commonwealth Ave West #B1-K10 Clementi Mall Singapore 129488,West,Lower in calories,129488
STUFF'D VENTURES PTE LTD,Stuff'd,Kiosk,Halal,Western,Stuff'd - NEX,23 Serangoon Central #B2-47A Nex Mall Singapore 556083,North-East,Lower in calories,556083
STUFF'D VENTURES PTE LTD,Stuff'd,Kiosk,Halal,Western,Stuff'd - Changi City Point,5 Changi Business Park Central 1 #B1-20 Changi City Point Singapore 486038,East,Lower in calories,486038
STUFF'D VENTURES PTE LTD,Stuff'd,Kiosk,Halal,Western,Stuff'd - Hillion Mall,17 Petir Road #B2-40 Hillion Mall Singapore 678278,West,Lower in calories,678278
STUFF'D VENTURES PTE LTD,Stuff'd,Kiosk,Halal,Western,Stuff'd - White Sands,1 Pasir Ris Central Street 3 #B1-K02 White Sands Singapore 518457,East,Lower in calories,518457
STUFF'D VENTURES PTE LTD,Stuff'd,Kiosk,Halal,Western,Stuff'd - Lot One,21 Choa Chu Kang Avenue #B1-K26 Lot One Singapore 689812,West,Lower in calories,689812
STUFF'D VENTURES PTE LTD,Stuff'd,Kiosk,Halal,Western,Stuff'd - North Point,930 Yishun Avenue 2 #B1-32 North Point Singapore 769098,North,Lower in calories,769098
STUFF'D VENTURES PTE LTD,Stuff'd,Kiosk,Halal,Western,Stuff'd - Jurong Point Shopping Centre,63 Jurong West Central 3 #01-43/44 Jurong Point Shopping Centre Singapore 648331,West,Lower in calories,648331
STUFF'D VENTURES PTE LTD,Stuff'd,Kiosk,Halal,Western,Stuff'd - JEM,50 Jurong Gateway Road #B1-K06 JEM Singapore 608549,West,Lower in calories,608549
STUFF'D VENTURES PTE LTD,Stuff'd,Kiosk,Halal,Western,Stuff'd - Tiong Bahru Plaza,302 Tiong Bahru Road #B1-K8 Tiong Bahru Plaza Singapore 168732,Central,Lower in calories,168732
STUFF'D VENTURES PTE LTD,Stuff'd,Kiosk,Halal,Western,Stuff'd - Seletar Mall,33 Sengkang West Avenue #B2-22/23 The Seletar Mall Singapore 797653,North-East,Lower in calories,797653
STUFF'D VENTURES PTE LTD,Stuff'd,Kiosk,Halal,Western,Stuff'd - Junction 8,9 Bishan Place #B1-19A Junction 8 Shopping Centre Singapore 579837,Central,Lower in calories,579837
STUFF'D VENTURES PTE LTD,Stuff'd,Kiosk,Halal,Western,Stuff'd - Alexandra Retail Centre,460 Alexandra Road #01-11 Alexandra Retail Centre Singapore 119963,Central,Lower in calories,119963
STUFF'D VENTURES PTE LTD,Stuff'd,Kiosk,Halal,Western,Stuff'd - Chinatown Point,133 North Bridge Road #B1-52C Chinatown Point Singapore 059413,Central,Lower in calories,59413
STUFF'D VENTURES PTE LTD,Stuff'd,Kiosk,Halal,Western,Stuff'd - Ang Mo Kio Hub,53 Ang Mo Kio Ave 3 #01-36 AMK Hub Singapore 569933,North-East,Lower in calories,569933
STUFF'D VENTURES PTE LTD,Stuff'd,Kiosk,Halal,Western,Stuff'd - Plaza Singapura,68 Orchard Road #B2-43 Plaza Singapura Singapore 238839,Central,Lower in calories,238839
STUFF'D VENTURES PTE LTD,Stuff'd,Kiosk,Halal,Western,Stuff'd - Raffles City Shopping Centre,252 North Bridge Road #B1-56 Raffles City Shopping Centre Singapore 179103,Central,Lower in calories,179103
STUFF'D VENTURES PTE LTD,Stuff'd,Kiosk,Halal,Western,Stuff'd - Square 2,10 Sinaran Drive #B1-117/119 Square 2 Singapore 307506,Central,Lower in calories,307506
STUFF'D VENTURES PTE LTD,Stuff'd,Kiosk,Halal,Western,Stuff'd - Funan Mall,107 North Bridge Road #B2-K03 Funan Mall Singapore 179105,Central,Lower in calories,179105
STUFF'D VENTURES PTE LTD,Stuff'd,Kiosk,Halal,Western,Stuff'd - Takashimaya,"391 Orchard Road #B2-07-4-2 Takashimaya Singapore 238873 
",Central,Lower in calories,238873
SUBWAY SINGAPORE DEVELOPMENT PTE. LTD.,Subway Sandwiches,Quick Service Restaurant/Fast Food,Halal,Western,Subway - Bukit Timah Plaza,1 Jalan Anak Bukit #B2-FB1 Bukit Timah Plaza Singapore 588996,Central,"Lower in calories, Higher in wholegrains and lower in calories, Lower in sugar, No added sugar",588996
SUBWAY SINGAPORE DEVELOPMENT PTE. LTD.,Subway Sandwiches,Quick Service Restaurant/Fast Food,Halal,Western,Subway - Central Square,20 Havelock Road #01-19 Central Square Singapore 059765,Central,"Lower in calories, Higher in wholegrains and lower in calories, Lower in sugar, No added sugar",59765
SUBWAY SINGAPORE DEVELOPMENT PTE. LTD.,Subway Sandwiches,Quick Service Restaurant/Fast Food,Halal,Western,Subway - Chinatown Point,133 New Bridge Road #B2-37 Chinatown point Singapore 059413,Central,"Lower in calories, Higher in wholegrains and lower in calories, Lower in sugar, No added sugar",59413
SUBWAY SINGAPORE DEVELOPMENT PTE. LTD.,Subway Sandwiches,Quick Service Restaurant/Fast Food,Halal,Western,Subway - City Square Mall,180 Kitchener Road #B1-35 City Square Mall Singapore 208539,Central,"Lower in calories, Higher in wholegrains and lower in calories, Lower in sugar, No added sugar",208539
SUBWAY SINGAPORE DEVELOPMENT PTE. LTD.,Subway Sandwiches,Quick Service Restaurant/Fast Food,Halal,Western,Subway - Clementi Mall,3155 Commonwealth Avenue West #B1-24 Clementi Mall Singapore 208539,West,"Lower in calories, Higher in wholegrains and lower in calories, Lower in sugar, No added sugar",208539
SUBWAY SINGAPORE DEVELOPMENT PTE. LTD.,Subway Sandwiches,Quick Service Restaurant/Fast Food,Halal,Western,Subway - Courts Tampines,50 Tampines North Drive 2 #03-00 Courts Singapore 528766,East,"Lower in calories, Higher in wholegrains and lower in calories, Lower in sugar, No added sugar",528766
SUBWAY SINGAPORE DEVELOPMENT PTE. LTD.,Subway Sandwiches,Quick Service Restaurant/Fast Food,Halal,Western,Subway - Dawson Place,57 Dawson Road #01-12 Dawson Place Singapore 142057,Central,"Lower in calories, Higher in wholegrains and lower in calories, Lower in sugar, No added sugar",142057
SUBWAY SINGAPORE DEVELOPMENT PTE. LTD.,Subway Sandwiches,Quick Service Restaurant/Fast Food,Halal,Western,Subway - Eastwood Centre,20 Eastwood Drive #01-11 Eastwood Centre Singapore 486442,East,"Lower in calories, Higher in wholegrains and lower in calories, Lower in sugar, No added sugar",486442
SUBWAY SINGAPORE DEVELOPMENT PTE. LTD.,Subway Sandwiches,Quick Service Restaurant/Fast Food,Halal,Western,Subway - Gek Poh Shopping Mall,762 Jurong West Street 75 #01-324 Singapore 640762,West,"Lower in calories, Higher in wholegrains and lower in calories, Lower in sugar, No added sugar",640762
SUBWAY SINGAPORE DEVELOPMENT PTE. LTD.,Subway Sandwiches,Quick Service Restaurant/Fast Food,Halal,Western,Subway - Harbourfront Centre,1 Maritime Square #02-82 Harbourfront Centre Singapore 099253,Central,"Lower in calories, Higher in wholegrains and lower in calories, Lower in sugar, No added sugar",99253
SUBWAY SINGAPORE DEVELOPMENT PTE. LTD.,Subway Sandwiches,Quick Service Restaurant/Fast Food,Halal,Western,Subway - HDB Hub Toa Payoh,480 Lorong 6 Toa Payoh #01-13 HDB HUB Toa Payoh Singapore 310480,Central,"Lower in calories, Higher in wholegrains and lower in calories, Lower in sugar, No added sugar",310480
SUBWAY SINGAPORE DEVELOPMENT PTE. LTD.,Subway Sandwiches,Quick Service Restaurant/Fast Food,Halal,Western,Subway - Heartland Mall,205 Hougang St 21 #01-133 Heartland Mall-Kovan Singapore 530205,North-East,"Lower in calories, Higher in wholegrains and lower in calories, Lower in sugar, No added sugar",530205
SUBWAY SINGAPORE DEVELOPMENT PTE. LTD.,Subway Sandwiches,Quick Service Restaurant/Fast Food,Halal,Western,Subway - Hougang Mall,90 Hougang Ave 10 #02-10 Singapore 538766,North-East,"Lower in calories, Higher in wholegrains and lower in calories, Lower in sugar, No added sugar",538766
SUBWAY SINGAPORE DEVELOPMENT PTE. LTD.,Subway Sandwiches,Quick Service Restaurant/Fast Food,Halal,Western,Subway - IMM,2 Jurong East Street 21 #01-114 IMM Building Singapore 609601,West,"Lower in calories, Higher in wholegrains and lower in calories, Lower in sugar, No added sugar",609601
SUBWAY SINGAPORE DEVELOPMENT PTE. LTD.,Subway Sandwiches,Quick Service Restaurant/Fast Food,Halal,Western,Subway - Mediapolis,21 Media Circle #01-02 Infinite Studios Singapore 138562,Central,"Lower in calories, Higher in wholegrains and lower in calories, Lower in sugar, No added sugar",138562
SUBWAY SINGAPORE DEVELOPMENT PTE. LTD.,Subway Sandwiches,Quick Service Restaurant/Fast Food,Halal,Western,Subway - Jubilee @ AMK,61 Ang Mo Kio Avenue 8 #01-15 Singapore 569814,North-East,"Lower in calories, Higher in wholegrains and lower in calories, Lower in sugar, No added sugar",569814
SUBWAY SINGAPORE DEVELOPMENT PTE. LTD.,Subway Sandwiches,Quick Service Restaurant/Fast Food,Halal,Western,Subway - Junction 8,9 Bishan Place #01-31 Junction 8 Shopping Centre Singapore 579837,Central,"Lower in calories, Higher in wholegrains and lower in calories, Lower in sugar, No added sugar",579837
SUBWAY SINGAPORE DEVELOPMENT PTE. LTD.,Subway Sandwiches,Quick Service Restaurant/Fast Food,Halal,Western,Subway - Jurong Point,1 Jurong West Central #01-32A Jurong Point Shopping Centre Singapore 648886,West,"Lower in calories, Higher in wholegrains and lower in calories, Lower in sugar, No added sugar",648886
SUBWAY SINGAPORE DEVELOPMENT PTE. LTD.,Subway Sandwiches,Quick Service Restaurant/Fast Food,Halal,Western,Subway - Kallang Leisure Park,5 Stadium Walk #01-32 Leisure Park Kallang Singapore 397693,Central,"Lower in calories, Higher in wholegrains and lower in calories, Lower in sugar, No added sugar",397693
SUBWAY SINGAPORE DEVELOPMENT PTE. LTD.,Subway Sandwiches,Quick Service Restaurant/Fast Food,Halal,Western,Subway - KTPH,90 Yishun Central #01-01 Singapore 768828,North,"Lower in calories, Higher in wholegrains and lower in calories, Lower in sugar, No added sugar",768828
SUBWAY SINGAPORE DEVELOPMENT PTE. LTD.,Subway Sandwiches,Quick Service Restaurant/Fast Food,Halal,Western,Subway - Holland Village,25B Lorong Liput #01-00 Singapore 277735,Central,"Lower in calories, Higher in wholegrains and lower in calories, Lower in sugar, No added sugar",277735
SUBWAY SINGAPORE DEVELOPMENT PTE. LTD.,Subway Sandwiches,Quick Service Restaurant/Fast Food,Halal,Western,Subway - Marina Bay Link,8A Marina Blvd #B2-19 Marina Bay Link Mall Singapore 018984,Central,"Lower in calories, Higher in wholegrains and lower in calories, Lower in sugar, No added sugar",18984
SUBWAY SINGAPORE DEVELOPMENT PTE. LTD.,Subway Sandwiches,Quick Service Restaurant/Fast Food,Halal,Western,Subway - Mount Alvernia Hosptital,820 Thomson Road #01-30 Singapore 574623,Central,"Lower in calories, Higher in wholegrains and lower in calories, Lower in sugar, No added sugar",574623
SUBWAY SINGAPORE DEVELOPMENT PTE. LTD.,Subway Sandwiches,Quick Service Restaurant/Fast Food,Halal,Western,Subway - Nanyang Polytechnic,A 180 Ang Mo Kio Ave 8 #02-00 Nanyang Polytechnic Singapore 569830,North-East,"Lower in calories, Higher in wholegrains and lower in calories, Lower in sugar, No added sugar",569830
SUBWAY SINGAPORE DEVELOPMENT PTE. LTD.,Subway Sandwiches,Quick Service Restaurant/Fast Food,Halal,Western,Subway - One North,9 Ayer Rajah Avenue #B2-04 One North MRT Station Singapore 138647,South-West,"Lower in calories, Higher in wholegrains and lower in calories, Lower in sugar, No added sugar",138647
SUBWAY SINGAPORE DEVELOPMENT PTE. LTD.,Subway Sandwiches,Quick Service Restaurant/Fast Food,Halal,Western,Subway - Orchid Country Club,1 Orchid Club Road #01-38 Fun Pool Snack Bar at Recreation Clubhouse Orchid Country Club Singapore 769162,North,"Lower in calories, Higher in wholegrains and lower in calories, Lower in sugar, No added sugar",769162
SUBWAY SINGAPORE DEVELOPMENT PTE. LTD.,Subway Sandwiches,Quick Service Restaurant/Fast Food,Halal,Western,Subway - Raffles City Shopping Centre,252 North Bridge Road #B1-09 Raffles City Shopping Centre Singapore 179103,Central,"Lower in calories, Higher in wholegrains and lower in calories, Lower in sugar, No added sugar",179103
SUBWAY SINGAPORE DEVELOPMENT PTE. LTD.,Subway Sandwiches,Quick Service Restaurant/Fast Food,Halal,Western,Subway - Rivervale Mall,11 Rivervale Crescent #01-31 Rivervale Mall Singapore 545082,North-East,"Lower in calories, Higher in wholegrains and lower in calories, Lower in sugar, No added sugar",545082
SUBWAY SINGAPORE DEVELOPMENT PTE. LTD.,Subway Sandwiches,Quick Service Restaurant/Fast Food,Halal,Western,Subway - Safra Clubhouse @ Mount Faber,3 Telok Blangah Way #01-6A SAFRA Clubhouse Mt Faber Singapore 098803,Central,"Lower in calories, Higher in wholegrains and lower in calories, Lower in sugar, No added sugar",98803
SUBWAY SINGAPORE DEVELOPMENT PTE. LTD.,Subway Sandwiches,Quick Service Restaurant/Fast Food,Halal,Western,Subway - SMU,"90 Stamford Road #01-62 SMU, School of Information Systems Singapore 178902",Central,"Lower in calories, Higher in wholegrains and lower in calories, Lower in sugar, No added sugar",178902
SUBWAY SINGAPORE DEVELOPMENT PTE. LTD.,Subway Sandwiches,Quick Service Restaurant/Fast Food,Halal,Western,Subway - Suntec City Mall,"3 Temasek Blvd #B1-147 Suntec City Mall, Tower 1 Singapore 038983",Central,"Lower in calories, Higher in wholegrains and lower in calories, Lower in sugar, No added sugar",38983
SUBWAY SINGAPORE DEVELOPMENT PTE. LTD.,Subway Sandwiches,Quick Service Restaurant/Fast Food,Halal,Western,Subway - The Rail Mall,430 Upper Bt Timah Rd #01-00 The Rail Mall Singapore 678056,Central,"Lower in calories, Higher in wholegrains and lower in calories, Lower in sugar, No added sugar",678056
SUBWAY SINGAPORE DEVELOPMENT PTE. LTD.,Subway Sandwiches,Quick Service Restaurant/Fast Food,Halal,Western,Subway - Thomson Plaza,301 Thomson Road #01-1D Thomson Plaza Singapore 574408,Central,"Lower in calories, Higher in wholegrains and lower in calories, Lower in sugar, No added sugar",574408
SUBWAY SINGAPORE DEVELOPMENT PTE. LTD.,Subway Sandwiches,Quick Service Restaurant/Fast Food,Halal,Western,Subway - Visioncrest Commercial,103 Penang Road #01-02 VisionCrest Commercial Singapore 238467,Central,"Lower in calories, Higher in wholegrains and lower in calories, Lower in sugar, No added sugar",238467
SUBWAY SINGAPORE DEVELOPMENT PTE. LTD.,Subway Sandwiches,Quick Service Restaurant/Fast Food,Halal,Western,Subway - West Coast Plaza,154 West Coast Road #B1-13 West Coast Plaza Singapore 127371,West,"Lower in calories, Higher in wholegrains and lower in calories, Lower in sugar, No added sugar",127371
SUBWAY SINGAPORE DEVELOPMENT PTE. LTD.,Subway Sandwiches,Quick Service Restaurant/Fast Food,Halal,Western,Subway - West Mall,1 Bukit Batok Central Link #01-18 West Mall Singapore 658713,West,"Lower in calories, Higher in wholegrains and lower in calories, Lower in sugar, No added sugar",658713
SUBWAY SINGAPORE DEVELOPMENT PTE. LTD.,Subway Sandwiches,Quick Service Restaurant/Fast Food,Halal,Western,Subway - White Sands Shopping Centre,99 Pasir Ris Central St 3 #01-31 White Sands Shopping Centre Singapore 518457,East,"Lower in calories, Higher in wholegrains and lower in calories, Lower in sugar, No added sugar",518457
SUBWAY SINGAPORE DEVELOPMENT PTE. LTD.,Subway Sandwiches,Quick Service Restaurant/Fast Food,Halal,Western,Subway - Yew Tee Point,21 Choa Chu Kang North 6 #01-35 Yew Tee Point Singapore 689578,West,"Lower in calories, Higher in wholegrains and lower in calories, Lower in sugar, No added sugar",689578
SUBWAY SINGAPORE DEVELOPMENT PTE. LTD.,Subway Sandwiches,Quick Service Restaurant/Fast Food,Halal,Western,Subway - Zhongshan Mall,20 Ah Hood Road #01-33 Zhongshan Mall Singapore 329984,Central,"Lower in calories, Higher in wholegrains and lower in calories, Lower in sugar, No added sugar",329984
SUBWAY SINGAPORE DEVELOPMENT PTE. LTD.,Subway Sandwiches,Quick Service Restaurant/Fast Food,Halal,Western,Subway - Nanyang Community Club,60 Jurong West St 91 #01-03 Nanyang Community Club Singapore 649040,West,"Lower in calories, Higher in wholegrains and lower in calories, Lower in sugar, No added sugar",649040
SUBWAY SINGAPORE DEVELOPMENT PTE. LTD.,Subway Sandwiches,Quick Service Restaurant/Fast Food,Halal,Western,Subway - FairPrice Hub,1 Joon Koon Circle #01-17 Fairprice Hub Singapore 629117,West,"Lower in calories, Higher in wholegrains and lower in calories, Lower in sugar, No added sugar",629117
SUBWAY SINGAPORE DEVELOPMENT PTE. LTD.,Subway Sandwiches,Quick Service Restaurant/Fast Food,Halal,Western,Subway - Bedok Reservoir,744 Bedok Reservoir Road #01-3031 Singapore 470744,East,"Lower in calories, Higher in wholegrains and lower in calories, Lower in sugar, No added sugar",470744
SUBWAY SINGAPORE DEVELOPMENT PTE. LTD.,Subway Sandwiches,Quick Service Restaurant/Fast Food,Halal,Western,Subway - Lot One,21 Choa Chu Kang Ave 4 #B1-34 Lot One Shoppers' Mall Singapore 689812,West,"Lower in calories, Higher in wholegrains and lower in calories, Lower in sugar, No added sugar",689812
SUBWAY SINGAPORE DEVELOPMENT PTE. LTD.,Subway Sandwiches,Quick Service Restaurant/Fast Food,Halal,Western,Subway - Mapletree Business City,40 Pasir Panjang Road #02-34 Mapletree Business City Singapore 117439,Central,"Lower in calories, Higher in wholegrains and lower in calories, Lower in sugar, No added sugar",117439
SUBWAY SINGAPORE DEVELOPMENT PTE. LTD.,Subway Sandwiches,Quick Service Restaurant/Fast Food,Halal,Western,Subway - NEX,23 Serangoon Central #02-11 NEX Singapore 556083,North-East,"Lower in calories, Higher in wholegrains and lower in calories, Lower in sugar, No added sugar",556083
SUBWAY SINGAPORE DEVELOPMENT PTE. LTD.,Subway Sandwiches,Quick Service Restaurant/Fast Food,Halal,Western,Subway - North Point,930 Yishun Ave 2 #B2-03 Northpoint Shopping Centre Singapore 769098,North,"Lower in calories, Higher in wholegrains and lower in calories, Lower in sugar, No added sugar",769098
SUBWAY SINGAPORE DEVELOPMENT PTE. LTD.,Subway Sandwiches,Quick Service Restaurant/Fast Food,Halal,Western,Subway - Novena Square,230 Thomson Road #02-29 Novena Square Singapore 307683,Central,"Lower in calories, Higher in wholegrains and lower in calories, Lower in sugar, No added sugar",307683
SUBWAY SINGAPORE DEVELOPMENT PTE. LTD.,Subway Sandwiches,Quick Service Restaurant/Fast Food,Halal,Western,Subway - NTU,N2.1 76 Nanyang Drive #01-07 Singapore 637331,West,"Lower in calories, Higher in wholegrains and lower in calories, Lower in sugar, No added sugar",637331
SUBWAY SINGAPORE DEVELOPMENT PTE. LTD.,Subway Sandwiches,Quick Service Restaurant/Fast Food,Halal,Western,Subway - One @ Kent Ridge,1 Lower Kent Ridge Road #01-10 One @Kent Ridge Singapore 119082,Central,"Lower in calories, Higher in wholegrains and lower in calories, Lower in sugar, No added sugar",119082
SUBWAY SINGAPORE DEVELOPMENT PTE. LTD.,Subway Sandwiches,Quick Service Restaurant/Fast Food,Halal,Western,Subway - Republic Polytechnic,9 Woodlands Ave 9 #01-02 Singapore 738964,North,"Lower in calories, Higher in wholegrains and lower in calories, Lower in sugar, No added sugar",738964
SUBWAY SINGAPORE DEVELOPMENT PTE. LTD.,Subway Sandwiches,Quick Service Restaurant/Fast Food,Halal,Western,Subway - Siglap Centre,55 Siglap Road #01-13 Singapore 455871,East,"Lower in calories, Higher in wholegrains and lower in calories, Lower in sugar, No added sugar",455871
SUBWAY SINGAPORE DEVELOPMENT PTE. LTD.,Subway Sandwiches,Quick Service Restaurant/Fast Food,Halal,Western,Subway - Sim Lim Square,1 Rochor Canal Road #B1-01 Sim Lim Square Singapore 188504,Central,"Lower in calories, Higher in wholegrains and lower in calories, Lower in sugar, No added sugar",188504
SUBWAY SINGAPORE DEVELOPMENT PTE. LTD.,Subway Sandwiches,Quick Service Restaurant/Fast Food,Halal,Western,Subway - Changi General Hospital,2 Simei St 2 #01-00 Lobby B Singapore 329984,East,"Lower in calories, Higher in wholegrains and lower in calories, Lower in sugar, No added sugar",329984
SUBWAY SINGAPORE DEVELOPMENT PTE. LTD.,Subway Sandwiches,Quick Service Restaurant/Fast Food,Halal,Western,Subway - Singapore Expo,1 Expo Drive #01-01 Singapore Expo Singapore 486150,East,"Lower in calories, Higher in wholegrains and lower in calories, Lower in sugar, No added sugar",486150
SUBWAY SINGAPORE DEVELOPMENT PTE. LTD.,Subway Sandwiches,Quick Service Restaurant/Fast Food,Halal,Western,Subway - Singapore Polytechnic,"500 Dover Road #01-00 Singapore Polytechnic, Foodcourt 5 Singapore 139651",West,"Lower in calories, Higher in wholegrains and lower in calories, Lower in sugar, No added sugar",139651
SUBWAY SINGAPORE DEVELOPMENT PTE. LTD.,Subway Sandwiches,Quick Service Restaurant/Fast Food,Halal,Western,Subway - Star Vista,1 Vista Exchange Green #B1-34 Star Vista Singapore 138617,Central,"Lower in calories, Higher in wholegrains and lower in calories, Lower in sugar, No added sugar",138617
SUBWAY SINGAPORE DEVELOPMENT PTE. LTD.,Subway Sandwiches,Quick Service Restaurant/Fast Food,Halal,Western,Subway - Superbowl Jurong,1 Yuan Ching Road #01-5A Superbowl Jurong Singapore 618640,West,"Lower in calories, Higher in wholegrains and lower in calories, Lower in sugar, No added sugar",618640
SUBWAY SINGAPORE DEVELOPMENT PTE. LTD.,Subway Sandwiches,Quick Service Restaurant/Fast Food,Halal,Western,Subway - Tampines 462,462 Tampines St 44 #01-62 Singapore 520462,East,"Lower in calories, Higher in wholegrains and lower in calories, Lower in sugar, No added sugar",520462
SUBWAY SINGAPORE DEVELOPMENT PTE. LTD.,Subway Sandwiches,Quick Service Restaurant/Fast Food,Halal,Western,Subway - Tampines One,10 Tampines Central 1 #B1-03 Tampines 1 Singapore 529536,East,"Lower in calories, Higher in wholegrains and lower in calories, Lower in sugar, No added sugar",529536
SUBWAY SINGAPORE DEVELOPMENT PTE. LTD.,Subway Sandwiches,Quick Service Restaurant/Fast Food,Halal,Western,Subway - Tampines West Community Club,5 Tampines Avenue 3 #01-08 Tampines West Community Club Singapore 529705,East,"Lower in calories, Higher in wholegrains and lower in calories, Lower in sugar, No added sugar",529705
SUBWAY SINGAPORE DEVELOPMENT PTE. LTD.,Subway Sandwiches,Quick Service Restaurant/Fast Food,Halal,Western,Subway - Temasek Polytechnic,"30B 21 Tampines Avenue 1 #01-03 Temasek Polytechnic, F&B outlet 3 Singapore 529757",East,"Lower in calories, Higher in wholegrains and lower in calories, Lower in sugar, No added sugar",529757
SUBWAY SINGAPORE DEVELOPMENT PTE. LTD.,Subway Sandwiches,Quick Service Restaurant/Fast Food,Halal,Western,Subway - The Central,6 Eu Tong Sen Street #01-66 The Central Singapore 059817,Central,"Lower in calories, Higher in wholegrains and lower in calories, Lower in sugar, No added sugar",59817
SUBWAY SINGAPORE DEVELOPMENT PTE. LTD.,Subway Sandwiches,Quick Service Restaurant/Fast Food,Halal,Western,Subway - Ngee Ann Poly,51 535 Clementi Road #02-01 Makan Place Singapore 599489,West,"Lower in calories, Higher in wholegrains and lower in calories, Lower in sugar, No added sugar",599489
SUBWAY SINGAPORE DEVELOPMENT PTE. LTD.,Subway Sandwiches,Quick Service Restaurant/Fast Food,Halal,Western,Subway - Anchorpoint,370 Alexandra Road #01-11 Anchorpoint Singapore 159953,Central,"Lower in calories, Higher in wholegrains and lower in calories, Lower in sugar, No added sugar",159953
SUBWAY SINGAPORE DEVELOPMENT PTE. LTD.,Subway Sandwiches,Quick Service Restaurant/Fast Food,Halal,Western,Subway - Balmoral Plaza,271 Bukit Timah Rd #01-06 Balmoral Plaza Singapore 259708,Central,"Lower in calories, Higher in wholegrains and lower in calories, Lower in sugar, No added sugar",259708
SUBWAY SINGAPORE DEVELOPMENT PTE. LTD.,Subway Sandwiches,Quick Service Restaurant/Fast Food,Halal,Western,Subway - 100 AM,100 Tras Street #01-15 Singapore 079027,Central,"Lower in calories, Higher in wholegrains and lower in calories, Lower in sugar, No added sugar",79027
SUBWAY SINGAPORE DEVELOPMENT PTE. LTD.,Subway Sandwiches,Quick Service Restaurant/Fast Food,Halal,Western,Subway - 313 @ Somerset,313 Orchard Road #B3-01 Singapore 238895,Central,"Lower in calories, Higher in wholegrains and lower in calories, Lower in sugar, No added sugar",238895
SUBWAY SINGAPORE DEVELOPMENT PTE. LTD.,Subway Sandwiches,Quick Service Restaurant/Fast Food,Halal,Western,Subway - Alocassia,383 Bukit Timah Road #01-05 Alocassia Apartments Singapore 259727,Central,"Lower in calories, Higher in wholegrains and lower in calories, Lower in sugar, No added sugar",259727
SUBWAY SINGAPORE DEVELOPMENT PTE. LTD.,Subway Sandwiches,Quick Service Restaurant/Fast Food,Halal,Western,Subway - AMK Hub,53 Ang Mo Kio Ave 3 #01-35 AMK Hub Singapore 569933,North-East,"Lower in calories, Higher in wholegrains and lower in calories, Lower in sugar, No added sugar",569933
SUBWAY SINGAPORE DEVELOPMENT PTE. LTD.,Subway Sandwiches,Quick Service Restaurant/Fast Food,Halal,Western,Subway - Asia Square Tower 2,12 Marina View #02Asia Square Tower 2 Singapore 018961,Central,"Lower in calories, Higher in wholegrains and lower in calories, Lower in sugar, No added sugar",18961
SUBWAY SINGAPORE DEVELOPMENT PTE. LTD.,Subway Sandwiches,Quick Service Restaurant/Fast Food,Halal,Western,Subway - Bedok Mall,311 New Upper Changi Road #01-96 Singapore 467360,East,"Lower in calories, Higher in wholegrains and lower in calories, Lower in sugar, No added sugar",467360
SUBWAY SINGAPORE DEVELOPMENT PTE. LTD.,Subway Sandwiches,Quick Service Restaurant/Fast Food,Halal,Western,Subway - Bugis Junction,200 Victoria #B1-25A Bugis Junction Singapore 188021,Central,"Lower in calories, Higher in wholegrains and lower in calories, Lower in sugar, No added sugar",188021
SUBWAY SINGAPORE DEVELOPMENT PTE. LTD.,Subway Sandwiches,Quick Service Restaurant/Fast Food,Halal,Western,Subway - Bugis +,201 Victoria Street #05-09 Singapore 188067,Central,"Lower in calories, Higher in wholegrains and lower in calories, Lower in sugar, No added sugar",188067
SUBWAY SINGAPORE DEVELOPMENT PTE. LTD.,Subway Sandwiches,Quick Service Restaurant/Fast Food,Halal,Western,Subway - Bukit Merah Central,162 Bukit Merah Central #01-3547 Singapore 150162,Central,"Lower in calories, Higher in wholegrains and lower in calories, Lower in sugar, No added sugar",150162
SUBWAY SINGAPORE DEVELOPMENT PTE. LTD.,Subway Sandwiches,Quick Service Restaurant/Fast Food,Halal,Western,Subway - Bukit Panjang Plaza,1 Jelebu Road #01-38 Bukit Panjang Plaza Singapore 677743,West,"Lower in calories, Higher in wholegrains and lower in calories, Lower in sugar, No added sugar",677743
SUBWAY SINGAPORE DEVELOPMENT PTE. LTD.,Subway Sandwiches,Quick Service Restaurant/Fast Food,Halal,Western,Subway - Tampines Mart,5 Tampines West St 32 #01-21 Singapore 529286,East,"Lower in calories, Higher in wholegrains and lower in calories, Lower in sugar, No added sugar",529286
SUBWAY SINGAPORE DEVELOPMENT PTE. LTD.,Subway Sandwiches,Quick Service Restaurant/Fast Food,Halal,Western,Subway - Seletar Mall,33 Sengkang West Avenue #B1-08 The Seletar Mall Singapore 797653,North-East,"Lower in calories, Higher in wholegrains and lower in calories, Lower in sugar, No added sugar",797653
SUBWAY SINGAPORE DEVELOPMENT PTE. LTD.,Subway Sandwiches,Quick Service Restaurant/Fast Food,Halal,Western,Subway - Eastpoint Mall,3 Simei St 6 #B1-10 East Point Singapore 528833,East,"Lower in calories, Higher in wholegrains and lower in calories, Lower in sugar, No added sugar",528833
SUBWAY SINGAPORE DEVELOPMENT PTE. LTD.,Subway Sandwiches,Quick Service Restaurant/Fast Food,Halal,Western,Subway - Kitchener,809 French Road #01-34 Kitchener Complex Singapore 200809,Central,"Lower in calories, Higher in wholegrains and lower in calories, Lower in sugar, No added sugar",200809
SUBWAY SINGAPORE DEVELOPMENT PTE. LTD.,Subway Sandwiches,Quick Service Restaurant/Fast Food,Halal,Western,Subway - Ng Teng Fong Hospital,1 Jurong East Street 21 #02-33 Ng Teng Fong General Hospital Tower A Singapore 609606,West,"Lower in calories, Higher in wholegrains and lower in calories, Lower in sugar, No added sugar",609606
SUBWAY SINGAPORE DEVELOPMENT PTE. LTD.,Subway Sandwiches,Quick Service Restaurant/Fast Food,Halal,Western,Subway - Punggol Plaza,168 Punggol Field #01-11 Punggol Plaza Singapore 820168,North-East,"Lower in calories, Higher in wholegrains and lower in calories, Lower in sugar, No added sugar",820168
SUBWAY SINGAPORE DEVELOPMENT PTE. LTD.,Subway Sandwiches,Quick Service Restaurant/Fast Food,Halal,Western,Subway - Changi Airport T3,78 Airport Blvd #B2-22 Changi Airport Terminal 3 Singapore 819663,East,"Lower in calories, Higher in wholegrains and lower in calories, Lower in sugar, No added sugar",819663
SUBWAY SINGAPORE DEVELOPMENT PTE. LTD.,Subway Sandwiches,Quick Service Restaurant/Fast Food,Halal,Western,Subway - Singapore Post,10 Eunos Road #B1-9A Singpost Centre Singapore 408600,Central,"Lower in calories, Higher in wholegrains and lower in calories, Lower in sugar, No added sugar",408600
SUBWAY SINGAPORE DEVELOPMENT PTE. LTD.,Subway Sandwiches,Quick Service Restaurant/Fast Food,Halal,Western,Subway - Compass One,1 Sengkang Square #01-20 Compass One Singapore 545078,North-East,"Lower in calories, Higher in wholegrains and lower in calories, Lower in sugar, No added sugar",545078
SUBWAY SINGAPORE DEVELOPMENT PTE. LTD.,Subway Sandwiches,Quick Service Restaurant/Fast Food,Halal,Western,Subway - Maxwell Road,120 Maxwell Road #B1-26 Singapore 069119,Central,"Lower in calories, Higher in wholegrains and lower in calories, Lower in sugar, No added sugar",69119
SUBWAY SINGAPORE DEVELOPMENT PTE. LTD.,Subway Sandwiches,Quick Service Restaurant/Fast Food,Halal,Western,Subway - NUH,1 Lower Kent Ridge Road #01-29 Singapore 119074,Central,"Lower in calories, Higher in wholegrains and lower in calories, Lower in sugar, No added sugar",119074
SUBWAY SINGAPORE DEVELOPMENT PTE. LTD.,Subway Sandwiches,Quick Service Restaurant/Fast Food,Halal,Western,Subway - Jelapang Road,524A Jelapang Road #02-14 Singapore 671524,West,"Lower in calories, Higher in wholegrains and lower in calories, Lower in sugar, No added sugar",671524
SUBWAY SINGAPORE DEVELOPMENT PTE. LTD.,Subway Sandwiches,Quick Service Restaurant/Fast Food,Halal,Western,Subway - SIM,461 Clementi Road #01-05 SIM Blk B Singapore 599491,West,"Lower in calories, Higher in wholegrains and lower in calories, Lower in sugar, No added sugar",599491
SUBWAY SINGAPORE DEVELOPMENT PTE. LTD.,Subway Sandwiches,Quick Service Restaurant/Fast Food,Halal,Western,Subway - Bendemeer Shopping Mall,27 Bendemeer Road #01-673 Singapore 330027,Central,"Lower in calories, Higher in wholegrains and lower in calories, Lower in sugar, No added sugar",330027
SUBWAY SINGAPORE DEVELOPMENT PTE. LTD.,Subway Sandwiches,Quick Service Restaurant/Fast Food,Halal,Western,Subway - Heartbeat@Bedok,11 Bedok North Street 1 #01-16 Singapore 469662,East,"Lower in calories, Higher in wholegrains and lower in calories, Lower in sugar, No added sugar",469662
SUBWAY SINGAPORE DEVELOPMENT PTE. LTD.,Subway Sandwiches,Quick Service Restaurant/Fast Food,Halal,Western,Subway - Jurong West,456 Jurong West Street 41 #01-744 Singapore 640456,West,"Lower in calories, Higher in wholegrains and lower in calories, Lower in sugar, No added sugar",640456
SUBWAY SINGAPORE DEVELOPMENT PTE. LTD.,Subway Sandwiches,Quick Service Restaurant/Fast Food,Halal,Western,Subway - Wisteria Mall,598 Yishun Ring Road #B1-08 Wisteria Mall Singapore 768698,North,"Lower in calories, Higher in wholegrains and lower in calories, Lower in sugar, No added sugar",768698
SUBWAY SINGAPORE DEVELOPMENT PTE. LTD.,Subway Sandwiches,Quick Service Restaurant/Fast Food,Halal,Western,Subway - Marina Square,6 Raffles Boulevard #02-52 Marina Square Singapore 039594,North,"Lower in calories, Higher in wholegrains and lower in calories, Lower in sugar, No added sugar",39594
SUBWAY SINGAPORE DEVELOPMENT PTE. LTD.,Subway Sandwiches,Quick Service Restaurant/Fast Food,Halal,Western,Subway - UBI,302 Ubi Avenue 1 #01-35 Singapore 400302,Central,"Lower in calories, Higher in wholegrains and lower in calories, Lower in sugar, No added sugar",400302
SUBWAY SINGAPORE DEVELOPMENT PTE. LTD.,Subway Sandwiches,Quick Service Restaurant/Fast Food,Halal,Western,Subway - Far East Plaza,14 Scotts Road #01-36 Far East Plaza Singapore 228123,Central,"Lower in calories, Higher in wholegrains and lower in calories, Lower in sugar, No added sugar",228123
SUBWAY SINGAPORE DEVELOPMENT PTE. LTD.,Subway Sandwiches,Quick Service Restaurant/Fast Food,Halal,Western,Subway - Waterway Point,83 Punggol Central #B1-16 Waterway Point Singapore 828761,North-East,"Lower in calories, Higher in wholegrains and lower in calories, Lower in sugar, No added sugar",828761
SUBWAY SINGAPORE DEVELOPMENT PTE. LTD.,Subway Sandwiches,Quick Service Restaurant/Fast Food,Halal,Western,Subway - Bukit Batok West,802 Bukit Batok West Ave 5 #01-96 Singapore 467360,West,"Lower in calories, Higher in wholegrains and lower in calories, Lower in sugar, No added sugar",467360
SUBWAY SINGAPORE DEVELOPMENT PTE. LTD.,Subway Sandwiches,Quick Service Restaurant/Fast Food,Halal,Western,Subway - Hougang Avenue 9,51 Hougang Avenue 9 #01-02 Singapore 538776,North-East,"Lower in calories, Higher in wholegrains and lower in calories, Lower in sugar, No added sugar",538776
SUBWAY SINGAPORE DEVELOPMENT PTE. LTD.,Subway Sandwiches,Quick Service Restaurant/Fast Food,Halal,Western,Subway - Yung Sheng Road,399 Yung Sheng Road #01-22 Singapore 610399,West,"Lower in calories, Higher in wholegrains and lower in calories, Lower in sugar, No added sugar",610399
SUBWAY SINGAPORE DEVELOPMENT PTE. LTD.,Subway Sandwiches,Quick Service Restaurant/Fast Food,Halal,Western,Subway - Breadtalk IHQ,30 Tai Seng Street #02-02 Singapore 534013,Central,"Lower in calories, Higher in wholegrains and lower in calories, Lower in sugar, No added sugar",534013
SUBWAY SINGAPORE DEVELOPMENT PTE. LTD.,Subway Sandwiches,Quick Service Restaurant/Fast Food,Halal,Western,Subway - Pasir Ris West Plaza,735 Pasir Ris St 72 #01-304B Pasir Ris West Plaza Singapore 553500,East,"Lower in calories, Higher in wholegrains and lower in calories, Lower in sugar, No added sugar",553500
SUBWAY SINGAPORE DEVELOPMENT PTE. LTD.,Subway Sandwiches,Quick Service Restaurant/Fast Food,Halal,Western,Subway - Tiong Bahru Plaza,302 Tiong Bahru Road #01-103 Tiong Bahru Plaza Singapore 168732,Central,"Lower in calories, Higher in wholegrains and lower in calories, Lower in sugar, No added sugar",168732
SUBWAY SINGAPORE DEVELOPMENT PTE. LTD.,Subway Sandwiches,Quick Service Restaurant/Fast Food,Halal,Western,Subway - Choa Chu Kang Ave 3,475 Choa Chu Kang Ave 3 #01-22 Singapore 680475,West,"Lower in calories, Higher in wholegrains and lower in calories, Lower in sugar, No added sugar",680475
SUBWAY SINGAPORE DEVELOPMENT PTE. LTD.,Subway Sandwiches,Quick Service Restaurant/Fast Food,Halal,Western,Subway - Loyang Point,258 Pasir Ris Street 21 #01-16 Singapore 510258,East,"Lower in calories, Higher in wholegrains and lower in calories, Lower in sugar, No added sugar",510258
SUBWAY SINGAPORE DEVELOPMENT PTE. LTD.,Subway Sandwiches,Quick Service Restaurant/Fast Food,Halal,Western,Subway - Scape,2 Orchard Link #02-40 Scape Singapore 237978,Central,"Lower in calories, Higher in wholegrains and lower in calories, Lower in sugar, No added sugar",237978
SUBWAY SINGAPORE DEVELOPMENT PTE. LTD.,Subway Sandwiches,Quick Service Restaurant/Fast Food,Halal,Western,Subway - Our Tampines Hub,51 Tampines Avenue 4 #B1-52A Our Tampines Hub Singapore 529684,East,"Lower in calories, Higher in wholegrains and lower in calories, Lower in sugar, No added sugar",529684
SUBWAY SINGAPORE DEVELOPMENT PTE. LTD.,Subway Sandwiches,Quick Service Restaurant/Fast Food,Halal,Western,Subway - NUS SRC,"2 College Ave West #01-08 NUS, Stephen Riady Centre Singapore 136807",West,"Lower in calories, Higher in wholegrains and lower in calories, Lower in sugar, No added sugar",136807
SUBWAY SINGAPORE DEVELOPMENT PTE. LTD.,Subway Sandwiches,Quick Service Restaurant/Fast Food,Halal,Western,Subway - Sembawang Shopping Centre,604 Sembawang Road #02-23 Subway Sembawang Shopping Centre Singapore 758459,North,"Lower in calories, Higher in wholegrains and lower in calories, Lower in sugar, No added sugar",758459
SUBWAY SINGAPORE DEVELOPMENT PTE. LTD.,Subway,Quick Service Restaurant/Fast Food,Halal,Western,Subway - Anchorpoint,"370 Alexandra Road, #01-11 Anchorpoint, Singapore 159953          ",Central,"Lower in calories, Higher in wholegrains and lower in calories, Lower in sugar, No added sugar",159953
SUBWAY SINGAPORE DEVELOPMENT PTE. LTD.,Subway,Quick Service Restaurant/Fast Food,Halal,Western,Subway - Balmoral Plaza,"271 Bukit Timah Rd, #01-06, Balmoral Plaza, Singapore 259708",Central,"Lower in calories, Higher in wholegrains and lower in calories, Lower in sugar, No added sugar",259708
SUBWAY SINGAPORE DEVELOPMENT PTE. LTD.,Subway,Quick Service Restaurant/Fast Food,Halal,Western,Subway - 100 AM,"100 Tras Street #01-15, Singapore 079027    ",Central,"Lower in calories, Higher in wholegrains and lower in calories, Lower in sugar, No added sugar",79027
SUBWAY SINGAPORE DEVELOPMENT PTE. LTD.,Subway,Quick Service Restaurant/Fast Food,Halal,Western,Subway - 313 @ Somerset,313 Orchard Road #B3-01 Singapore 238895,Central,"Lower in calories, Higher in wholegrains and lower in calories, Lower in sugar, No added sugar",238895
SUBWAY SINGAPORE DEVELOPMENT PTE. LTD.,Subway,Quick Service Restaurant/Fast Food,Halal,Western,Subway - Alocassia,"383 Bukit Timah Road, #01-05, Alocassia Apartments, Singapore 259727",Central,"Lower in calories, Higher in wholegrains and lower in calories, Lower in sugar, No added sugar",259727
SUBWAY SINGAPORE DEVELOPMENT PTE. LTD.,Subway,Quick Service Restaurant/Fast Food,Halal,Western,Subway - AMK Hub,"53 Ang Mo Kio Ave 3, #01-35 AMK Hub, Singapore 569933",North-East,"Lower in calories, Higher in wholegrains and lower in calories, Lower in sugar, No added sugar",569933
SUBWAY SINGAPORE DEVELOPMENT PTE. LTD.,Subway,Quick Service Restaurant/Fast Food,Halal,Western,Subway - Asia Square Tower 2,"12 Marina View, #02-07 Asia Square Tower 2, Singapore 018961  ",Central,"Lower in calories, Higher in wholegrains and lower in calories, Lower in sugar, No added sugar",18961
SUBWAY SINGAPORE DEVELOPMENT PTE. LTD.,Subway,Quick Service Restaurant/Fast Food,Halal,Western,Subway - Bedok Mall,"311 New Upper Changi Road, # 01-96, Singapore 467360",East,"Lower in calories, Higher in wholegrains and lower in calories, Lower in sugar, No added sugar",467360
SUBWAY SINGAPORE DEVELOPMENT PTE. LTD.,Subway,Quick Service Restaurant/Fast Food,Halal,Western,Subway - Bugis Junction,"200 Victoria St, #B1-25A Bugis Junction, Singapore 188021       ",Central,"Lower in calories, Higher in wholegrains and lower in calories, Lower in sugar, No added sugar",188021
SUBWAY SINGAPORE DEVELOPMENT PTE. LTD.,Subway,Quick Service Restaurant/Fast Food,Halal,Western,Subway - Bugis +,"201 Victoria Street, #05-09, Singapore 188067     ",Central,"Lower in calories, Higher in wholegrains and lower in calories, Lower in sugar, No added sugar",188067
SUBWAY SINGAPORE DEVELOPMENT PTE. LTD.,Subway,Quick Service Restaurant/Fast Food,Halal,Western,Subway - Bukit Merah Central,162 Bukit Merah Central #01-3547 Singapore 150162,Central,"Lower in calories, Higher in wholegrains and lower in calories, Lower in sugar, No added sugar",150162
SUBWAY SINGAPORE DEVELOPMENT PTE. LTD.,Subway,Quick Service Restaurant/Fast Food,Halal,Western,Subway - Bukit Panjang Plaza,"1 Jelebu Road, #01-38 Bukit Panjang Plaza Singapore 677743  ",West,"Lower in calories, Higher in wholegrains and lower in calories, Lower in sugar, No added sugar",677743
SUBWAY SINGAPORE DEVELOPMENT PTE. LTD.,Subway,Quick Service Restaurant/Fast Food,Halal,Western,Subway - Bukit Timah Plaza,"1, Jalan Anak Bukit #B2-FB1 Bukit Timah Plaza Singapore 588996",Central,"Lower in calories, Higher in wholegrains and lower in calories, Lower in sugar, No added sugar",588996
SUBWAY SINGAPORE DEVELOPMENT PTE. LTD.,Subway,Quick Service Restaurant/Fast Food,Halal,Western,Subway - Central Square,20 Havelock Road #01-19 Central Square S(059765),Central,"Lower in calories, Higher in wholegrains and lower in calories, Lower in sugar, No added sugar",59765
SUBWAY SINGAPORE DEVELOPMENT PTE. LTD.,Subway,Quick Service Restaurant/Fast Food,Halal,Western,Subway - Changi City Point,"5 Changi Business Park Central 1, #B1-35 Changi City Point Singapore 486038",East,"Lower in calories, Higher in wholegrains and lower in calories, Lower in sugar, No added sugar",486038
SUBWAY SINGAPORE DEVELOPMENT PTE. LTD.,Subway,Quick Service Restaurant/Fast Food,Halal,Western,Subway - Chinatown Point,"133 New Bridge Road, #B2-37 Chinatown Point, Singapore 059413        ",Central,"Lower in calories, Higher in wholegrains and lower in calories, Lower in sugar, No added sugar",59413
SUBWAY SINGAPORE DEVELOPMENT PTE. LTD.,Subway,Quick Service Restaurant/Fast Food,Halal,Western,Subway - City Square Mall,"180 Kitchener Road #B1-35 City Square Mall, Singapore 208539 ",Central,"Lower in calories, Higher in wholegrains and lower in calories, Lower in sugar, No added sugar",208539
SUBWAY SINGAPORE DEVELOPMENT PTE. LTD.,Subway,Quick Service Restaurant/Fast Food,Halal,Western,Subway - Clementi Mall,"3155 Commonwealth Avenue West , #B1-24/25, Clementi Mall Singapore 129588",West,"Lower in calories, Higher in wholegrains and lower in calories, Lower in sugar, No added sugar",129588
SUBWAY SINGAPORE DEVELOPMENT PTE. LTD.,Subway,Quick Service Restaurant/Fast Food,Halal,Western,Subway - Courts Tampines,50 Tampines North Drive 2 #03-00 Courts Singapore 528766,East,"Lower in calories, Higher in wholegrains and lower in calories, Lower in sugar, No added sugar",528766
SUBWAY SINGAPORE DEVELOPMENT PTE. LTD.,Subway,Quick Service Restaurant/Fast Food,Halal,Western,Subway - Dawson Place,57 Dawson Road #01-12 Dawson Place Singapore 142057,Central,"Lower in calories, Higher in wholegrains and lower in calories, Lower in sugar, No added sugar",142057
SUBWAY SINGAPORE DEVELOPMENT PTE. LTD.,Subway,Quick Service Restaurant/Fast Food,Halal,Western,Subway - Eastwood Centre,20 Eastwood Drive #01-11 Eastwood Centre Singapore 486442,East,"Lower in calories, Higher in wholegrains and lower in calories, Lower in sugar, No added sugar",486442
SUBWAY SINGAPORE DEVELOPMENT PTE. LTD.,Subway,Quick Service Restaurant/Fast Food,Halal,Western,Subway - Far East Square,42/43 Pekin Street #01-01 Far East Square Singapore 048782,Central,"Lower in calories, Higher in wholegrains and lower in calories, Lower in sugar, No added sugar",48782
SUBWAY SINGAPORE DEVELOPMENT PTE. LTD.,Subway,Quick Service Restaurant/Fast Food,Halal,Western,Subway - Gek Poh Shopping Mall,"762 Jurong West Street 75, #01-324, Singapore 640762 ",West,"Lower in calories, Higher in wholegrains and lower in calories, Lower in sugar, No added sugar",640762
SUBWAY SINGAPORE DEVELOPMENT PTE. LTD.,Subway,Quick Service Restaurant/Fast Food,Halal,Western,Subway - Harbourfront Centre,"1 Maritime Square, #02-82 Harbour Front Centre, Sinagpore 099253                      ",Central,"Lower in calories, Higher in wholegrains and lower in calories, Lower in sugar, No added sugar",99253
SUBWAY SINGAPORE DEVELOPMENT PTE. LTD.,Subway,Quick Service Restaurant/Fast Food,Halal,Western,Subway - HDB Hub Toa Payoh,480 Lorong 6 Toa Payoh #01-13 HDB HUB Toa Payoh Singapore 310480,Central,"Lower in calories, Higher in wholegrains and lower in calories, Lower in sugar, No added sugar",310480
SUBWAY SINGAPORE DEVELOPMENT PTE. LTD.,Subway,Quick Service Restaurant/Fast Food,Halal,Western,Subway - Heartland Mall,"205 Hougang St 21, #01-133 Heartland Mall - Kovan Singapore 530205",North-East,"Lower in calories, Higher in wholegrains and lower in calories, Lower in sugar, No added sugar",530205
SUBWAY SINGAPORE DEVELOPMENT PTE. LTD.,Subway,Quick Service Restaurant/Fast Food,Halal,Western,Subway - Hougang Mall,90 Hougang Ave 10 #02-10 Singapore 538766,North-East,"Lower in calories, Higher in wholegrains and lower in calories, Lower in sugar, No added sugar",538766
SUBWAY SINGAPORE DEVELOPMENT PTE. LTD.,Subway,Quick Service Restaurant/Fast Food,Halal,Western,Subway - IMM,"2 Jurong East Street 21, #01-114 IMM Building, Singapore 609601",West,"Lower in calories, Higher in wholegrains and lower in calories, Lower in sugar, No added sugar",609601
SUBWAY SINGAPORE DEVELOPMENT PTE. LTD.,Subway,Quick Service Restaurant/Fast Food,Halal,Western,Subway - Mediapolis,"21 Media Circle, #01-02 Infinite Studios, Singapore 138562",West,"Lower in calories, Higher in wholegrains and lower in calories, Lower in sugar, No added sugar",138562
SUBWAY SINGAPORE DEVELOPMENT PTE. LTD.,Subway,Quick Service Restaurant/Fast Food,Halal,Western,Subway - ITE Central,"2 Ang Mo Kio Drive, #02-08, ITE College Central, Singapore 567720",North-East,"Lower in calories, Higher in wholegrains and lower in calories, Lower in sugar, No added sugar",567720
SUBWAY SINGAPORE DEVELOPMENT PTE. LTD.,Subway,Quick Service Restaurant/Fast Food,Halal,Western,Subway - Jubilee @ AMK,61 Ang Mo Kio Avenue 8 #01-15 Singapore 569814,North-East,"Lower in calories, Higher in wholegrains and lower in calories, Lower in sugar, No added sugar",569814
SUBWAY SINGAPORE DEVELOPMENT PTE. LTD.,Subway,Quick Service Restaurant/Fast Food,Halal,Western,Subway - Junction 8,"9 Bishan Place, #01-31 Junction 8 Shopping Centre, Singapore 579837",Central,"Lower in calories, Higher in wholegrains and lower in calories, Lower in sugar, No added sugar",579837
SUBWAY SINGAPORE DEVELOPMENT PTE. LTD.,Subway,Quick Service Restaurant/Fast Food,Halal,Western,Subway - Jurong Point,"1 Jurong West Central, #01-32A Jurong Point Shopping Centre, Singapore 648886",West,"Lower in calories, Higher in wholegrains and lower in calories, Lower in sugar, No added sugar",648886
SUBWAY SINGAPORE DEVELOPMENT PTE. LTD.,Subway,Quick Service Restaurant/Fast Food,Halal,Western,Subway - Kallang Leisure Park,"5 Stadium Walk, #01-32 Leisure Park Kallang, Singapore 397693",Central,"Lower in calories, Higher in wholegrains and lower in calories, Lower in sugar, No added sugar",397693
SUBWAY SINGAPORE DEVELOPMENT PTE. LTD.,Subway,Quick Service Restaurant/Fast Food,Halal,Western,Subway - KTPH,90 Yishun Central #01-01/02 Singapore 768828,North,"Lower in calories, Higher in wholegrains and lower in calories, Lower in sugar, No added sugar",768828
SUBWAY SINGAPORE DEVELOPMENT PTE. LTD.,Subway,Quick Service Restaurant/Fast Food,Halal,Western,Subway - Holland Village,"25B Lorong Liput, #01-00 Singapore 277735    ",Central,"Lower in calories, Higher in wholegrains and lower in calories, Lower in sugar, No added sugar",277735
SUBWAY SINGAPORE DEVELOPMENT PTE. LTD.,Subway,Quick Service Restaurant/Fast Food,Halal,Western,Subway - Lot One,"21 Choa Chu Kang Ave 4, #B1-34/35, Lot One Shoppers' Mall, Singapore 689812 ",West,"Lower in calories, Higher in wholegrains and lower in calories, Lower in sugar, No added sugar",689812
SUBWAY SINGAPORE DEVELOPMENT PTE. LTD.,Subway,Quick Service Restaurant/Fast Food,Halal,Western,Subway - Mapletree Business City,40 Pasir Panjang Road #02-34 Mapletree Business City Singapore 117439,West,"Lower in calories, Higher in wholegrains and lower in calories, Lower in sugar, No added sugar",117439
SUBWAY SINGAPORE DEVELOPMENT PTE. LTD.,Subway,Quick Service Restaurant/Fast Food,Halal,Western,Subway - Marina Bay Link,"8A Marina Blvd, Marina Bay Link Mall #B2-19 Singapore 018984     ",Central,"Lower in calories, Higher in wholegrains and lower in calories, Lower in sugar, No added sugar",18984
SUBWAY SINGAPORE DEVELOPMENT PTE. LTD.,Subway,Quick Service Restaurant/Fast Food,Halal,Western,Subway - Mount Alvernia Hosptital,820 Thomson Road #01-30 Sinagpore 574623,Central,"Lower in calories, Higher in wholegrains and lower in calories, Lower in sugar, No added sugar",574623
SUBWAY SINGAPORE DEVELOPMENT PTE. LTD.,Subway,Quick Service Restaurant/Fast Food,Halal,Western,Subway - Nanyang Polytechnic,"180 Ang Mo Kio Ave 8, Blk A #02-00, Nanyang Polytechnic, Singapore 569830",North-East,"Lower in calories, Higher in wholegrains and lower in calories, Lower in sugar, No added sugar",569830
SUBWAY SINGAPORE DEVELOPMENT PTE. LTD.,Subway,Quick Service Restaurant/Fast Food,Halal,Western,Subway - NEX,"23 Serangoon Central, #02-11 NEX, Singapore 556083",North-East,"Lower in calories, Higher in wholegrains and lower in calories, Lower in sugar, No added sugar",556083
SUBWAY SINGAPORE DEVELOPMENT PTE. LTD.,Subway,Quick Service Restaurant/Fast Food,Halal,Western,Subway - North Point,930 Yishun Ave 2 #B2-03 Northpoint Shopping Centre Singapore 769098,North,"Lower in calories, Higher in wholegrains and lower in calories, Lower in sugar, No added sugar",769098
SUBWAY SINGAPORE DEVELOPMENT PTE. LTD.,Subway,Quick Service Restaurant/Fast Food,Halal,Western,Subway - Novena Square,"238 Thomson Road #02-29, Novena Square,Singapore 307683",Central,"Lower in calories, Higher in wholegrains and lower in calories, Lower in sugar, No added sugar",307683
SUBWAY SINGAPORE DEVELOPMENT PTE. LTD.,Subway,Quick Service Restaurant/Fast Food,Halal,Western,Subway - NTU,"76 Nanyang Drive, Blk N2.1, #01-07,  Singapore 637331      ",West,"Lower in calories, Higher in wholegrains and lower in calories, Lower in sugar, No added sugar",637331
SUBWAY SINGAPORE DEVELOPMENT PTE. LTD.,Subway,Quick Service Restaurant/Fast Food,Halal,Western,Subway - NUS,"31 Lower Kent Ridge Road, NUS, #01-06 Yusof Ishak House, Singapore 119078",West,"Lower in calories, Higher in wholegrains and lower in calories, Lower in sugar, No added sugar",119078
SUBWAY SINGAPORE DEVELOPMENT PTE. LTD.,Subway,Quick Service Restaurant/Fast Food,Halal,Western,Subway - One @ Kent Ridge,"1 Lower Kent Ridge Road, #01-10 One @Kent Ridge, Singapore 119082                                                                                              ",West,"Lower in calories, Higher in wholegrains and lower in calories, Lower in sugar, No added sugar",119082
SUBWAY SINGAPORE DEVELOPMENT PTE. LTD.,Subway,Quick Service Restaurant/Fast Food,Halal,Western,Subway - One North,"9 Ayer Rajah Avenue, #B2-04 One North MRT Station, Singapore 138647",West,"Lower in calories, Higher in wholegrains and lower in calories, Lower in sugar, No added sugar",138647
SUBWAY SINGAPORE DEVELOPMENT PTE. LTD.,Subway,Quick Service Restaurant/Fast Food,Halal,Western,Subway - Orchid Country Club,"1 Orchid Club Road #01-38, Fun Pool Snack Bar at Recreation Clubhouse Orchid Country Club Singapore 769162",North,"Lower in calories, Higher in wholegrains and lower in calories, Lower in sugar, No added sugar",769162
SUBWAY SINGAPORE DEVELOPMENT PTE. LTD.,Subway,Quick Service Restaurant/Fast Food,Halal,Western,Subway - Raffles City Shopping Centre,"252 North Bridge Road, #B1-09 Raffles City Shopping Centre, Singapore 179103 ",Central,"Lower in calories, Higher in wholegrains and lower in calories, Lower in sugar, No added sugar",179103
SUBWAY SINGAPORE DEVELOPMENT PTE. LTD.,Subway,Quick Service Restaurant/Fast Food,Halal,Western,Subway - Republic Polytechnic,9 Woodlands Ave 9 #01-02/03 Singapore 738964,North,"Lower in calories, Higher in wholegrains and lower in calories, Lower in sugar, No added sugar",738964
SUBWAY SINGAPORE DEVELOPMENT PTE. LTD.,Subway,Quick Service Restaurant/Fast Food,Halal,Western,Subway - Rivervale Mall,"11 Rivervale Crescent #01-31 Rivervale Mall, Singapore 545082",North-East,"Lower in calories, Higher in wholegrains and lower in calories, Lower in sugar, No added sugar",545082
SUBWAY SINGAPORE DEVELOPMENT PTE. LTD.,Subway,Quick Service Restaurant/Fast Food,Halal,Western,Subway - Safra Clubhouse @ Mount Faber,"3 Telok Blangah Way #01-06A SAFRA Clubhouse Mt Faber, Singapore 098803 ",Central,"Lower in calories, Higher in wholegrains and lower in calories, Lower in sugar, No added sugar",98803
SUBWAY SINGAPORE DEVELOPMENT PTE. LTD.,Subway,Quick Service Restaurant/Fast Food,Halal,Western,Subway - Science Hub,"87 Science Park Drive, #01-04 The Science Hub Concourse, Science Pk 1, Singapore 118260",West,"Lower in calories, Higher in wholegrains and lower in calories, Lower in sugar, No added sugar",118260
SUBWAY SINGAPORE DEVELOPMENT PTE. LTD.,Subway,Quick Service Restaurant/Fast Food,Halal,Western,Subway - Sembawang Shopping Centre,"604 Sembawang Road, #B1-20 Subway Sembawang Shopping Centre, Singapore 758459",North,"Lower in calories, Higher in wholegrains and lower in calories, Lower in sugar, No added sugar",758459
SUBWAY SINGAPORE DEVELOPMENT PTE. LTD.,Subway,Quick Service Restaurant/Fast Food,Halal,Western,Subway - Sentosa,"42 Imbiah Road, #01-02/03/04 Singapore 099701",Central,"Lower in calories, Higher in wholegrains and lower in calories, Lower in sugar, No added sugar",99701
SUBWAY SINGAPORE DEVELOPMENT PTE. LTD.,Subway,Quick Service Restaurant/Fast Food,Halal,Western,Subway - Serangoon Gardens,1 Maju Avenue # B1-03 my Village @ Serangoon Gardens Singapore 556679,North-East,"Lower in calories, Higher in wholegrains and lower in calories, Lower in sugar, No added sugar",556679
SUBWAY SINGAPORE DEVELOPMENT PTE. LTD.,Subway,Quick Service Restaurant/Fast Food,Halal,Western,Subway - Siglap Centre,"55 Siglap Road, #01-13/14, Singapore 455871",East,"Lower in calories, Higher in wholegrains and lower in calories, Lower in sugar, No added sugar",455871
SUBWAY SINGAPORE DEVELOPMENT PTE. LTD.,Subway,Quick Service Restaurant/Fast Food,Halal,Western,Subway - Sim Lim Square,1 Rochor Canal Road #B1-01/02 Sim Lim Square Singapore 188504,Central,"Lower in calories, Higher in wholegrains and lower in calories, Lower in sugar, No added sugar",188504
SUBWAY SINGAPORE DEVELOPMENT PTE. LTD.,Subway,Quick Service Restaurant/Fast Food,Halal,Western,Subway - Changi General Hospital,"2 Simei St 2 #01-00 Lobby B, Singapore 329984",East,"Lower in calories, Higher in wholegrains and lower in calories, Lower in sugar, No added sugar",329984
SUBWAY SINGAPORE DEVELOPMENT PTE. LTD.,Subway,Quick Service Restaurant/Fast Food,Halal,Western,Subway - Singapore American School,"40 Woodlands St. 41, #01-00 Singapore American School, Singapore 738547",North,"Lower in calories, Higher in wholegrains and lower in calories, Lower in sugar, No added sugar",738547
SUBWAY SINGAPORE DEVELOPMENT PTE. LTD.,Subway,Quick Service Restaurant/Fast Food,Halal,Western,Subway - Singapore Expo,"1 Expo Drive, Singapore Expo, #01-01 Singapore 486150",East,"Lower in calories, Higher in wholegrains and lower in calories, Lower in sugar, No added sugar",486150
SUBWAY SINGAPORE DEVELOPMENT PTE. LTD.,Subway,Quick Service Restaurant/Fast Food,Halal,Western,Subway - Singapore Flyer,30 Raffles Avenue #01-07B The Singapore Flyer Singapore 039803,Central,"Lower in calories, Higher in wholegrains and lower in calories, Lower in sugar, No added sugar",39803
SUBWAY SINGAPORE DEVELOPMENT PTE. LTD.,Subway,Quick Service Restaurant/Fast Food,Halal,Western,Subway - Singapore Polytechnic,"500 Dover Road, #01-00 Singapore Polytechnic, Foodcourt 5, Singapore 139651   ",West,"Lower in calories, Higher in wholegrains and lower in calories, Lower in sugar, No added sugar",139651
SUBWAY SINGAPORE DEVELOPMENT PTE. LTD.,Subway,Quick Service Restaurant/Fast Food,Halal,Western,Subway - SMU,"90 Stamford Road #01-62, SMU, School of Information Systems, Singapore 178902     ",Central,"Lower in calories, Higher in wholegrains and lower in calories, Lower in sugar, No added sugar",178902
SUBWAY SINGAPORE DEVELOPMENT PTE. LTD.,Subway,Quick Service Restaurant/Fast Food,Halal,Western,Subway - Star Vista,"1 Vista Exchange Green #B1-34, Star Vista, Singapore 138617 ",Central,"Lower in calories, Higher in wholegrains and lower in calories, Lower in sugar, No added sugar",138617
SUBWAY SINGAPORE DEVELOPMENT PTE. LTD.,Subway,Quick Service Restaurant/Fast Food,Halal,Western,Subway - Suntec City Mall,"3 Temasek Blvd, #B1-147, Tower 1, Suntec City Mall, Singapore 038983",Central,"Lower in calories, Higher in wholegrains and lower in calories, Lower in sugar, No added sugar",38983
SUBWAY SINGAPORE DEVELOPMENT PTE. LTD.,Subway,Quick Service Restaurant/Fast Food,Halal,Western,Subway - Superbowl Jurong,1 Yuan Ching Road #01-05A Superbowl Jurong Singapore 618640,West,"Lower in calories, Higher in wholegrains and lower in calories, Lower in sugar, No added sugar",618640
SUBWAY SINGAPORE DEVELOPMENT PTE. LTD.,Subway,Quick Service Restaurant/Fast Food,Halal,Western,Subway - Tampines 462,"462 Tampines St 44, #01-62, Singapore 520462",East,"Lower in calories, Higher in wholegrains and lower in calories, Lower in sugar, No added sugar",520462
SUBWAY SINGAPORE DEVELOPMENT PTE. LTD.,Subway,Quick Service Restaurant/Fast Food,Halal,Western,Subway - Tampines One,"10 Tampines Central 1, #B1-03, Tampines 1, Singapore 529536",East,"Lower in calories, Higher in wholegrains and lower in calories, Lower in sugar, No added sugar",529536
SUBWAY SINGAPORE DEVELOPMENT PTE. LTD.,Subway,Quick Service Restaurant/Fast Food,Halal,Western,Subway - Tampines Telepark,"5 Tampines Central, #01-11 Tampines Telepark, Singapore 529510",East,"Lower in calories, Higher in wholegrains and lower in calories, Lower in sugar, No added sugar",529510
SUBWAY SINGAPORE DEVELOPMENT PTE. LTD.,Subway,Quick Service Restaurant/Fast Food,Halal,Western,Subway - Tampines West Community Club,"5 Tampines Avenue 3 # 01-08, Tampines West Community Club, Singapore 529705",East,"Lower in calories, Higher in wholegrains and lower in calories, Lower in sugar, No added sugar",529705
SUBWAY SINGAPORE DEVELOPMENT PTE. LTD.,Subway,Quick Service Restaurant/Fast Food,Halal,Western,Subway - Temasek Polytechnic,"21 Tampines Avenue 1, F&B outlet 3, 30B #01-03, Temasek Polytechnic, Sinagpore 529757",East,"Lower in calories, Higher in wholegrains and lower in calories, Lower in sugar, No added sugar",529757
SUBWAY SINGAPORE DEVELOPMENT PTE. LTD.,Subway,Quick Service Restaurant/Fast Food,Halal,Western,Subway - The Central,"6 Eu Tong Sen Street, #01-66 The Central, Singapore 059817",East,"Lower in calories, Higher in wholegrains and lower in calories, Lower in sugar, No added sugar",59817
SUBWAY SINGAPORE DEVELOPMENT PTE. LTD.,Subway,Quick Service Restaurant/Fast Food,Halal,Western,Subway - Ngee Ann Poly,"535 Clementi Road, Blk 51 Makan Place, #02-01, Singapore 599489",West,"Lower in calories, Higher in wholegrains and lower in calories, Lower in sugar, No added sugar",599489
SUBWAY SINGAPORE DEVELOPMENT PTE. LTD.,Subway,Quick Service Restaurant/Fast Food,Halal,Western,Subway - The Rail Mall,430 Upper Bt Timah Rd #01-00 The Rail Mall Singapore 678056,Central,"Lower in calories, Higher in wholegrains and lower in calories, Lower in sugar, No added sugar",678056
SUBWAY SINGAPORE DEVELOPMENT PTE. LTD.,Subway,Quick Service Restaurant/Fast Food,Halal,Western,Subway - Thomson Plaza,"301 Thomson Road, #01-01D Thomson Plaza, Singapore 574408",Central,"Lower in calories, Higher in wholegrains and lower in calories, Lower in sugar, No added sugar",574408
SUBWAY SINGAPORE DEVELOPMENT PTE. LTD.,Subway,Quick Service Restaurant/Fast Food,Halal,Western,Subway - United Square,"101 Thomson Road, # B1-04/05 United Square, Singapore 307591",Central,"Lower in calories, Higher in wholegrains and lower in calories, Lower in sugar, No added sugar",307591
SUBWAY SINGAPORE DEVELOPMENT PTE. LTD.,Subway,Quick Service Restaurant/Fast Food,Halal,Western,Subway - University Town,1 Create Way (University Town) #01-02 Singapore 138602,West,"Lower in calories, Higher in wholegrains and lower in calories, Lower in sugar, No added sugar",138602
SUBWAY SINGAPORE DEVELOPMENT PTE. LTD.,Subway,Quick Service Restaurant/Fast Food,Halal,Western,Subway - Visioncrest Commercial,"103 Penang Road,  #01-02/03 VisionCrest Commercial, Singapore 238467                                                                                                         ",Central,"Lower in calories, Higher in wholegrains and lower in calories, Lower in sugar, No added sugar",238467
SUBWAY SINGAPORE DEVELOPMENT PTE. LTD.,Subway,Quick Service Restaurant/Fast Food,Halal,Western,Subway - Vivocity,"1 Harbourfront Walk,  #B2-31, Vivo City, Singapore 098585              ",Central,"Lower in calories, Higher in wholegrains and lower in calories, Lower in sugar, No added sugar",98585
SUBWAY SINGAPORE DEVELOPMENT PTE. LTD.,Subway,Quick Service Restaurant/Fast Food,Halal,Western,Subway - West Coast Plaza,"154 West Coast Road, West Coast Plaza, #B1-13, Singapore 127371 ",West,"Lower in calories, Higher in wholegrains and lower in calories, Lower in sugar, No added sugar",127371
SUBWAY SINGAPORE DEVELOPMENT PTE. LTD.,Subway,Quick Service Restaurant/Fast Food,Halal,Western,Subway - West Mall,"1 Bukit Batok Central Link #01-18/19 West Mall, Singapore 658713                                                                                                               ",West,"Lower in calories, Higher in wholegrains and lower in calories, Lower in sugar, No added sugar",658713
SUBWAY SINGAPORE DEVELOPMENT PTE. LTD.,Subway,Quick Service Restaurant/Fast Food,Halal,Western,Subway - White Sands Shopping Centre,"1 Pasir Ris Central St 3 #03-03 White Sands Shopping Centre, Singapore 518457",East,"Lower in calories, Higher in wholegrains and lower in calories, Lower in sugar, No added sugar",518457
SUBWAY SINGAPORE DEVELOPMENT PTE. LTD.,Subway,Quick Service Restaurant/Fast Food,Halal,Western,Subway - Yew Tee Point,"21 Choa Chu Kang North 6, #01-35, Yew Tee Point, Singapore 689578     ",West,"Lower in calories, Higher in wholegrains and lower in calories, Lower in sugar, No added sugar",689578
SUBWAY SINGAPORE DEVELOPMENT PTE. LTD.,Subway,Quick Service Restaurant/Fast Food,Halal,Western,Subway - Zhongshan Mall,"20 Ah Hood Road, #01-33/34 Zhongshan Mall Singapore 329984",Central,"Lower in calories, Higher in wholegrains and lower in calories, Lower in sugar, No added sugar",329984
SUBWAY SINGAPORE DEVELOPMENT PTE. LTD.,Subway,Quick Service Restaurant/Fast Food,Halal,Western,Subway - Nanyang Community Club,"60 Jurong West St 91 Nanyang Community Club, #01-03 Singapore 649040",West,"Lower in calories, Higher in wholegrains and lower in calories, Lower in sugar, No added sugar",649040
SUBWAY SINGAPORE DEVELOPMENT PTE. LTD.,Subway,Quick Service Restaurant/Fast Food,Halal,Western,Subway - FairPrice Hub,"1 Joon Koon Circle #01-17, Fairprice Hub, Singapore 629117",West,"Lower in calories, Higher in wholegrains and lower in calories, Lower in sugar, No added sugar",629117
SUBWAY SINGAPORE DEVELOPMENT PTE. LTD.,Subway,Quick Service Restaurant/Fast Food,Halal,Western,Subway - Causeway Point,"1 Woodlands Square, Causeway Point #B1-19, Singapore 738099",North,"Lower in calories, Higher in wholegrains and lower in calories, Lower in sugar, No added sugar",738099
SUBWAY SINGAPORE DEVELOPMENT PTE. LTD.,Subway,Quick Service Restaurant/Fast Food,Halal,Western,Subway - Bedok Reservoir,"744 Bedok Reservoir Road #01-3031, Singapore 470744",East,"Lower in calories, Higher in wholegrains and lower in calories, Lower in sugar, No added sugar",470744
SUBWAY SINGAPORE DEVELOPMENT PTE. LTD.,Subway,Quick Service Restaurant/Fast Food,Halal,Western,Subway - Tampines Mart,"5 Tampines West St 32, #01-21 Sinagpore 529286",East,"Lower in calories, Higher in wholegrains and lower in calories, Lower in sugar, No added sugar",529286
SUBWAY SINGAPORE DEVELOPMENT PTE. LTD.,Subway,Quick Service Restaurant/Fast Food,Halal,Western,Subway - Seletar Mall,"33 Sengkang West Avenue #B1-08 The Seletar Mall, Singapore 797653",North-East,"Lower in calories, Higher in wholegrains and lower in calories, Lower in sugar, No added sugar",797653
SUBWAY SINGAPORE DEVELOPMENT PTE. LTD.,Subway,Quick Service Restaurant/Fast Food,Halal,Western,Subway - Eastpoint Mall,"3 Simei St 6, #B1-10, East Point Singapore 528833",East,"Lower in calories, Higher in wholegrains and lower in calories, Lower in sugar, No added sugar",528833
SUBWAY SINGAPORE DEVELOPMENT PTE. LTD.,Subway,Quick Service Restaurant/Fast Food,Halal,Western,Subway - Kitchener,"809 French Road #01-34, Kitchener Complex, Singapore 200809",Central,"Lower in calories, Higher in wholegrains and lower in calories, Lower in sugar, No added sugar",200809
SUBWAY SINGAPORE DEVELOPMENT PTE. LTD.,Subway,Quick Service Restaurant/Fast Food,Halal,Western,Subway - Ng Teng Fong Hospital,1 Jurong East Street 21 #02-33 Ng Teng Fong General Hospital Tower A Singapore 609606,West,"Lower in calories, Higher in wholegrains and lower in calories, Lower in sugar, No added sugar",609606
SUBWAY SINGAPORE DEVELOPMENT PTE. LTD.,Subway,Quick Service Restaurant/Fast Food,Halal,Western,Subway - Punggol Plaza,168 Punggol Field #01-11/12 Punggol Plaza Singapore 820168,North-East,"Lower in calories, Higher in wholegrains and lower in calories, Lower in sugar, No added sugar",820168
SUBWAY SINGAPORE DEVELOPMENT PTE. LTD.,Subway,Quick Service Restaurant/Fast Food,Halal,Western,Subway - UBI,302 Ubi Avenue 1 #01-35 Singapore 400302,Central,"Lower in calories, Higher in wholegrains and lower in calories, Lower in sugar, No added sugar",400302
SUBWAY SINGAPORE DEVELOPMENT PTE. LTD.,Subway,Quick Service Restaurant/Fast Food,Halal,Western,Subway - Changi Airport T3,"78 Airport Boulevard #B2-22, Changi Airport Terminal 3, Singapore 819663",East,"Lower in calories, Higher in wholegrains and lower in calories, Lower in sugar, No added sugar",819663
SUBWAY SINGAPORE DEVELOPMENT PTE. LTD.,Subway,Quick Service Restaurant/Fast Food,Halal,Western,Subway - Far East Plaza,14 Scotts Road #01-36 Far East Plaza Singapore 228123,Central,"Lower in calories, Higher in wholegrains and lower in calories, Lower in sugar, No added sugar",228123
SUBWAY SINGAPORE DEVELOPMENT PTE. LTD.,Subway,Quick Service Restaurant/Fast Food,Halal,Western,Subway - Waterway Point,83 Punggol Central #B1-16 Waterway Point Singapore 828761,North-East,"Lower in calories, Higher in wholegrains and lower in calories, Lower in sugar, No added sugar",828761
SUBWAY SINGAPORE DEVELOPMENT PTE. LTD.,Subway,Quick Service Restaurant/Fast Food,Halal,Western,Subway - Bukit Batok West,"802 Bukit Batok West Ave 5, #01-96 Singapore 467360",West,"Lower in calories, Higher in wholegrains and lower in calories, Lower in sugar, No added sugar",467360
SUBWAY SINGAPORE DEVELOPMENT PTE. LTD.,Subway,Quick Service Restaurant/Fast Food,Halal,Western,Subway - Hougang Avenue 9,"51 Hougang Avenue 9 #01-02, Singapore 538776",North-East,"Lower in calories, Higher in wholegrains and lower in calories, Lower in sugar, No added sugar",538776
SUBWAY SINGAPORE DEVELOPMENT PTE. LTD.,Subway,Quick Service Restaurant/Fast Food,Halal,Western,Subway - Yung Sheng Road,399 Yung Sheng Road #01-22 Singapore 610399,West,"Lower in calories, Higher in wholegrains and lower in calories, Lower in sugar, No added sugar",610399
SUBWAY SINGAPORE DEVELOPMENT PTE. LTD.,Subway,Quick Service Restaurant/Fast Food,Halal,Western,Subway - Breadtalk IHQ,30 Tai Seng Street #02-02 Singapore 534013,Central,"Lower in calories, Higher in wholegrains and lower in calories, Lower in sugar, No added sugar",534013
SUBWAY SINGAPORE DEVELOPMENT PTE. LTD.,Subway,Quick Service Restaurant/Fast Food,Halal,Western,Subway - Pasir Ris West Plaza,"735 Pasir Ris St 72 #01-304B Pasir Ris West Plaza, Singapore 553500",East,"Lower in calories, Higher in wholegrains and lower in calories, Lower in sugar, No added sugar",553500
SUBWAY SINGAPORE DEVELOPMENT PTE. LTD.,Subway,Quick Service Restaurant/Fast Food,Halal,Western,Subway - Tiong Bahru Plaza,"302 Tiong Bahru Road, #01-103 Tiong Bahru Plaza, Singapore 168732",Central,"Lower in calories, Higher in wholegrains and lower in calories, Lower in sugar, No added sugar",168732
SUBWAY SINGAPORE DEVELOPMENT PTE. LTD.,Subway,Quick Service Restaurant/Fast Food,Halal,Western,Subway - Choa Chu Kang Ave 3,475 Choa Chu Kang Ave 3 #01-22 Singapore 680475,West,"Lower in calories, Higher in wholegrains and lower in calories, Lower in sugar, No added sugar",680475
SUBWAY SINGAPORE DEVELOPMENT PTE. LTD.,Subway,Quick Service Restaurant/Fast Food,Halal,Western,Subway - Singapore Post,"10 Eunos Road 8, #B1-127 Singpost Centre, Singapore 408600",East,"Lower in calories, Higher in wholegrains and lower in calories, Lower in sugar, No added sugar",408600
SUBWAY SINGAPORE DEVELOPMENT PTE. LTD.,Subway,Quick Service Restaurant/Fast Food,Halal,Western,Subway - Compass One,1 Sengkang Square #01-20 Compass One Singapore 545078,North-East,"Lower in calories, Higher in wholegrains and lower in calories, Lower in sugar, No added sugar",545078
SUBWAY SINGAPORE DEVELOPMENT PTE. LTD.,Subway,Quick Service Restaurant/Fast Food,Halal,Western,Subway - Maxwell Road,120 Maxwell Road #B1-26/46 Singapore 069119,Central,"Lower in calories, Higher in wholegrains and lower in calories, Lower in sugar, No added sugar",69119
SUBWAY SINGAPORE DEVELOPMENT PTE. LTD.,Subway,Quick Service Restaurant/Fast Food,Halal,Western,Subway - NUH,1 Lower Kent Ridge Road #01-29 Singapore 119074,West,"Lower in calories, Higher in wholegrains and lower in calories, Lower in sugar, No added sugar",119074
SUBWAY SINGAPORE DEVELOPMENT PTE. LTD.,Subway,Quick Service Restaurant/Fast Food,Halal,Western,Subway - Jelapang Road,524A Jelapang Road #02-14 Singapore 671524,West,"Lower in calories, Higher in wholegrains and lower in calories, Lower in sugar, No added sugar",671524
SUBWAY SINGAPORE DEVELOPMENT PTE. LTD.,Subway,Quick Service Restaurant/Fast Food,Halal,Western,Subway - SIM,461 Clementi Road #01-05 SIM Blk B Singapore 599491,West,"Lower in calories, Higher in wholegrains and lower in calories, Lower in sugar, No added sugar",599491
SUBWAY SINGAPORE DEVELOPMENT PTE. LTD.,Subway,Quick Service Restaurant/Fast Food,Halal,Western,Subway - Loyang Point,258 Pasir Ris Street 21 #01-16 Singapore 510258,East,"Lower in calories, Higher in wholegrains and lower in calories, Lower in sugar, No added sugar",510258
SUBWAY SINGAPORE DEVELOPMENT PTE. LTD.,Subway,Quick Service Restaurant/Fast Food,Halal,Western,Subway - Scape,"2 Orchard Link #02-40 Scape, Singapore 237978",Central,"Lower in calories, Higher in wholegrains and lower in calories, Lower in sugar, No added sugar",237978
SUBWAY SINGAPORE DEVELOPMENT PTE. LTD.,Subway,Quick Service Restaurant/Fast Food,Halal,Western,Subway - Our Tampines Hub,"1 Tampines Walk, Our Tampines Hub, #B1-52A, S(528523)",East,"Lower in calories, Higher in wholegrains and lower in calories, Lower in sugar, No added sugar",528523
SUBWAY SINGAPORE DEVELOPMENT PTE. LTD.,Subway,Quick Service Restaurant/Fast Food,Halal,Western,Subway - Bendemeer Shopping Mall,27 Bendemeer Road #01-673 Singapore 330027,Central,"Lower in calories, Higher in wholegrains and lower in calories, Lower in sugar, No added sugar",330027
SUBWAY SINGAPORE DEVELOPMENT PTE. LTD.,Subway,Quick Service Restaurant/Fast Food,Halal,Western,Subway - Heartbeat@Bedok,11 Bedok North Street 1 #01-16 Singapore 469662,East,"Lower in calories, Higher in wholegrains and lower in calories, Lower in sugar, No added sugar",469662
SUBWAY SINGAPORE DEVELOPMENT PTE. LTD.,Subway,Quick Service Restaurant/Fast Food,Halal,Western,Subway - Jurong West,456 Jurong West Street 41 #01-744 Singapore 640456,West,"Lower in calories, Higher in wholegrains and lower in calories, Lower in sugar, No added sugar",640456
SUBWAY SINGAPORE DEVELOPMENT PTE. LTD.,Subway,Quick Service Restaurant/Fast Food,Halal,Western,Subway - Wisteria Mall,598 Yishun Ring Road #B1-08 Wisteria Mall Singapore 768698,North,"Lower in calories, Higher in wholegrains and lower in calories, Lower in sugar, No added sugar",768698
Superfood Kitchen Pte Ltd,Superfood Kitchen,Café,,Western,Superfood Kitchen X The Green Bar @ Raffles City,252 North Bridge Rd #B1-78 Raffles City Shopping Centre Singapore 179103,South-West,Higher in wholegrains and lower in calories,179103
Superfood Kitchen Pte Ltd,Superfood Kitchen,Café,,Western,Superfood Kitchen X The Green Bar @ Jurong Point 1,1 Jurong West Central 2 #3-25D/E Jurong Shopping Centre Singapore 648886,West,Higher in wholegrains and lower in calories,648886
Superfood Kitchen Pte Ltd,Superfood Kitchen,Café,,Western,Superfood Kitchen X The Green Bar @ Changi Airport T3,65 Airport Blvd #B2-25 Changi Airport Terminal 3 Singapore 819663,East,Higher in wholegrains and lower in calories,819663
Swee Heng Bakery Pte Ltd,Swee Heng / Swee Heng Classic 1989,Bakery,Halal,"Breads, cakes, cookies, pastries",Swee Heng - Tampines St 23,201E Tampines St 23 #01-88 Singapore 527201,East,Higher in wholegrains,527201
Swee Heng Bakery Pte Ltd,Swee Heng / Swee Heng Classic 1989,Bakery,Halal,"Breads, cakes, cookies, pastries",Swee Heng - Fajar Shopping Center,445 Fajar Road #01-522 Fajar Shopping Centre Singapore 670445,West,Higher in wholegrains,670445
Swee Heng Bakery Pte Ltd,Swee Heng / Swee Heng Classic 1989,Bakery,Halal,"Breads, cakes, cookies, pastries",Swee Heng - Jurong East St  24,252 Jurong East St 24 #01-179 Singapore 600252,West,Higher in wholegrains,600252
Swee Heng Bakery Pte Ltd,Swee Heng / Swee Heng Classic 1989,Bakery,Halal,"Breads, cakes, cookies, pastries",Swee Heng - Bukit Panjang Plaza,"1 Jelebu Road #01-22B, Bukit Panjang Plaza Singapore 677743",West,Higher in wholegrains,677743
Swee Heng Bakery Pte Ltd,Swee Heng / Swee Heng Classic 1989,Bakery,Halal,"Breads, cakes, cookies, pastries",Swee Heng - Gek Poh Shopping Centre,"762 Jurong West St 75, Gek Poh Shopping Centre Singapore 640762 ",West,Higher in wholegrains,640762
Swee Heng Bakery Pte Ltd,Swee Heng / Swee Heng Classic 1989,Bakery,Halal,"Breads, cakes, cookies, pastries",Swee Heng - Geylang Serai,1 Geylang Serai #01-197 Singapore 402001,East,Higher in wholegrains,402001
Swee Heng Bakery Pte Ltd,Swee Heng / Swee Heng Classic 1989,Bakery,Halal,"Breads, cakes, cookies, pastries",Swee Heng - Canberra Road,511 Canberra Road #01-07 Singapore 750511,North,Higher in wholegrains,750511
Swee Heng Bakery Pte Ltd,Swee Heng / Swee Heng Classic 1989,Bakery,Halal,"Breads, cakes, cookies, pastries",Swee Heng - Ubi Ave 1,306 Ubi Ave 1 #01-201 Singapore 400306,Central,Higher in wholegrains,400306
Swee Heng Bakery Pte Ltd,Swee Heng / Swee Heng Classic 1989,Bakery,Halal,"Breads, cakes, cookies, pastries",Swee Heng - Bendemeer Road,27 Bendemeer Road #01-637 Singapore 330027,Central,Higher in wholegrains,330027
Swee Heng Bakery Pte Ltd,Swee Heng / Swee Heng Classic 1989,Bakery,Halal,"Breads, cakes, cookies, pastries",Swee Heng - Boon Lay Shopping Centre,"221 Boon Lay Place, Boon Lay Shopping Centre #01-158 Singapore 640221",West,Higher in wholegrains,640221
Swee Heng Bakery Pte Ltd,Swee Heng / Swee Heng Classic 1989,Bakery,Halal,"Breads, cakes, cookies, pastries",Swee Heng - Teban Garden Road,37 Teban Garden Road #01-310 Singapore 600037,West,Higher in wholegrains,600037
Swee Heng Bakery Pte Ltd,Swee Heng / Swee Heng Classic 1989,Bakery,Halal,"Breads, cakes, cookies, pastries",Swee Heng - Woodlands Ave 6,"678A Woodlands Ave 6, #01-12, Singapore 731678",North,Higher in wholegrains,731678
Swee Heng Bakery Pte Ltd,Swee Heng / Swee Heng Classic 1989,Bakery,Halal,"Breads, cakes, cookies, pastries",Swee Heng - Vista Point,"548 Woodlands Drive 44, Vista Point #01-19 Singapore 730548",North,Higher in wholegrains,730548
Swee Heng Bakery Pte Ltd,Swee Heng / Swee Heng Classic 1989,Bakery,Halal,"Breads, cakes, cookies, pastries",Swee Heng - Rivervale Plaza,"No. 18 Rivervale Drive, Rivervale Plaza #01-17 Singapore 540118",North-East,Higher in wholegrains,540118
Swee Heng Bakery Pte Ltd,Swee Heng / Swee Heng Classic 1989,Bakery,Halal,"Breads, cakes, cookies, pastries",Swee Heng - Choa Chu Kaang Ave 1,253 Choa Chu Kang Ave 1 #B1-19 Singapore 680253,West,Higher in wholegrains,680253
Swee Heng Bakery Pte Ltd,Swee Heng / Swee Heng Classic 1989,Bakery,Halal,"Breads, cakes, cookies, pastries",Swee Heng - Jurong West St 92,960 Jurong West St 92 #01-186 Singapore 640960,West,Higher in wholegrains,640960
Swee Heng Bakery Pte Ltd,Swee Heng / Swee Heng Classic 1989,Bakery,Halal,"Breads, cakes, cookies, pastries",Swee Heng - Bukit Batok St 13,372  Bukit Batok St 13 #01-372 Singapore 650372,West,Higher in wholegrains,650372
Swee Heng Bakery Pte Ltd,Swee Heng / Swee Heng Classic 1989,Bakery,Halal,"Breads, cakes, cookies, pastries",Swee Heng - Hougang Capeview,"476 Upper Serangoon View, Hougang Capeview #02-16 Singapore 530476",North-East,Higher in wholegrains,530476
Swee Heng Bakery Pte Ltd,Swee Heng / Swee Heng Classic 1989,Bakery,Halal,"Breads, cakes, cookies, pastries",Swee Heng - Jurong West St 41,495 Jurong West St 41 #01-98 Singapore 640495,West,Higher in wholegrains,640495
Swee Heng Bakery Pte Ltd,Swee Heng / Swee Heng Classic 1989,Bakery,Halal,"Breads, cakes, cookies, pastries",Swee Heng - Jurong West St 51,504  Jurong West St 51 #01-243 Singapore 640504,West,Higher in wholegrains,640504
Swee Heng Bakery Pte Ltd,Swee Heng / Swee Heng Classic 1989,Bakery,Halal,"Breads, cakes, cookies, pastries",Swee Heng - Waterway Terrace,"308C Punggol Walk, Waterway Terrace #01-306 Singapore 822308",North-East,Higher in wholegrains,822308
Swee Heng Bakery Pte Ltd,Swee Heng / Swee Heng Classic 1989,Bakery,Halal,"Breads, cakes, cookies, pastries",Swee Heng - 888 Plaza,"888 Woodlands Drive 50, 888 Plaza #01-747 Singapore 730888",North,Higher in wholegrains,730888
Swee Heng Bakery Pte Ltd,Swee Heng / Swee Heng Classic 1989,Bakery,Halal,"Breads, cakes, cookies, pastries",Swee Heng - Woodland Mart,"768 Woodlands Ave 6, Woodland Mart #01-28 Singapore 730768",North,Higher in wholegrains,730768
Swee Heng Bakery Pte Ltd,Swee Heng / Swee Heng Classic 1989,Bakery,Halal,"Breads, cakes, cookies, pastries",Swee Heng - Compassvale Drive,215C Compassvale Drive #01-05 Singapore 543215,North-East,Higher in wholegrains,543215
Swee Heng Bakery Pte Ltd,Swee Heng / Swee Heng Classic 1989,Bakery,Halal,"Breads, cakes, cookies, pastries",Swee Heng - Yishun Ave 4,507A Yishun Ave 4 #04-03 Singapore 760507,North,Higher in wholegrains,760507
Swee Heng Bakery Pte Ltd,Swee Heng / Swee Heng Classic 1989,Bakery,Halal,"Breads, cakes, cookies, pastries",Swee Heng - Choa Chu Kang Ave 1,818 Choa Chu Kang Ave 1 #01-03 Singapore 680818,West,Higher in wholegrains,680818
Swee Heng Bakery Pte Ltd,Swee Heng / Swee Heng Classic 1989,Bakery,Halal,"Breads, cakes, cookies, pastries",Swee Heng - Heatbeat @ Bedok,"11 Bedok North St 1, Heatbeat @ Bedok #01-21 Singapore 469662",East,Higher in wholegrains,469662
Swee Heng Bakery Pte Ltd,Swee Heng / Swee Heng Classic 1989,Bakery,Halal,"Breads, cakes, cookies, pastries",Swee Heng -  Jurong Point,"63 Jurong West Central 3, Jurong Point #03-01 Singapore 648331",West,Higher in wholegrains,648331
Swee Heng Bakery Pte Ltd,Swee Heng / Swee Heng Classic 1989,Bakery,Halal,"Breads, cakes, cookies, pastries",Swee Heng - Nex Mall,"23 Serangoon Central, Nex Mall #03-42 Singapore 556083",North-East,Higher in wholegrains,556083
Swee Heng Bakery Pte Ltd,Swee Heng / Swee Heng Classic 1989,Bakery,Halal,"Breads, cakes, cookies, pastries",Swee Heng Classic 1989 - West Mall,"No. 1 Bukit Batok Central Link, West Mall #01-03 Singapore 658713",West,Higher in wholegrains,658713
Swee Heng Bakery Pte Ltd,Swee Heng / Swee Heng Classic 1989,Bakery,Halal,"Breads, cakes, cookies, pastries",Swee Heng Classic 1989 - The Seletar Mall,"33 Sengkang West Ave, The Seletar Mall #B1 - K7/K8/K9 Singapore 339511",North-East,Higher in wholegrains,339511
Swee Heng Bakery Pte Ltd,Swee Heng / Swee Heng Classic 1989,Bakery,Halal,"Breads, cakes, cookies, pastries",Swee Heng Classic 1989 -Ng Teng Fong General Hospital,"1 Jurong East St 21, Ng Teng Fong General Hospital #02-12 Tower A Singapore 609606",West,Higher in wholegrains,609606
Swee Heng Bakery Pte Ltd,Swee Heng / Swee Heng Classic 1989,Bakery,Halal,"Breads, cakes, cookies, pastries",Swee Heng Classic 1989 - The Arcade,11 Collyer Quay #01-11 Singapore 049317,Central,Higher in wholegrains,49317
Swee Heng Bakery Pte Ltd,Swee Heng / Swee Heng Classic 1989,Bakery,Halal,"Breads, cakes, cookies, pastries",Swee Heng Classic 1989 - The Clementi Mall,"3155 Commonwealth Ave West, The Clementi Mall #B1-K1/K2 Singapore 129588",West,Higher in wholegrains,129588
Swee Heng Bakery Pte Ltd,Swee Heng / Swee Heng Classic 1989,Bakery,Halal,"Breads, cakes, cookies, pastries",Swee Heng Classic 1989 - Tampines Hub,"51 Tampines Ave 4, Tampines Hub #B1-40/41 Singapore 528523",East,Higher in wholegrains,528523
Swee Heng Bakery Pte Ltd,Swee Heng / Swee Heng Classic 1989,Bakery,Halal,"Breads, cakes, cookies, pastries",Swee Heng Classic 1989 - Tanjong Pagar Centre,"7 Wallich Street, Tanjong Pagar Centre #B2-33  Singapore 107884",Central,Higher in wholegrains,107884
Swee Heng Bakery Pte Ltd,Swee Heng / Swee Heng Classic 1989,Bakery,Halal,"Breads, cakes, cookies, pastries",Swee Heng Classic 1989 - Rivervale Mall,"11 Rivervale Crescent, Rivervale Mall #01-25 Singapore 545082",North-East,Higher in wholegrains,545082
Swee Heng Bakery Pte Ltd,Swee Heng / Swee Heng Classic 1989,Bakery,Halal,"Breads, cakes, cookies, pastries",Swee Heng Classic 1989 - Jurong Point Centre,"63 Jurong West Central 3, Jurong Point Centre #03-31 Singapore 648331",West,Higher in wholegrains,648331
Swee Heng Bakery Pte Ltd,Swee Heng / Swee Heng Classic 1989,Bakery,Halal,"Breads, cakes, cookies, pastries",Swee Heng Classic 1989 - Singpost,"10 Eunos Road 8, Singpost #B1-158 Singapore 408600",East,Higher in wholegrains,408600
Swee Heng Bakery Pte Ltd,Swee Heng / Swee Heng Classic 1989,Bakery,Halal,"Breads, cakes, cookies, pastries",Swee Heng Classic 1989 - North Point City,"1 Northpoint Drive, North Point City #B2-114  Singapore 768019",North,Higher in wholegrains,768019
Swee Heng Bakery Pte Ltd,Swee Heng / Swee Heng Classic 1989,Bakery,Halal,"Breads, cakes, cookies, pastries",Swee Heng Classic 1989 - CK Tangs,"310 Orchard Road, CK Tangs #B1-02A Singapore 238864",Central,Higher in wholegrains,238864
Swee Heng Bakery Pte Ltd,Swee Heng / Swee Heng Classic 1989,Bakery,Halal,"Breads, cakes, cookies, pastries",Swee Heng Classic 1989 -Marina One The Heart,"5 Straits View , Marina One The Heart #B2-46 Singapore 018935",Central,Higher in wholegrains,18935
Swee Heng Bakery Pte Ltd,Swee Heng / Swee Heng Classic 1989,Bakery,Halal,"Breads, cakes, cookies, pastries",Swee Heng Classic 1989 - Oasis Terraces,"681 Punggol Drive, Oasis Terraces #B1-04 Singapore 820681",North-East,Higher in wholegrains,820681
Tang Tea House Pte. Ltd.,Tang Tea House,Restaurant,Halal,Chinese,Tang Tea House - Simpang Bedok,357/359 Bedok Road Singapore 469545,East,"Lower in calories, Lower in sugar, No added sugar",469545
Tang Tea House Pte. Ltd.,Tang Tea House,Restaurant,Halal,Chinese,Tang Tea House - Jalan Kayu,242 Jalan Kayu Singapore 799466,North-East,"Lower in calories, Lower in sugar, No added sugar",799466
Tang Tea House Pte. Ltd.,Tang Tea House,Restaurant,Halal,Chinese,Tang Tea House - Jurong West,414 Jurong West Street 42 #01-783 Singapore 640414,West,"Lower in calories, Lower in sugar, No added sugar",640414
Tang Tea House Pte. Ltd.,Tang Tea House,Restaurant,Halal,Chinese,Tang Tea House - Changi Village,57 Lorong Bekukong Singapore 499173,East,"Lower in calories, Lower in sugar, No added sugar",499173
Temasek Polytechnic,Bistro Lab Cafeteria & Bakery,Café,,Other,Bistro Lab Cafeteria & Bakery,30 21 Tampines Avenue 1 #01-01 Bistro Lab Singapore 529757,East,"Lower in calories, Higher in wholegrains, Higher in wholegrains and lower in calories, Lower in sugar, No added sugar",529757
Temasek Polytechnic,Bistro Lab Cafeteria & Bakery,Café,,Other,Bistro Lab Cafeteria & Bakery,"21 Tampines Avenue 1, Blk 30 Level 1, Unit 01, Temasek Polytechnic, Bistro Lab Café Singapore 529757",East,"Lower in calories, Higher in wholegrains, Higher in wholegrains and lower in calories, Lower in sugar, No added sugar",529757
The Coffee Bean & Tea Leaf (Singapore) Pte Ltd,The Coffee Bean & Tea Leaf,Café,Halal,Western,The Coffee Bean & Tea Leaf - Ang Mo Kio Hub,53 Ang Mo Kio Avenue 3 #B1-21A AMK Hub Singapore 569933,North-East,Lower in calories,569933
The Coffee Bean & Tea Leaf (Singapore) Pte Ltd,The Coffee Bean & Tea Leaf,Café,Halal,Western,The Coffee Bean & Tea Leaf - Bishan,9 Bishan Place #01-34 Junction 8 Singapore 579837,Central,Lower in calories,579837
The Coffee Bean & Tea Leaf (Singapore) Pte Ltd,The Coffee Bean & Tea Leaf,Café,Halal,Western,The Coffee Bean & Tea Leaf - Bugis+,201 Victoria Street #01-06 Singapore 188067,Central,Lower in calories,188067
The Coffee Bean & Tea Leaf (Singapore) Pte Ltd,The Coffee Bean & Tea Leaf,Café,Halal,Western,The Coffee Bean & Tea Leaf - Bukit Batok Central,1 Bukit Batok Central Link #01-09 West Mall Singapore 658713,West,Lower in calories,658713
The Coffee Bean & Tea Leaf (Singapore) Pte Ltd,The Coffee Bean & Tea Leaf,Café,Halal,Western,The Coffee Bean & Tea Leaf - Causeway Point,1 Woodlands Square #02-33/K2 Causeway Point Singapore 738099,North,Lower in calories,738099
The Coffee Bean & Tea Leaf (Singapore) Pte Ltd,The Coffee Bean & Tea Leaf,Café,Halal,Western,The Coffee Bean & Tea Leaf - Century Square,2 Tampines Central 5 #01-19 Century Square Singapore 529509,East,Lower in calories,529509
The Coffee Bean & Tea Leaf (Singapore) Pte Ltd,The Coffee Bean & Tea Leaf,Café,Halal,Western,The Coffee Bean & Tea Leaf - Changi Business Park,5 Changi Business Park Central 1 #01-41 Changi Business Park Singapore 486038,East,Lower in calories,486038
The Coffee Bean & Tea Leaf (Singapore) Pte Ltd,The Coffee Bean & Tea Leaf,Café,Halal,Western,The Coffee Bean & Tea Leaf - Chinatown Point,133 New Bridge Road #02-55 Chinatown Point Singapore 059413,Central,Lower in calories,59413
The Coffee Bean & Tea Leaf (Singapore) Pte Ltd,The Coffee Bean & Tea Leaf,Café,Halal,Western,The Coffee Bean & Tea Leaf - City Square,180 Kitchener Road #02-K14 City Square Mall Singapore 208539,Central,Lower in calories,208539
The Coffee Bean & Tea Leaf (Singapore) Pte Ltd,The Coffee Bean & Tea Leaf,Café,Halal,Western,The Coffee Bean & Tea Leaf - Compass One,1 Sengkang Square #02-11 Compass One Singapore 545078,North-East,Lower in calories,545078
The Coffee Bean & Tea Leaf (Singapore) Pte Ltd,The Coffee Bean & Tea Leaf,Café,Halal,Western,The Coffee Bean & Tea Leaf - Downtown East,1 Pasir Ris Close #02-106 E!Hub @ Downtown East Singapore 519599,East,Lower in calories,519599
The Coffee Bean & Tea Leaf (Singapore) Pte Ltd,The Coffee Bean & Tea Leaf,Café,Halal,Western,The Coffee Bean & Tea Leaf - Great World City,1 Kim Seng Promenade #02-K101 Great World City Singapore 237994,Central,Lower in calories,237994
The Coffee Bean & Tea Leaf (Singapore) Pte Ltd,The Coffee Bean & Tea Leaf,Café,Halal,Western,The Coffee Bean & Tea Leaf - Greenwich V,1 Seletar Road #02-01 Greenwich V Singapore 807011,North-East,Lower in calories,807011
The Coffee Bean & Tea Leaf (Singapore) Pte Ltd,The Coffee Bean & Tea Leaf,Café,Halal,Western,The Coffee Bean & Tea Leaf - Guthrie House,1 Fifth Avenue #01-04 Guthrie House Singapore 268802,Central,Lower in calories,268802
The Coffee Bean & Tea Leaf (Singapore) Pte Ltd,The Coffee Bean & Tea Leaf,Café,Halal,Western,The Coffee Bean & Tea Leaf - JCube,2 Jurong East Central 1 #01-22/23 JCube Singapore 609731,West,Lower in calories,609731
The Coffee Bean & Tea Leaf (Singapore) Pte Ltd,The Coffee Bean & Tea Leaf,Café,Halal,Western,The Coffee Bean & Tea Leaf - Jurong Point,1 Jurong West Central #01-16E Jurong Point Singapore 648886,West,Lower in calories,648886
The Coffee Bean & Tea Leaf (Singapore) Pte Ltd,The Coffee Bean & Tea Leaf,Café,Halal,Western,The Coffee Bean & Tea Leaf - Kallang Leisure Park,5 Stadium Walk #01-09 Leisure Park Kallang Singapore 397693,Central,Lower in calories,397693
The Coffee Bean & Tea Leaf (Singapore) Pte Ltd,The Coffee Bean & Tea Leaf,Café,Halal,Western,The Coffee Bean & Tea Leaf - Lot One,21 Chua Chu Kang Avenue 4 #01-01 Lot One Singapore 689812,West,Lower in calories,689812
The Coffee Bean & Tea Leaf (Singapore) Pte Ltd,The Coffee Bean & Tea Leaf,Café,Halal,Western,The Coffee Bean & Tea Leaf - Marine Cove,50 Beach View #01-02 Singapore 098253,Central,Lower in calories,98253
The Coffee Bean & Tea Leaf (Singapore) Pte Ltd,The Coffee Bean & Tea Leaf,Café,Halal,Western,The Coffee Bean & Tea Leaf - myVillage,1 Maju Avenue #B1-01/02/26 myVillage @ Serangoon Garden Singapore 556679,North-East,Lower in calories,556679
The Coffee Bean & Tea Leaf (Singapore) Pte Ltd,The Coffee Bean & Tea Leaf,Café,Halal,Western,The Coffee Bean & Tea Leaf - NEX,23 Serangoon Central #02-K10 NEX Singapore 556083,North-East,Lower in calories,556083
The Coffee Bean & Tea Leaf (Singapore) Pte Ltd,The Coffee Bean & Tea Leaf,Café,Halal,Western,The Coffee Bean & Tea Leaf - Northpoint City,1 Northpoint Drive #01-110 Northpoint City South Wing Singapore 768019,North,Lower in calories,768019
The Coffee Bean & Tea Leaf (Singapore) Pte Ltd,The Coffee Bean & Tea Leaf,Café,Halal,Western,The Coffee Bean & Tea Leaf - Orchard Link,2 Orchard Link #02-39 Singapore 237978,Central,Lower in calories,237978
The Coffee Bean & Tea Leaf (Singapore) Pte Ltd,The Coffee Bean & Tea Leaf,Café,Halal,Western,The Coffee Bean & Tea Leaf - Parkway Parade,80 Marine Parade Road #B1-83H Parkway Parade Singapore 449269,East,Lower in calories,449269
The Coffee Bean & Tea Leaf (Singapore) Pte Ltd,The Coffee Bean & Tea Leaf,Café,Halal,Western,The Coffee Bean & Tea Leaf - Plaza Singapura,68 Orchard Road #05-20 Plaza Singapura Singapore 238839,Central,Lower in calories,238839
The Coffee Bean & Tea Leaf (Singapore) Pte Ltd,The Coffee Bean & Tea Leaf,Café,Halal,Western,The Coffee Bean & Tea Leaf - The Rail Mall,422 Upper Bukit Timah Road The Rail Mall Singapore 678051,Central,Lower in calories,678051
The Coffee Bean & Tea Leaf (Singapore) Pte Ltd,The Coffee Bean & Tea Leaf,Café,Halal,Western,The Coffee Bean & Tea Leaf - Tiong Bahru Plaza,302 Tiong Bahru Road #01-112 Tiong Bahru Plaza Singapore 168732,Central,Lower in calories,168732
The Coffee Bean & Tea Leaf (Singapore) Pte Ltd,The Coffee Bean & Tea Leaf,Café,Halal,Western,The Coffee Bean & Tea Leaf (G&G) - Alexandra Road,460 Alexandra Road #02-41 Alexandra Centre (ARC) Singapore 119963,Central,Lower in calories,119963
The Coffee Bean & Tea Leaf (Singapore) Pte Ltd,The Coffee Bean & Tea Leaf,Café,Halal,Western,The Coffee Bean & Tea Leaf (G&G) - Esplanade Mall,8 Raffles Avenue #01-02/04 Esplanade Mall Singapore 039802,Central,Lower in calories,39802
The Coffee Bean & Tea Leaf (Singapore) Pte Ltd,The Coffee Bean & Tea Leaf,Café,Halal,Western,The Coffee Bean & Tea Leaf (G&G) - Harbourfront Centre,1 Maritime Square #02-124/125/126 Harbourfront Centre Singapore 099253,Central,Lower in calories,99253
The Coffee Bean & Tea Leaf (Singapore) Pte Ltd,The Coffee Bean & Tea Leaf,Café,Halal,Western,The Coffee Bean & Tea Leaf (G&G) - HDB Hub,480 Toa Payoh Lor 6 #01-12 HDB Hub Singapore 310480,Central,Lower in calories,310480
The Coffee Bean & Tea Leaf (Singapore) Pte Ltd,The Coffee Bean & Tea Leaf,Café,Halal,Western,The Coffee Bean & Tea Leaf (G&G) - IMM,2 Jurong East 21 #01-126 IMM Building Singapore 609601,West,Lower in calories,609601
The Coffee Bean & Tea Leaf (Singapore) Pte Ltd,The Coffee Bean & Tea Leaf,Café,Halal,Western,The Coffee Bean & Tea Leaf (G&G) - International Plaza,10 Anson Road #01-32 International Plaza Singapore 079903,Central,Lower in calories,79903
The Coffee Bean & Tea Leaf (Singapore) Pte Ltd,The Coffee Bean & Tea Leaf,Café,Halal,Western,The Coffee Bean & Tea Leaf (G&G) - Kallang Wave Mall,1 Stadium Place #01-44/45 Kallang Wave Mall Singapore 397628,Central,Lower in calories,397628
The Coffee Bean & Tea Leaf (Singapore) Pte Ltd,The Coffee Bean & Tea Leaf,Café,Halal,Western,The Coffee Bean & Tea Leaf (G&G) - KK Women's and Children's Hospital,100 Bukit Timah Road #01-K1 KK Women's and Children's Hospital Singapore 229899,Central,Lower in calories,229899
The Coffee Bean & Tea Leaf (Singapore) Pte Ltd,The Coffee Bean & Tea Leaf,Café,Halal,Western,The Coffee Bean & Tea Leaf (G&G) - National University Hospital,5 Lower Kent Ridge Road #01-10 National University Hospital Main Building Singapore 119074,West,Lower in calories,119074
The Coffee Bean & Tea Leaf (Singapore) Pte Ltd,The Coffee Bean & Tea Leaf,Café,Halal,Western,The Coffee Bean & Tea Leaf (G&G) - Singapore General Hospital,1 Outram Road Block 4 Level 1 Singapore General Hospital Singapore 169608,Central,Lower in calories,169608
The Coffee Bean & Tea Leaf (Singapore) Pte Ltd,The Coffee Bean & Tea Leaf,Café,Halal,Western,The Coffee Bean & Tea Leaf (G&G) - Singapore Post,10 Eunos Road 8 #01-144/145 Singapore Post Centre Singapore 408600,East,Lower in calories,408600
The Coffee Bean & Tea Leaf (Singapore) Pte Ltd,The Coffee Bean & Tea Leaf,Café,Halal,Western,The Coffee Bean & Tea Leaf (G&G) - Tan Tock Seng Hospital,11 Jalan Tan Tock Seng #01-16/17 Tan Tock Seng Hospital Main Lobby Singapore 308433,Central,Lower in calories,308433
The Coffee Bean & Tea Leaf (Singapore) Pte Ltd,The Coffee Bean & Tea Leaf,Café,Halal,Western,The Coffee Bean & Tea Leaf (G&G) - Velocity @ Novena Square,238 Thomson Square #02-04/K1 Velocity@Novena Square Singapore 307683,Central,Lower in calories,307683
The Coffee Bean & Tea Leaf (Singapore) Pte Ltd,The Coffee Bean & Tea Leaf,Café,Halal,Western,The Coffee Bean & Tea Leaf (G&G) - Waterway Point,83 Punggol Central #01-27 Waterway Point Singapore 828761,North-East,Lower in calories,828761
The Coffee Bean & Tea Leaf (Singapore) Pte Ltd,The Coffee Bean & Tea Leaf,Café,Halal,Western,The Coffee Bean & Tea Leaf (G&G) - City Square,180 Kitchener Road #02-K14 City Square Mall Singapore 208539,Central,Lower in calories,208539
THE GOLDEN WHALE INTERNATIONAL PTE. LTD.,THE WHALE TEA,Kiosk,,Bubble Tea,THE WHALE TEA (Lot One Shoppers' Mall),21 Choa Chu Kang Ave 4 #B1-25 Lot One Shoppers' Mall Singapore 689812,West,"Lower in sugar, No added sugar",689812
THE GOLDEN WHALE INTERNATIONAL PTE. LTD.,THE WHALE TEA,Kiosk,,Bubble Tea,THE WHALE TEA (Orchard Towers),1 Claymore Drive #02-01 Orchard Towers Singapore 229594,Central,"Lower in sugar, No added sugar",229594
THE GOLDEN WHALE INTERNATIONAL PTE. LTD.,THE WHALE TEA,Kiosk,,Bubble Tea,THE WHALE TEA (Rivervale Mall),11 Rivervale Crescent #01-14 Rivervale Mall Singapore 545082,North-East,"Lower in sugar, No added sugar",545082
THE GREEN BAR,Superfood Kitchen X The Green Bar,Café,,Western,Superfood Kitchen X The Green Bar @ T3,65 Airport Blvd #B2-25 Changi Airport Terminal 3 Singapore 819663,East,Higher in wholegrains and lower in calories,819663
THE GREEN BAR,Superfood Kitchen X The Green Bar,Café,,Western,Superfood Kitchen x The Green Bar @ Jurong Point,1 Jurong West Central 2 #3-25d/e Jurong Shopping Centre Singapore 648886,West,Higher in wholegrains and lower in calories,648886
THE GREEN BAR,Superfood Kitchen X The Green Bar,Café,,Western,Superfood Kitchen X The Green Bar,"252 North Bridge Rd, 179103 #B1-78 Raffles Shopping Centre Singapore 179103",South-West,Higher in wholegrains and lower in calories,179103
The Happy Flowers Pte Ltd,Pen & InC,Restaurant,,Western,Pen & InC,"76 Nanyang Drive, #01-01 NTU North Spine Tower Singapore 637331",West,"Lower in calories, No added sugar",637331
TOMORO COFFEE (SINGAPORE) PTE. LTD.,TOMORO COFFEE,Café,,Drinks,Woodlands Health,17 Woodlands Drive 17 #B2-12 Woodlands Health Singapore 737628,North,"Lower in sugar, No added sugar",737628
TOMORO COFFEE (SINGAPORE) PTE. LTD.,TOMORO COFFEE,Café,,Drinks,PLQ 3,2 Tanjong Katong Road #01-08A Paya Lebar Quarter 3 Singapore 437161,East,"Lower in sugar, No added sugar",437161
TOMORO COFFEE (SINGAPORE) PTE. LTD.,TOMORO COFFEE,Café,,Drinks,Khoo Teck Puat Hospital,90 Yishun Central #01-10 Khoo Teck Puat Hospital Singapore 768828,North,"Lower in sugar, No added sugar",768828
TOMORO COFFEE (SINGAPORE) PTE. LTD.,TOMORO COFFEE,Café,,Drinks,Sengkang Grand Mall,70 Compassvale Bow #01-04 Sengkang Grand Mall Singapore 544692,North-East,"Lower in sugar, No added sugar",544692
TOMORO COFFEE (SINGAPORE) PTE. LTD.,TOMORO COFFEE,Café,,Drinks,NUS,1 Hon Sui Sen Memorial Library #02-00 Hon Sui Sen Dr Singapore 117588,West,"Lower in sugar, No added sugar",117588
TOMORO COFFEE (SINGAPORE) PTE. LTD.,TOMORO COFFEE,Café,,Drinks,NUH,5 Lower Kent Ridge Rd #03-01 National University of Hospital Singapore 119074,West,"Lower in sugar, No added sugar",119074
TOMORO COFFEE (SINGAPORE) PTE. LTD.,TOMORO COFFEE,Café,,Drinks,Novena Square 2,10 Sinaran Drive #01-49/50 Novena Square 2 Singapore 307506,Central,"Lower in sugar, No added sugar",307506
TOMORO COFFEE (SINGAPORE) PTE. LTD.,TOMORO COFFEE,Café,,Drinks,The Linq @ Beauty World,118 Upper Bukit Timah Road The Linq @ Beauty World #01-25 The LINQ Singapore 588173,Central,"Lower in sugar, No added sugar",588173
TOMORO COFFEE (SINGAPORE) PTE. LTD.,TOMORO COFFEE,Café,,Drinks,Icon Link @ Club Street,8 Club Street Icon Link @ Club Street #B2-22/23 Icon Link Singapore 069472,Central,"Lower in sugar, No added sugar",69472
Tuan Yuan Pork Ribs Soup Pte Ltd,Tuan Yuan,Restaurant,,Chinese,Tuan Yuan,127 Kim Tian Road #01-01 Singapore 160127,Central,"Lower in calories, No added sugar",160127
WHEAT BAUMKUCHEN PTE LTD,Wheat,Restaurant,,Other,Wheat - Asia Square,8 Marina View ASQ Tower #02-02 Singapore 018960,Central,"Lower in calories, Higher in wholegrains and lower in calories, No added sugar",18960
WHEAT BAUMKUCHEN PTE LTD,Wheat,Restaurant,,Other,Wheat - Marina One,6 Straits View Marina One #B2-33 Singapore 018961,Central,"Lower in calories, Higher in wholegrains and lower in calories, No added sugar",18961
WHEAT BAUMKUCHEN PTE LTD,Wheat,Restaurant,,Other,Wheat - International Plaza,191 Anson Road International Plaza #01-19 Singapore 079903,Central,"Lower in calories, Higher in wholegrains and lower in calories, No added sugar",79903
WHEAT BAUMKUCHEN PTE LTD,Wheat,Restaurant,,Other,Wheat - One Raffles Place,1 Raffles Place #B1-23 One Raffles Place Singapore 048618,Central,"Lower in calories, Higher in wholegrains and lower in calories, No added sugar",48618
WHEAT BAUMKUCHEN PTE LTD,Wheat,Restaurant,,Other,Wheat - Raffles City,252 North Bridge Road Raffles City #B1-78 Singapore 179103,Central,"Lower in calories, Higher in wholegrains and lower in calories, No added sugar",179103
WHEAT BAUMKUCHEN PTE LTD,Wheat,Restaurant,,Other,Wheat - Suntec City,3 Temasek Boulevard #02-458 Suntec City Mall Singapore 038983,Central,"Lower in calories, Higher in wholegrains and lower in calories, No added sugar",38983
WOK HEY PTE. LTD.,WOK HEY,Kiosk,Halal,Western,WOK HEY Lot One,21 Choa Chu Kang Avenue 4 #B1-K27 Lot One Singapore 689812,West,"Lower in calories, Higher in wholegrains, Higher in wholegrains and lower in calories",689812
WOK HEY PTE. LTD.,WOK HEY,Kiosk,Halal,Western,WOK HEY Bedok Mall,311 New Upper Changi Road #B2-K9 Bedok Mall Singapore 467360,East,"Lower in calories, Higher in wholegrains, Higher in wholegrains and lower in calories",467360
WOK HEY PTE. LTD.,WOK HEY,Kiosk,Halal,Western,WOK HEY Bugis Junction,200 Victoria Street #B1-K03 Bugis Junction Singapore 188021,Central,"Lower in calories, Higher in wholegrains, Higher in wholegrains and lower in calories",188021
WOK HEY PTE. LTD.,WOK HEY,Kiosk,Halal,Western,WOK HEY Northpoint City,930 Yishun Avenue 2 #B1-41 Northpoint City Singapore 769098,North,"Lower in calories, Higher in wholegrains, Higher in wholegrains and lower in calories",769098
WOK HEY PTE. LTD.,WOK HEY,Kiosk,Halal,Western,WOK HEY Funan,109 North Bridge Road #B2-K01 Funan Singapore 179097,Central,"Lower in calories, Higher in wholegrains, Higher in wholegrains and lower in calories",179097
WOK HEY PTE. LTD.,WOK HEY,Kiosk,Halal,Western,WOK HEY AMK Hub,53 Ang Mo Kio Avenue 3 #01-36 AMK Hub Singapore 569933,North-East,"Lower in calories, Higher in wholegrains, Higher in wholegrains and lower in calories",569933
WOK HEY PTE. LTD.,WOK HEY,Kiosk,Halal,Western,WOK HEY Hougang Mall,99 Hougang Avenue 10 #01-40 Hougang Mall Singapore 538766,North-East,"Lower in calories, Higher in wholegrains, Higher in wholegrains and lower in calories",538766
WOK HEY PTE. LTD.,WOK HEY,Kiosk,Halal,Western,WOK HEY City Square Mall,180 Kitchener Road #B1-36 City Square Mall Singapore 208539,Central,"Lower in calories, Higher in wholegrains, Higher in wholegrains and lower in calories",208539
WOK HEY PTE. LTD.,WOK HEY,Kiosk,Halal,Western,WOK HEY Raffles City,252 North Bridge Road #B1-72 Raffles City Singapore 179103,Central,"Lower in calories, Higher in wholegrains, Higher in wholegrains and lower in calories",179103
WOK HEY PTE. LTD.,WOK HEY,Kiosk,Halal,Western,WOK HEY IMM,2 Jurong East Street 21 #01-K02 IMM Singapore 609601,West,"Lower in calories, Higher in wholegrains, Higher in wholegrains and lower in calories",609601
WOK HEY PTE. LTD.,WOK HEY,Kiosk,Halal,Western,WOK HEY Junction 8,9 Bishan Place #B1-11 Junction 8 Singapore 579837,Central,"Lower in calories, Higher in wholegrains, Higher in wholegrains and lower in calories",579837
WOK HEY PTE. LTD.,WOK HEY,Kiosk,Halal,Western,WOK HEY White Sands,1 Pasir Ris Central Street 3 #B1-K05 White Sands Singapore 518457,East,"Lower in calories, Higher in wholegrains, Higher in wholegrains and lower in calories",518457
WOK HEY PTE. LTD.,WOK HEY,Kiosk,Halal,Western,WOK HEY Causeway Point,1 Woodlands Square #B1-K13 Causeway Point Singapore 738099,North,"Lower in calories, Higher in wholegrains, Higher in wholegrains and lower in calories",738099
WOK HEY PTE. LTD.,WOK HEY,Kiosk,Halal,Western,WOK HEY Tiong Bahru Plaza,302 Tiong Bahru Road #B1-113 Tiong Bahru Plaza Singapore 168732,Central,"Lower in calories, Higher in wholegrains, Higher in wholegrains and lower in calories",168732
WOK HEY PTE. LTD.,WOK HEY,Kiosk,Halal,Western,WOK HEY The Clementi Mall,3155 Commonwealth Avenue West #B1-K22 The Clementi Mall Singapore 129588,West,"Lower in calories, Higher in wholegrains, Higher in wholegrains and lower in calories",129588
WOK HEY PTE. LTD.,WOK HEY,Kiosk,Halal,Western,WOK HEY Bukit Panjang Plaza,1 Jelebu Road #01-69 Bukit Panjang Plaza Singapore 677743,West,"Lower in calories, Higher in wholegrains, Higher in wholegrains and lower in calories",677743
WOK HEY PTE. LTD.,WOK HEY,Kiosk,Halal,Western,WOK HEY Paya Lebar Square,60 Paya Lebar Road #01-62 Paya Lebar Square Singapore 409051,Central,"Lower in calories, Higher in wholegrains, Higher in wholegrains and lower in calories",409051
WOK HEY PTE. LTD.,WOK HEY,Kiosk,Halal,Western,WOK HEY Plaza Singapura,68 Orchard Road #B2-31 Plaza Singapura Singapore 238839,Central,"Lower in calories, Higher in wholegrains, Higher in wholegrains and lower in calories",238839
WOK HEY PTE. LTD.,WOK HEY,Kiosk,Halal,Western,WOK HEY Republic Plaza,9 Raffles Place #B1-15 Republic Plaza Singapore 048619,Central,"Lower in calories, Higher in wholegrains, Higher in wholegrains and lower in calories",48619
WOK HEY PTE. LTD.,WOK HEY,Kiosk,Halal,Western,WOK HEY Alexandra Retail Centre,460 Alexandra Road #01-12 Alexandra Retail Centre Singapore 119963,Central,"Lower in calories, Higher in wholegrains, Higher in wholegrains and lower in calories",119963
WOK HEY PTE. LTD.,WOK HEY,Kiosk,Halal,Western,WOK HEY Velocity@Novena,238 Thomson Road #01-23 Velocity@Novena Singapore 307683,Central,"Lower in calories, Higher in wholegrains, Higher in wholegrains and lower in calories",307683
WOK HEY PTE. LTD.,WOK HEY,Kiosk,Halal,Western,WOK HEY VivoCity,1 Harbourfront Walk #B2-K23 VivoCity Singapore 098585,Central,"Lower in calories, Higher in wholegrains, Higher in wholegrains and lower in calories",98585
WOK HEY PTE. LTD.,WOK HEY,Kiosk,Halal,Western,WOK HEY Chinatown Point,133 New Bridge Road #B1-52C Chinatown Point Singapore 059413,Central,"Lower in calories, Higher in wholegrains, Higher in wholegrains and lower in calories",59413
WOK HEY PTE. LTD.,WOK HEY,Kiosk,Halal,Western,WOK HEY Compass One,1 Sengkang Square #B1-42 Compass One Singapore 545078,North-East,"Lower in calories, Higher in wholegrains, Higher in wholegrains and lower in calories",545078
WOK HEY PTE. LTD.,WOK HEY,Kiosk,Halal,Western,WOK HEY Sun Plaza,30 Sembawang Drive #B1-39 Sun Plaza Singapore 757713,North,"Lower in calories, Higher in wholegrains, Higher in wholegrains and lower in calories",757713
WOK HEY PTE. LTD.,WOK HEY,Kiosk,Halal,Western,WOK HEY Heartland Mall,"205 Hougang St 21, Heartland Mall, #01-23, Singapore 530205",North-East,"Lower in calories, Higher in wholegrains, Higher in wholegrains and lower in calories",530205
WOK HEY PTE. LTD.,WOK HEY,Kiosk,Halal,Western,WOK HEY Changi City Point,5 Changi Business Park Central 1 #B1-07 Changi City Point Singapore 486038,East,"Lower in calories, Higher in wholegrains, Higher in wholegrains and lower in calories",486038
WOK HEY PTE. LTD.,WOK HEY,Kiosk,Halal,Western,WOK HEY Waterway Point,83 Punggol Central #02-615 Waterway Point Singapore 828761,North-East,"Lower in calories, Higher in wholegrains, Higher in wholegrains and lower in calories",828761
WOK HEY PTE. LTD.,WOK HEY,Kiosk,Halal,Western,WOK HEY NEX,23 Serangoon Central #B2-10 NEX Singapore 556083,North-East,"Lower in calories, Higher in wholegrains, Higher in wholegrains and lower in calories",556083
WOK HEY PTE. LTD.,WOK HEY,Kiosk,Halal,Western,WOK HEY Guoco Tower,1 Wallich Street Guoco Tower #B2-21 Singapore 078884,Central,"Lower in calories, Higher in wholegrains, Higher in wholegrains and lower in calories",78884
WOK HEY PTE. LTD.,WOK HEY,Kiosk,Halal,Western,WOK HEY Our Tampines Hub,1 Tampines Walk #01-82A Our Tampines Hub Singapore 528523,East,"Lower in calories, Higher in wholegrains, Higher in wholegrains and lower in calories",528523
WOK HEY PTE. LTD.,WOK HEY,Kiosk,Halal,Western,WOK HEY Jem,50 Jurong Gateway Road #B1-K10 Jem Singapore 608549,West,"Lower in calories, Higher in wholegrains, Higher in wholegrains and lower in calories",608549
WOK HEY PTE. LTD.,WOK HEY,Kiosk,Halal,Western,WOK HEY Bukit Batok MRT,10 Bukit Batok Central #01-15 Bukit Batok MRT Station Singapore 659958,West,"Lower in calories, Higher in wholegrains, Higher in wholegrains and lower in calories",659958
WOK HEY PTE. LTD.,WOK HEY,Kiosk,Halal,Western,WOK HEY Suntec City,3 Temasek Boulevard #02-615 Suntec City Mall Singapore 038983,Central,"Lower in calories, Higher in wholegrains, Higher in wholegrains and lower in calories",38983
WOK HEY PTE. LTD.,WOK HEY,Kiosk,Halal,Western,WOK HEY The Woodleigh Mall,11 Bidadari Park Drive #B1-K4 The Woodleigh Mall Singapore 367803,Central,"Lower in calories, Higher in wholegrains, Higher in wholegrains and lower in calories",367803
WOK HEY PTE. LTD.,WOK HEY,Kiosk,Halal,Western,WOK HEY Tampines 1,10 Tampines Central 1 #B1-K12 Tampines 1 Singapore 529536,East,"Lower in calories, Higher in wholegrains, Higher in wholegrains and lower in calories",529536
WOK HEY PTE. LTD.,WOK HEY,Kiosk,Halal,Western,WOK HEY Jurong Point,"63 Jurong West Central 3, Jurong Point, #03-89G Singapore 648331",West,"Lower in calories, Higher in wholegrains, Higher in wholegrains and lower in calories",648331
WOK HEY PTE. LTD.,WOK HEY,Kiosk,Halal,Western,WOK HEY Simei MRT,30 Simei Street 3 #01-03 Simei MRT Singapore 529888,East,"Lower in calories, Higher in wholegrains, Higher in wholegrains and lower in calories",529888
WOK HEY PTE. LTD.,WOK HEY,Kiosk,Halal,Western,WOK HEY The Seletar Mall,33 Sengkang West Avenue #B1-K5 The Seletar Mall Singapore 797653,North-East,"Lower in calories, Higher in wholegrains, Higher in wholegrains and lower in calories",797653
WOOBBEE PTE LTD,Woobbee,Kiosk,,Other,Woobbee - Shaw Tower,100 Beach Road #01-53 Shaw Towers Singapore 189702,Central,Lower in sugar,189702
WOOBBEE PTE LTD,Woobbee,Kiosk,,Other,Woobbee - Chinatown Point,133 New Bridge Road #02-26 Chinatown Point Singapore 059413,Central,Lower in sugar,59413
WOOBBEE PTE LTD,Woobbee,Kiosk,,Other,Woobbee - Tanjong Pagar Plaza,1 Tanjong Pagar Plaza #01-18 Tanjong Pagar Plaza Singapore 082001,Central,Lower in sugar,82001
WOOBBEE PTE LTD,Woobbee,Kiosk,,Bubble Tea,Woobbee - Tanjong Pagar Plaza,"1 Tanjong Pagar Plaza #01-18, Tanjong Pagar Plaza Singapore 082001",Central,"Lower in sugar, No added sugar",82001
WOOBBEE PTE LTD,Woobbee,Kiosk,,Bubble Tea,Woobbee - Shaw Tower,"100 Beach Road, Shaw Towers #01-53 Singapore 189702",Central,"Lower in sugar, No added sugar",189702
WOOBBEE PTE LTD,Woobbee,Kiosk,,Bubble Tea,Woobbee - Chinatown Point,"133 New Bridge Road, Chinatown Point #02-26 Singapore 059413",Central,"Lower in sugar, No added sugar",59413
Wrapster Food (S) Pte. Ltd.,Punjab Grill,Restaurant,,Indian,Punjab Grill - The Shoppes @ Marina Bay Sands,2 Bayfront Avenue #B1-01A The Shoppes @ Marina Bay Sands Singapore 018972,Central,"Lower in calories, Lower in sugar, No added sugar",18972
YA KUN CAFE PTE. LTD.,Ya Kun Kaya Toast,Café,,Chinese,Ya Kun Kaya Toast - Marina Square,6 Raffles Boulevard #02-207A Marina Square Singapore 039594,Central,"Lower in sugar, No added sugar",39594
YA KUN CAFE PTE. LTD.,Ya Kun Kaya Toast,Café,,Chinese,Ya Kun Kaya Toast - Far East Plaza,14 Scotts Road #01-16 Far East Plaza Singapore 228213,Central,"Lower in sugar, No added sugar",228213
YA KUN CAFE PTE. LTD.,Ya Kun Kaya Toast,Café,,Chinese,Ya Kun Kaya Toast - Paya Lebar Square,60 Paya Lebar #01-87 Paya Lebar Square Singapore 409051,East,"Lower in sugar, No added sugar",409051
YA KUN CAFE PTE. LTD.,Ya Kun Kaya Toast,Café,,Chinese,Ya Kun Family Cafe - West Mall,1 Bukit Batok Central Link #01-10/41 West Mall Singapore 658713,West,"Lower in sugar, No added sugar",658713
YA KUN CAFE PTE. LTD.,Ya Kun Kaya Toast,Café,,Chinese,Ya Kun Kaya Toast - People's Park Centre,101 Upper Cross Street Level 1 Atrium People's Park Centre Singapore 058357,Central,"Lower in sugar, No added sugar",58357
YA KUN CAFE PTE. LTD.,Ya Kun Kaya Toast,Café,,Chinese,Ya Kun Kaya Toast - Jcube,2 Jurong East Central 1 #01-09A JCube Singapore 609731,West,"Lower in sugar, No added sugar",609731
YA KUN CAFE PTE. LTD.,Ya Kun Kaya Toast,Café,,Chinese,Ya Kun Kaya Toast - City Square Mall,180 Kitchener Road #B2-K-12/23 City Square Mall Singapore 208539,Central,"Lower in sugar, No added sugar",208539
YA KUN CAFE PTE. LTD.,Ya Kun Kaya Toast,Café,,Chinese,Ya Kun Kaya Toast - Tiong Bahru Plaza,302 Tiong Bahru Road #B1-138 Tiong Bahru Plaza Singapore 168732,Central,"Lower in sugar, No added sugar",168732
YA KUN CAFE PTE. LTD.,Ya Kun Kaya Toast,Café,,Chinese,Ya Kun Kaya Toast - NEX Mall,23 Serangoon Central #B2-46 NEX Mall Singapore 556083,North-East,"Lower in sugar, No added sugar",556083
YA KUN CAFE PTE. LTD.,Ya Kun Kaya Toast,Café,,Chinese,Ya Kun Kaya Toast - Parkway Parade,80 Marine Parade Road #01-14B Parkway Parde Singapore 449269,East,"Lower in sugar, No added sugar",449269
YA KUN CAFE PTE. LTD.,Ya Kun Kaya Toast,Café,,Chinese,Ya Kun Kaya Toast - Paragon,290 Orchard Road #B1-38 Paragon Singapore 238859,Central,"Lower in sugar, No added sugar",238859
YA KUN CAFE PTE. LTD.,Ya Kun Kaya Toast,Café,,Chinese,Ya Kun Kaya Toast - Changi City Point,5 Changi Business Park Central 1 #B1-K1 Changi City Point Singapore 486038,East,"Lower in sugar, No added sugar",486038
YA KUN CAFE PTE. LTD.,Ya Kun Kaya Toast,Café,,Chinese,Ya Kun Kaya Toast - The Seletar Mall,33 Sengkang West Avenue #B1-20/21 The Seletar Mall Singapore 797653,North-East,"Lower in sugar, No added sugar",797653
YA KUN CAFE PTE. LTD.,Ya Kun Kaya Toast,Café,,Chinese,Ya Kun Kaya Toast - Bedok Mall,311 New Upper Changi Road #01-12 Bedok Mall Singapore 467360,East,"Lower in sugar, No added sugar",467360
YA KUN CAFE PTE. LTD.,Ya Kun Kaya Toast,Café,,Chinese,Ya Kun Kaya Toast - ION Orchard,2 Orchard Turn #B4-49 ION Orchard Singapore 238801,Central,"Lower in sugar, No added sugar",238801
YA KUN CAFE PTE. LTD.,Ya Kun Kaya Toast,Café,,Chinese,Ya Kun Family Cafe - Causeway Point,1 Woodlands Square #B1-23 Causeway Point Singapore 738099,North,"Lower in sugar, No added sugar",738099
YA KUN CAFE PTE. LTD.,Ya Kun Kaya Toast,Café,,Chinese,Ya Kun Kaya Toast - Plaza Singapura,68 Orchard Road #04-70/71 Plaza Singapura Singapore 238839,Central,"Lower in sugar, No added sugar",238839
YA KUN CAFE PTE. LTD.,Ya Kun Kaya Toast,Café,,Chinese,Ya Kun Kaya Toast - Lot One,21 Choa Chu Kang Avenue 4 #B1-K4/K5 Lot One Singapore 689812,West,"Lower in sugar, No added sugar",689812
YA KUN CAFE PTE. LTD.,Ya Kun Kaya Toast,Café,,Chinese,Ya Kun Kaya Toast - Waterway Point,83 Punggol Central #b2-K12 Waterway Point Singapore 828761,North-East,"Lower in sugar, No added sugar",828761
YA KUN CAFE PTE. LTD.,Ya Kun Kaya Toast,Café,,Chinese,Ya Kun Kaya Toast - The Metropolis,9 North Buona Vista Drive #01-02 The Metropolis Singapore 138588,Central,"Lower in sugar, No added sugar",138588
YA KUN CAFE PTE. LTD.,Ya Kun Kaya Toast,Café,,Chinese,Ya Kun Kaya Toast - Canberra Plaza,133 Canberra View #01-25 Canberra Plaza Singapore 750133,North,"Lower in sugar, No added sugar",750133
YA KUN CAFE PTE. LTD.,Ya Kun Kaya Toast,Café,,Chinese,Ya Kun Kaya Toast - The Clementi Mall,3155 Commonwealth Avenue West #B1-23 The Clementi Mall Singapore 129588,West,"Lower in sugar, No added sugar",129588
YA KUN CAFE PTE. LTD.,Ya Kun Kaya Toast,Café,,Chinese,Ya Kun Kaya Toast - Northpoint City,930 Yishun Avenue 2 #Bq-22-24 Northpoint City Singapore 769098,North,"Lower in sugar, No added sugar",769098
YA KUN CAFE PTE. LTD.,Ya Kun Kaya Toast,Café,,Chinese,Ya Kun Kaya Toast - Thomson Plaza,301 Upper Thomson Road #01-95 Thomson Plaza Singapore 574408,Central,"Lower in sugar, No added sugar",574408
YA KUN CAFE PTE. LTD.,Ya Kun Kaya Toast,Café,,Chinese,Ya Kun Kaya Toast - Ng Teng Fong General Hospital,1 Jurong East Street 21 Tower A #02-12 Ng Teng Fong General Hospital Singapore 609606,West,"Lower in sugar, No added sugar",609606
YA KUN CAFE PTE. LTD.,Ya Kun Kaya Toast,Café,,Chinese,Ya Kun Kaya Toast - Singapore Changi Airport Terminal 1,80 Airport Boulevard #02-K19 Singapore Changi Airport Terminal 1 Singapore 819642,East,"Lower in sugar, No added sugar",819642
YA KUN CAFE PTE. LTD.,Ya Kun Kaya Toast,Café,,Chinese,Ya Kun Kaya Toast - Fusionopolis,1 Fusionopolis Way #B1-15 Fusionopolis Singapore 138632,Central,"Lower in sugar, No added sugar",138632
YA KUN CAFE PTE. LTD.,Ya Kun Kaya Toast,Café,,Chinese,Ya Kun Kaya Toast - Harbourfront Centre,1 Maritime Square #03-59 Harbourfront Centre Singapore 099253,South,"Lower in sugar, No added sugar",99253
YA KUN CAFE PTE. LTD.,Ya Kun Kaya Toast,Café,,Chinese,Ya Kun Kaya Toast - Hillion Mall,17 Petir Road #B2-23/24 Hillion Mall Singapore 678278,North,"Lower in sugar, No added sugar",678278
YA KUN CAFE PTE. LTD.,Ya Kun Kaya Toast,Café,,Chinese,Ya Kun Kaya Toast - Suntec City Mall (Basement 1),3 Temasek Boulevard #B1-104 Suntec City Mall Singapore 038983,Central,"Lower in sugar, No added sugar",38983
YA KUN CAFE PTE. LTD.,Ya Kun Kaya Toast,Café,,Chinese,Ya Kun Kaya Toast - Century Square,2 Tampines Central #B1-21 Century Square Singapore 529509,East,"Lower in sugar, No added sugar",529509
YA KUN CAFE PTE. LTD.,Ya Kun Kaya Toast,Café,,Chinese,Ya Kun Family Cafe - OUE Downtown Gallery,6 Shenton Way #03-24 OUE Downtown Gallery Singapore 068809,Central,"Lower in sugar, No added sugar",68809
YA KUN CAFE PTE. LTD.,Ya Kun Kaya Toast,Café,,Chinese,Ya Kun Kaya Toast - Jem,50 Jurong Gateway Road #B1-39 Jem Singapore 608549,West,"Lower in sugar, No added sugar",608549
YA KUN CAFE PTE. LTD.,Ya Kun Kaya Toast,Café,,Chinese,Ya Kun Kaya Toast - Fortune Centre,190 Middle Road #01-09 Fortune Centre Singapore 188979,Central,"Lower in sugar, No added sugar",188979
YA KUN CAFE PTE. LTD.,Ya Kun Kaya Toast,Café,,Chinese,Ya Kun Kaya Toast - Kampong Admiralty,676 Woodlands Drive 7 #01-18 Kampung Admiralty Singapore 730676,North,"Lower in sugar, No added sugar",730676
YA KUN CAFE PTE. LTD.,Ya Kun Kaya Toast,Café,,Chinese,Ya Kun Kaya Toast - Oasis Terraces,681 Punggol Drive #B1-10-12 Oasis Terraces Singapore 820681,North-East,"Lower in sugar, No added sugar",820681
YA KUN CAFE PTE. LTD.,Ya Kun Kaya Toast,Café,,Chinese,Ya Kun Family Cafe - E!hub@Downtown East,1 Pasir Ris Close #02-107/8 E!hub@Downtwn East Singapore 519599,East,"Lower in sugar, No added sugar",519599
YA KUN CAFE PTE. LTD.,Ya Kun Kaya Toast,Café,,Chinese,Ya Kun Kaya Toast - Takashimaya,391A Orchard Road Takashimaya Singapore 238872,Central,"Lower in sugar, No added sugar",238872
YA KUN CAFE PTE. LTD.,Ya Kun Kaya Toast,Café,,Chinese,Ya Kun Kaya Toast - SHELL Jalan Ahmad Ibrahim,311 Jalan Ahmad Ibrahim SHELL Jalan Ahmad Ibrahim Singapore 619595,West,"Lower in sugar, No added sugar",619595
YA KUN CAFE PTE. LTD.,Ya Kun Kaya Toast,Café,,Chinese,Ya Kun Family Cafe - HDB Hub,490 Toa Payoh Lorong 6 #01-16 HDB Hub Singapore 310490,Central,"Lower in sugar, No added sugar",310490
YA KUN CAFE PTE. LTD.,Ya Kun Kaya Toast,Café,,Chinese,Ya Kun Family Cafe - Compass One,1 Sengkang Square #01-37 Compass One Singapore 545078,North-East,"Lower in sugar, No added sugar",545078
YA KUN CAFE PTE. LTD.,Ya Kun Kaya Toast,Café,,Chinese,Ya Kun Kaya Toast - Heartland Mall,205 Hougang Street #02-32/33 Heartland Mall Singapore 530205,North-East,"Lower in sugar, No added sugar",530205
YA KUN CAFE PTE. LTD.,Ya Kun Kaya Toast,Café,,Chinese,Ya Kun Kaya Toast - Funan,107 North Bridge Road #B2-06 Funan Singapore 179105,Central,"Lower in sugar, No added sugar",179105
YA KUN CAFE PTE. LTD.,Ya Kun Kaya Toast,Café,,Chinese,Ya Kun Kaya Toast - One Raffles Place,1 Raffles Place #B1-13 One Raffles Place Singapore 048616,Central,"Lower in sugar, No added sugar",48616
YA KUN CAFE PTE. LTD.,Ya Kun Kaya Toast,Café,,Chinese,Ya Kun Kaya Toast - Yew Tee Point,21 Choa Chu Kang North 6 #01-46-48 Yew Tee Point Singapore 689578,West,"Lower in sugar, No added sugar",689578
YA KUN CAFE PTE. LTD.,Ya Kun Kaya Toast,Café,,Chinese,Ya Kun Kaya Toast (Flagship) - Far East Square,18 China Street #01-01 Far East Square Singapore 049560,Central,"Lower in sugar, No added sugar",49560
YA KUN CAFE PTE. LTD.,Ya Kun Kaya Toast,Café,,Chinese,Ya Kun Kaya Toast - Junction 8,9 Bishan Place #B1-26 Junction 8 Singapore 579837,Central,"Lower in sugar, No added sugar",579837
YA KUN CAFE PTE. LTD.,Ya Kun Kaya Toast,Café,,Chinese,Ya Kun Kaya Toast - United Square Shopping Mall,101 Thomson Road #B1-38 United Square Shopping Mall Singapore 307591,Central,"Lower in sugar, No added sugar",307591
YA KUN CAFE PTE. LTD.,Ya Kun Kaya Toast,Café,,Chinese,Ya Kun Kaya Toast - Raffles City,252 North Bridge Road #B1-80 Raffles City Singapore 179103,Central,"Lower in sugar, No added sugar",179103
YA KUN CAFE PTE. LTD.,Ya Kun Kaya Toast,Café,,Chinese,Ya Kun Kaya Toast - Suntec City Mall (Level 2),3 Temasek Boulevard #02-349 Suntec City Mall Singapore 038983,Central,"Lower in sugar, No added sugar",38983
YA KUN CAFE PTE. LTD.,Ya Kun Kaya Toast,Café,,Chinese,Ya Kun Kaya Toast - Hong Leong Building,16 Raffles Quay #B1-46 Hong Leong Building Singapore 048581,Central,"Lower in sugar, No added sugar",48581
YA KUN CAFE PTE. LTD.,Ya Kun Kaya Toast,Café,,Chinese,Ya Kun Kaya Toast - Beach Road,345 Beach Road Singapore 199568,Central,"Lower in sugar, No added sugar",199568
YA KUN CAFE PTE. LTD.,Ya Kun Kaya Toast,Café,,Chinese,Ya Kun Kaya Toast - Clarke Quay Central,6 Eu Tong Sen Street #01-31 Clarke Quay Central Singapore 059817,Central,"Lower in sugar, No added sugar",59817
YA KUN CAFE PTE. LTD.,Ya Kun Kaya Toast,Café,,Chinese,Ya Kun Family Cafe - Jurong Point Shopping Mall,1 Jurong West Central #02-K1/K2 Jurong Point Shopping Mall Singapore 648886,West,"Lower in sugar, No added sugar",648886
YA KUN CAFE PTE. LTD.,Ya Kun Kaya Toast,Café,,Chinese,Ya Kun Kaya Toast - Great World City,1 Kim Seng Promenade #01-135 Great World City Singapore 237994,Central,"Lower in sugar, No added sugar",237994
YA KUN CAFE PTE. LTD.,Ya Kun Kaya Toast,Café,,Chinese,Ya Kun Kaya Toast - White Sands Shopping Centre,1 Pasir Ris Central Street 13 #B1-22/23 White Sands Shopping Central Singapore 518457,East,"Lower in sugar, No added sugar",518457
YA KUN CAFE PTE. LTD.,Ya Kun Kaya Toast,Café,,Chinese,Ya Kun Kaya Toast - Holland Piazza,3 Lorong Liput #B1-10-14 Holland Piazza Singapore 277725,Central,"Lower in sugar, No added sugar",277725
YA KUN CAFE PTE. LTD.,Ya Kun Kaya Toast,Café,,Chinese,Ya Kun Kaya Toast - Frasers Tower,182 Cecil Street #02-06 Frasers Tower Singapore 069547,Central,"Lower in sugar, No added sugar",69547
YA KUN CAFE PTE. LTD.,Ya Kun Kaya Toast,Café,,Chinese,Ya Kun Kaya Toast - IMM,2 Jurong East Street 21 #01-50 IMM Singapore 609601,West,"Lower in sugar, No added sugar",609601
YA KUN CAFE PTE. LTD.,Ya Kun Kaya Toast,Café,,Chinese,Ya Kun Kaya Toast - Sun Plaza,30 Sembawang Drive #B1-42/45 Sun Plaza Singapore 757713,North,"Lower in sugar, No added sugar",757713
YA KUN CAFE PTE. LTD.,Ya Kun Kaya Toast,Café,,Chinese,Ya Kun Kaya Toast - Eastpoint Mall,3 Simei Street 6 #02-K8 Eastpoint Mall Singapore 528833,East,"Lower in sugar, No added sugar",528833
YA KUN CAFE PTE. LTD.,Ya Kun Kaya Toast,Café,,Chinese,Ya Kun Kaya Toast - VivoCity,1 Harbourfront Walk #B2-26 VivoCity Singapore 098585,South,"Lower in sugar, No added sugar",98585
YA KUN CAFE PTE. LTD.,Ya Kun Kaya Toast,Café,,Chinese,Ya Kun Kaya Toast - Tekka Place,2 Serangoon Road #01-09-11 Tekka Place Singapore 218227,North-East,"Lower in sugar, No added sugar",218227
YA KUN CAFE PTE. LTD.,Ya Kun Kaya Toast,Café,,Chinese,Ya Kun Kaya Toast - Bugis Junction,200 Victoria Street #B1-11 Bugis Junction Singapore 188024,Central,"Lower in sugar, No added sugar",188024
YA KUN CAFE PTE. LTD.,Ya Kun Kaya Toast,Café,,Chinese,Ya Kun Kaya Toast - 100AM,100 Tras Street #02-16 100AM Singapore 079027,Central,"Lower in sugar, No added sugar",79027
YA KUN CAFE PTE. LTD.,Ya Kun Kaya Toast,Café,,Chinese,Ya Kun Family Cafe - Singapore Changi Airport Terminal 3,65 Airport Boulevard T3 #B2-LF3 Singapore Changi Airport Terminal 3 Singapore 819663,East,"Lower in sugar, No added sugar",819663
YA KUN CAFE PTE. LTD.,Ya Kun Kaya Toast,Café,,Chinese,Ya Kun Kaya Toast - Aperia Mall,12 Kallang Avenue #01-33 Aperia Mall Singapore 339511,Central,"Lower in sugar, No added sugar",339511
YA KUN CAFE PTE. LTD.,Ya Kun Kaya Toast,Café,,Chinese,Ya Kun Kaya Toast - TANGS,310-320 Orchard Road #B1-02 TANGS Singapore 238864,Central,"Lower in sugar, No added sugar",238864
YA KUN CAFE PTE. LTD.,Ya Kun Kaya Toast,Café,,Chinese,Ya Kun Kaya Toast - SAFRA Toa Payoh,293 Toa Payoh Lorong 6 #01-01 SAFRA Toa Payoh Singapore 319387,Central,"Lower in sugar, No added sugar",319387
YA KUN CAFE PTE. LTD.,Ya Kun Kaya Toast,Café,,Drinks,Ya Kun Kaya Toast - Marina Square,6 Raffles Boulevard #02-207A Marina Square Singapore 039594,Central,"Lower in sugar, No added sugar",39594
YA KUN CAFE PTE. LTD.,Ya Kun Kaya Toast,Café,,Drinks,Ya Kun Kaya Toast - Far East Plaza,14 Scotts Road #01-16 Far East Plaza Singapore 228213,Central,"Lower in sugar, No added sugar",228213
YA KUN CAFE PTE. LTD.,Ya Kun Kaya Toast,Café,,Drinks,Ya Kun Kaya Toast - Paya Lebar Square,60 Paya Lebar #01-87 Paya Lebar Square Singapore 409051,Central,"Lower in sugar, No added sugar",409051
YA KUN CAFE PTE. LTD.,Ya Kun Kaya Toast,Café,,Drinks,Ya Kun Family Cafe - West Mall,1 Bukit Batok Central Link #01-10/41 West Mall Singapore 658713,West,"Lower in sugar, No added sugar",658713
YA KUN CAFE PTE. LTD.,Ya Kun Kaya Toast,Café,,Drinks,Ya Kun Kaya Toast - Tiong Bahru Plaza,302 Tiong Bahru Road #B1-138 Tiong Bahru Plaza Singapore 168732,Central,"Lower in sugar, No added sugar",168732
YA KUN CAFE PTE. LTD.,Ya Kun Kaya Toast,Café,,Drinks,Ya Kun Kaya Toast - NEX Mall,23 Serangoon Central #B2-46 NEX Mall Singapore 556083,North-East,"Lower in sugar, No added sugar",556083
YA KUN CAFE PTE. LTD.,Ya Kun Kaya Toast,Café,,Drinks,Ya Kun Kaya Toast - Parkway Parade,80 Marine Parade Road #01-14B Parkway Parde Singapore 449269,East,"Lower in sugar, No added sugar",449269
YA KUN CAFE PTE. LTD.,Ya Kun Kaya Toast,Café,,Drinks,Ya Kun Kaya Toast - Paragon,290 Orchard Road #B1-38 Paragon Singapore 238859,Central,"Lower in sugar, No added sugar",238859
YA KUN CAFE PTE. LTD.,Ya Kun Kaya Toast,Café,,Drinks,Ya Kun Kaya Toast - The Seletar Mall,33 Sengkang West Avenue #B1-20/21 The Seletar Mall Singapore 797653,North-East,"Lower in sugar, No added sugar",797653
YA KUN CAFE PTE. LTD.,Ya Kun Kaya Toast,Café,,Drinks,Ya Kun Kaya Toast - Bedok Mall,311 New Upper Changi Road #01-12 Bedok Mall Singapore 467360,East,"Lower in sugar, No added sugar",467360
YA KUN CAFE PTE. LTD.,Ya Kun Kaya Toast,Café,,Drinks,Ya Kun Kaya Toast - ION Orchard,2 Orchard Turn #B4-49 ION Orchard Singapore 238801,Central,"Lower in sugar, No added sugar",238801
YA KUN CAFE PTE. LTD.,Ya Kun Kaya Toast,Café,,Drinks,Ya Kun Family Cafe - Causeway Point,1 Woodlands Square #B1-23 Causeway Point Singapore 738099,North,"Lower in sugar, No added sugar",738099
YA KUN CAFE PTE. LTD.,Ya Kun Kaya Toast,Café,,Drinks,Ya Kun Kaya Toast - Plaza Singapura,68 Orchard Road #04-70/71 Plaza Singapura Singapore 238839,Central,"Lower in sugar, No added sugar",238839
YA KUN CAFE PTE. LTD.,Ya Kun Kaya Toast,Café,,Drinks,Ya Kun Kaya Toast - Lot One,21 Choa Chu Kang Avenue 4 #B1-K4/K5 Lot One Singapore 689812,West,"Lower in sugar, No added sugar",689812
YA KUN CAFE PTE. LTD.,Ya Kun Kaya Toast,Café,,Drinks,Ya Kun Kaya Toast - Waterway Point,83 Punggol Central #b2-K12 Waterway Point Singapore 828761,North-East,"Lower in sugar, No added sugar",828761
YA KUN CAFE PTE. LTD.,Ya Kun Kaya Toast,Café,,Drinks,Ya Kun Kaya Toast - The Metropolis,9 North Buona Vista Drive #01-02 The Metropolis Singapore 138588,Central,"Lower in sugar, No added sugar",138588
YA KUN CAFE PTE. LTD.,Ya Kun Kaya Toast,Café,,Drinks,Ya Kun Kaya Toast - Canberra Plaza,133 Canberra View #01-25 Canberra Plaza Singapore 750133,North,"Lower in sugar, No added sugar",750133
YA KUN CAFE PTE. LTD.,Ya Kun Kaya Toast,Café,,Drinks,Ya Kun Kaya Toast - The Clementi Mall,3155 Commonwealth Avenue West #B1-23 The Clementi Mall Singapore 129588,West,"Lower in sugar, No added sugar",129588
YA KUN CAFE PTE. LTD.,Ya Kun Kaya Toast,Café,,Drinks,Ya Kun Kaya Toast - Northpoint City,930 Yishun Avenue 2 #B1-22-24 Northpoint City Singapore 769098,North,"Lower in sugar, No added sugar",769098
YA KUN CAFE PTE. LTD.,Ya Kun Kaya Toast,Café,,Drinks,Ya Kun Kaya Toast - Thomson Plaza,301 Upper Thomson Road #01-95 Thomson Plaza Singapore 574408,Central,"Lower in sugar, No added sugar",574408
YA KUN CAFE PTE. LTD.,Ya Kun Kaya Toast,Café,,Drinks,Ya Kun Kaya Toast - Ng Teng Fong General Hospital,1 Jurong East Street 21 Tower A #02-12 Ng Teng Fong General Hospital Singapore 609606,West,"Lower in sugar, No added sugar",609606
YA KUN CAFE PTE. LTD.,Ya Kun Kaya Toast,Café,,Drinks,Ya Kun Kaya Toast - Fusionopolis,1 Fusionopolis Way #B1-15 Fusionopolis Singapore 138632,Central,"Lower in sugar, No added sugar",138632
YA KUN CAFE PTE. LTD.,Ya Kun Kaya Toast,Café,,Drinks,Ya Kun Kaya Toast - Harbourfront Centre,1 Maritime Square #03-59 Harbourfront Centre Singapore 099253,Central,"Lower in sugar, No added sugar",99253
YA KUN CAFE PTE. LTD.,Ya Kun Kaya Toast,Café,,Drinks,Ya Kun Kaya Toast - Hillion Mall,17 Petir Road #B2-23/24 Hillion Mall Singapore 678278,West,"Lower in sugar, No added sugar",678278
YA KUN CAFE PTE. LTD.,Ya Kun Kaya Toast,Café,,Drinks,Ya Kun Kaya Toast - Suntec City Mall (Basement 1),3 Temasek Boulevard #B1-104 Suntec City Mall Singapore 038983,Central,"Lower in sugar, No added sugar",38983
YA KUN CAFE PTE. LTD.,Ya Kun Kaya Toast,Café,,Drinks,Ya Kun Kaya Toast - Century Square,2 Tampines Central #B1-21 Century Square Singapore 529509,East,"Lower in sugar, No added sugar",529509
YA KUN CAFE PTE. LTD.,Ya Kun Kaya Toast,Café,,Drinks,Ya Kun Kaya Toast - Jem,50 Jurong Gateway Road #B1-39 Jem Singapore 608549,West,"Lower in sugar, No added sugar",608549
YA KUN CAFE PTE. LTD.,Ya Kun Kaya Toast,Café,,Drinks,Ya Kun Kaya Toast - Fortune Centre,190 Middle Road #01-09 Fortune Centre Singapore 188979,Central,"Lower in sugar, No added sugar",188979
YA KUN CAFE PTE. LTD.,Ya Kun Kaya Toast,Café,,Drinks,Ya Kun Kaya Toast - Kampong Admiralty,676 Woodlands Drive 7 #01-18 Kampung Admiralty Singapore 730676,North,"Lower in sugar, No added sugar",730676
YA KUN CAFE PTE. LTD.,Ya Kun Kaya Toast,Café,,Drinks,Ya Kun Kaya Toast - Oasis Terraces,681 Punggol Drive #B1-10-12 Oasis Terraces Singapore 820681,North-East,"Lower in sugar, No added sugar",820681
YA KUN CAFE PTE. LTD.,Ya Kun Kaya Toast,Café,,Drinks,Ya Kun Family Cafe - E!hub@Downtown East,1 Pasir Ris Close #02-107/8 E!hub@Downtwn East Singapore 519599,East,"Lower in sugar, No added sugar",519599
YA KUN CAFE PTE. LTD.,Ya Kun Kaya Toast,Café,,Drinks,Ya Kun Kaya Toast - SHELL Jalan Ahmad Ibrahim,311 Jalan Ahmad Ibrahim SHELL Jalan Ahmad Ibrahim Singapore 619595,West,"Lower in sugar, No added sugar",619595
YA KUN CAFE PTE. LTD.,Ya Kun Kaya Toast,Café,,Drinks,Ya Kun Family Cafe - HDB Hub,490 Toa Payoh Lorong 6 #01-16 HDB Hub Singapore 310490,Central,"Lower in sugar, No added sugar",310490
YA KUN CAFE PTE. LTD.,Ya Kun Kaya Toast,Café,,Drinks,Ya Kun Family Cafe - Compass One,1 Sengkang Square #01-37 Compass One Singapore 545078,North-East,"Lower in sugar, No added sugar",545078
YA KUN CAFE PTE. LTD.,Ya Kun Kaya Toast,Café,,Drinks,Ya Kun Kaya Toast - Heartland Mall,205 Hougang Street #02-32/33 Heartland Mall Singapore 530205,North-East,"Lower in sugar, No added sugar",530205
YA KUN CAFE PTE. LTD.,Ya Kun Kaya Toast,Café,,Drinks,Ya Kun Kaya Toast - Funan,107 North Bridge Road #B2-06 Funan Singapore 179105,Central,"Lower in sugar, No added sugar",179105
YA KUN CAFE PTE. LTD.,Ya Kun Kaya Toast,Café,,Drinks,Ya Kun Kaya Toast - One Raffles Place,1 Raffles Place #B1-13 One Raffles Place Singapore 048616,Central,"Lower in sugar, No added sugar",48616
YA KUN CAFE PTE. LTD.,Ya Kun Kaya Toast,Café,,Drinks,Ya Kun Kaya Toast - Yew Tee Point,21 Choa Chu Kang North 6 #01-46-48 Yew Tee Point Singapore 689578,West,"Lower in sugar, No added sugar",689578
YA KUN CAFE PTE. LTD.,Ya Kun Kaya Toast,Café,,Drinks,Ya Kun Kaya Toast (Flagship) - Far East Square,18 China Street #01-01 Far East Square Singapore 049560,Central,"Lower in sugar, No added sugar",49560
YA KUN CAFE PTE. LTD.,Ya Kun Kaya Toast,Café,,Drinks,Ya Kun Kaya Toast - Junction 8,9 Bishan Place #B1-26 Junction 8 Singapore 579837,Central,"Lower in sugar, No added sugar",579837
YA KUN CAFE PTE. LTD.,Ya Kun Kaya Toast,Café,,Drinks,Ya Kun Kaya Toast - United Square Shopping Mall,101 Thomson Road #B1-38 United Square Shopping Mall Singapore 307591,Central,"Lower in sugar, No added sugar",307591
YA KUN CAFE PTE. LTD.,Ya Kun Kaya Toast,Café,,Drinks,Ya Kun Kaya Toast - Suntec City Mall (Level 2),3 Temasek Boulevard #02-349 Suntec City Mall Singapore 038983,Central,"Lower in sugar, No added sugar",38983
YA KUN CAFE PTE. LTD.,Ya Kun Kaya Toast,Café,,Drinks,Ya Kun Kaya Toast - Hong Leong Building,16 Raffles Quay #B1-46 Hong Leong Building Singapore 048581,Central,"Lower in sugar, No added sugar",48581
YA KUN CAFE PTE. LTD.,Ya Kun Kaya Toast,Café,,Drinks,Ya Kun Kaya Toast - Beach Road,345 Beach Road Singapore 199568,Central,"Lower in sugar, No added sugar",199568
YA KUN CAFE PTE. LTD.,Ya Kun Kaya Toast,Café,,Drinks,Ya Kun Kaya Toast - Clarke Quay Central,6 Eu Tong Sen Street #01-31 Clarke Quay Central Singapore 059817,Central,"Lower in sugar, No added sugar",59817
YA KUN CAFE PTE. LTD.,Ya Kun Kaya Toast,Café,,Drinks,Ya Kun Family Cafe - Jurong Point Shopping Mall,1 Jurong West Central #02-K1/K2 Jurong Point Shopping Mall Singapore 648886,West,"Lower in sugar, No added sugar",648886
YA KUN CAFE PTE. LTD.,Ya Kun Kaya Toast,Café,,Drinks,Ya Kun Kaya Toast - Great World City,1 Kim Seng Promenade #01-135 Great World City Singapore 237994,Central,"Lower in sugar, No added sugar",237994
YA KUN CAFE PTE. LTD.,Ya Kun Kaya Toast,Café,,Drinks,Ya Kun Kaya Toast - White Sands Shopping Centre,1 Pasir Ris Central Street 13 #B1-22/23 White Sands Shopping Central Singapore 518457,East,"Lower in sugar, No added sugar",518457
YA KUN CAFE PTE. LTD.,Ya Kun Kaya Toast,Café,,Drinks,Ya Kun Kaya Toast - Frasers Tower,182 Cecil Street #02-06 Frasers Tower Singapore 069547,Central,"Lower in sugar, No added sugar",69547
YA KUN CAFE PTE. LTD.,Ya Kun Kaya Toast,Café,,Drinks,Ya Kun Kaya Toast - IMM,2 Jurong East Street 21 #01-50 IMM Singapore 609601,West,"Lower in sugar, No added sugar",609601
YA KUN CAFE PTE. LTD.,Ya Kun Kaya Toast,Café,,Drinks,Ya Kun Kaya Toast - Sun Plaza,30 Sembawang Drive #B1-42/45 Sun Plaza Singapore 757713,North,"Lower in sugar, No added sugar",757713
YA KUN CAFE PTE. LTD.,Ya Kun Kaya Toast,Café,,Drinks,Ya Kun Kaya Toast - Eastpoint Mall,3 Simei Street 6 #02-K8 Eastpoint Mall Singapore 528833,East,"Lower in sugar, No added sugar",528833
YA KUN CAFE PTE. LTD.,Ya Kun Kaya Toast,Café,,Drinks,Ya Kun Kaya Toast - VivoCity,1 Harbourfront Walk #B2-26 VivoCity Singapore 098585,Central,"Lower in sugar, No added sugar",98585
YA KUN CAFE PTE. LTD.,Ya Kun Kaya Toast,Café,,Drinks,Ya Kun Kaya Toast - Bugis Junction,200 Victoria Street #B1-11 Bugis Junction Singapore 188024,Central,"Lower in sugar, No added sugar",188024
YA KUN CAFE PTE. LTD.,Ya Kun Kaya Toast,Café,,Drinks,Ya Kun Kaya Toast - 100AM,100 Tras Street #02-16 100AM Singapore 079027,Central,"Lower in sugar, No added sugar",79027
YA KUN CAFE PTE. LTD.,Ya Kun Kaya Toast,Café,,Drinks,Ya Kun Family Cafe - Singapore Changi Airport Terminal 3,65 Airport Boulevard T3 #B2-LF3 Singapore Changi Airport Terminal 3 Singapore 819663,East,"Lower in sugar, No added sugar",819663
YA KUN CAFE PTE. LTD.,Ya Kun Kaya Toast,Café,,Drinks,Ya Kun Kaya Toast - Aperia Mall,12 Kallang Avenue #01-33 Aperia Mall Singapore 339511,Central,"Lower in sugar, No added sugar",339511
YA KUN CAFE PTE. LTD.,Ya Kun Kaya Toast,Café,,Drinks,Ya Kun Kaya Toast - TANGS,310-320 Orchard Road #B1-02 TANGS Singapore 238864,Central,"Lower in sugar, No added sugar",238864
YA KUN CAFE PTE. LTD.,Ya Kun Kaya Toast,Café,,Drinks,Ya Kun Kaya Toast - SAFRA Toa Payoh,293 Toa Payoh Lorong 6 #01-01 SAFRA Toa Payoh Singapore 319387,Central,"Lower in sugar, No added sugar",319387
YA KUN CAFE PTE. LTD.,Ya Kun Kaya Toast,Café,,Drinks,Ya Kun Kaya Toast - Bukit Timah Plaza,1 Jalan Anak Bukit #B1-52B Singapore 588996,Central,"Lower in sugar, No added sugar",588996
YA KUN CAFE PTE. LTD.,Ya Kun Kaya Toast,Café,,Drinks,Ya Kun Kaya Toast - Sembawang Shopping Centre,"604 Sembawang Rd, Sembawang Shopping Centre #01-20 Singapore 758459",North,"Lower in sugar, No added sugar",758459
YA KUN CAFE PTE. LTD.,Ya Kun Kaya Toast,Café,,Drinks,Ya Kun Kaya Toast - The Woodleigh Mall,11 Bidadari Park Drive B1-07/K30/K31 Singapore 367803,Central,"Lower in sugar, No added sugar",367803
YA KUN CAFE PTE. LTD.,Ya Kun Kaya Toast,Café,,Drinks,Ya Kun Kaya Toast - Chinatown Point,"133 New Bridge Rd, Chinatown Point #B2-14/15 Singapore 059413",Central,"Lower in sugar, No added sugar",59413
YA KUN CAFE PTE. LTD.,Ya Kun Kaya Toast,Café,,Drinks,Ya Kun Kaya Toast - Maxwell,297 South Bridge Road Singapore 058839,Central,"Lower in sugar, No added sugar",58839
YA KUN CAFE PTE. LTD.,Ya Kun Kaya Toast,Café,,Drinks,Ya Kun Kaya Toast - Bukit Panjang Plaza,"1 Jelebu Rd, Bukit Panjang Plaza #02-01A Singapore 677743",West,"Lower in sugar, No added sugar",677743
YA KUN CAFE PTE. LTD.,Ya Kun Kaya Toast,Café,,Drinks,Ya Kun Kaya Toast - Plaza 8,1 Changi Business Park Cres #01-08 Singapore 486025,East,"Lower in sugar, No added sugar",486025
YA KUN CAFE PTE. LTD.,Ya Kun Kaya Toast,Café,,Drinks,Ya Kun Kaya Toast - Shaw Plaza,360 Balestier Road #01-14 Singapore 329783,Central,"Lower in sugar, No added sugar",329783
YA KUN CAFE PTE. LTD.,Ya Kun Kaya Toast,Café,,Drinks,Ya Kun Kaya Toast - ARTRA Condominium,12 Alexandra View #01-08 Singapore 158741,Central,"Lower in sugar, No added sugar",158741
YA KUN CAFE PTE. LTD.,Ya Kun Kaya Toast,Café,,Drinks,Ya Kun Kaya Toast - Jubilee Square,61 Ang Mo Kio ave 8 #01-13/16 Singapore 569814,North-East,"Lower in sugar, No added sugar",569814
YA KUN CAFE PTE. LTD.,Ya Kun Kaya Toast,Café,,Drinks,Ya Kun Kaya Toast - Margaret Market,38 Margaret Drive #02-05 Singapore 141038,Central,"Lower in sugar, No added sugar",141038
YA KUN CAFE PTE. LTD.,Ya Kun Kaya Toast,Café,,Drinks,Ya Kun Kaya Toast - 313 Somerset,"313 Orchard Road, #01-32/33/34, 313 Somerset, Singapore 238895",Central,"Lower in sugar, No added sugar",238895
YA KUN CAFE PTE. LTD.,Ya Kun Kaya Toast,Café,,Drinks,Ya Kun Kaya Toast - Westgate,"3 Gateway, #B1-K1 to K4, Westgate, Singapore 608532",West,"Lower in sugar, No added sugar",608532
YA KUN CAFE PTE. LTD.,Ya Kun Kaya Toast,Café,,Drinks,Ya Kun Kaya Toast - Rail Mall,"478 Upper Bukit Timah Road, Rail Mall. Singapore 678084",Central,"Lower in sugar, No added sugar",678084
YA KUN CAFE PTE. LTD.,Ya Kun Kaya Toast,Café,,Drinks,Ya Kun Kaya Toast - Anchorvale Village,"339 Anchorvale Road, Anchorvale Village, Singapore 540339",North-East,"Lower in sugar, No added sugar",540339
YA KUN CAFE PTE. LTD.,Ya Kun Kaya Toast,Café,,Drinks,Ya Kun Kaya Toast - AMK Hub,"53 Ang Mo Kio Avenue, #B1-63, Ang Mo Kio Hub, Singapore 569933",North-East,"Lower in sugar, No added sugar",569933
YA KUN CAFE PTE. LTD.,Ya Kun Kaya Toast,Café,,Drinks,Ya Kun Kaya Toast - Citi Link Mall,"1 Raffles Link, #B1-04, Citi Link Mall, Singapore 039393",Central,"Lower in sugar, No added sugar",39393
YA KUN CAFE PTE. LTD.,Ya Kun Kaya Toast,Café,,Drinks,Ya Kun Kaya Toast - The Cathay,"2 Handy Road, #B1-134, The Cathay, Singapore 229233",Central,"Lower in sugar, No added sugar",229233
YA KUN CAFE PTE. LTD.,Ya Kun Kaya Toast,Café,,Drinks,Ya Kun Kaya Toast - Woods Square,"6 Woodlands Square, #01-02, Woods Square, Singapore 737737",North,"Lower in sugar, No added sugar",737737
YA KUN CAFE PTE. LTD.,Ya Kun Kaya Toast,Café,,Drinks,Ya Kun Kaya Toast - City Square Shopping Centre,"180 Kitchener Road, #B1-K18 City Square Shopping Centre, Singapore 208539",Central,"Lower in sugar, No added sugar",208539
YA KUN CAFE PTE. LTD.,Ya Kun Kaya Toast,Café,,Drinks,Ya Kun Kaya Toast - Raffles City Shopping Centre,"252 North Bridge Road, #B1-05 Raffles City Shopping Centre, Singapore 179103",Central,"Lower in sugar, No added sugar",179103
YA KUN CAFE PTE. LTD.,Ya Kun Kaya Toast,Café,,Drinks,Ya Kun Kaya Toast - Punggol Coast Mall,"84 Punggol Way,#02-53, Tower 3, Punggol Coast Mall, Singapore 829911",North-East,"Lower in sugar, No added sugar",829911
Ya Kun International Pte Ltd,Ya Kun Kaya Toast,Café,,Drinks,Ya Kun Kaya Toast - The Poiz Centre,51 Upper Serangoon Road #01-34 Singapore 347697,North-East,"Lower in sugar, No added sugar",347697
Ya Kun International Pte Ltd,Ya Kun Kaya Toast,Café,,Drinks,Ya Kun Kaya Toast - One Holland Village,7 Holland Village Way #02-45 Singapore 275748,Central,"Lower in sugar, No added sugar",275748
Ya Kun International Pte Ltd,Ya Kun Kaya Toast,Café,,Drinks,Ya Kun Kaya Toast - Anchorpoint Shopping Centre,370 Alexandra Road #B1-57 Singapore 159953,Central,"Lower in sugar, No added sugar",159953
Ya Kun International Pte Ltd,Ya Kun Kaya Toast,Café,,Drinks,Ya Kun Kaya Toast - 61 Robinson Road,61 Robinson Road #01-01 Singapore 068893,Central,"Lower in sugar, No added sugar",68893
Yikowei Pte Ltd,Yikowei,Kiosk,Halal,Chinese,Bai Cao Wei,391 Orchard Road #B207-6-1 Takashimaya Shopping Centre Singapore 238873,Central,"Lower in sugar, No added sugar",238873
Yikowei Pte Ltd,Yikowei,Kiosk,Halal,Chinese,Granny’s Secret Restaurant,60 Albert Street #02-07 OG Albert Complex Singapore 189969,Central,"Lower in sugar, No added sugar",189969
Yikowei Pte Ltd,Yikowei,Kiosk,Halal,Chinese,Yi Kou Wei Changi T3,65 Airport Boulevard #B2-30 Singapore Changi Airport Terminal 3 Singapore 819663,East,"Lower in sugar, No added sugar",819663
Yikowei Pte Ltd,Yikowei,Kiosk,Halal,Drinks,Bai Cao Wei,391 Orchard Road #B207-6-1 Takashimaya Shopping Centre Singapore 238873,Central,"Lower in sugar, No added sugar",238873
Yoshinoya (S) Pte Ltd,YOSHINOYA,Restaurant,Halal,Japanese,YOSHINOYA @ BEDOK MALL,311 New Upper Changi Road #B2-30 Bedok Mall Singapore 467360,East,Lower in calories,467360
Yoshinoya (S) Pte Ltd,YOSHINOYA,Restaurant,Halal,Japanese,YOSHINOYA @ BUGIS JUCTION,200 Victoria Street #B1-10 Bugis Junction Singapore 188024,Central,Lower in calories,188024
Yoshinoya (S) Pte Ltd,YOSHINOYA,Restaurant,Halal,Japanese,YOSHINOYA @ CAUSEWAY POINT,1 Woodlands Square #01-12 Causeway Point Singapore 738099,North,Lower in calories,738099
Yoshinoya (S) Pte Ltd,YOSHINOYA,Restaurant,Halal,Japanese,YOSHINOYA @ COMPASS ONE,1 Sengkang Square #01-35 Compass 1 Singapore 545078,North-East,Lower in calories,545078
Yoshinoya (S) Pte Ltd,YOSHINOYA,Restaurant,Halal,Japanese,YOSHINOYA @ HARBOURFRONT CENTRE,1 Maritime Square #02-72/73 HarbourFront Centre Singapore 099253,Central,Lower in calories,99253
Yoshinoya (S) Pte Ltd,YOSHINOYA,Restaurant,Halal,Japanese,YOSHINOYA @ HOME TEAMNS KHATIB,2 Yishun Walk #01-07 HOME TEAMNS Singapore 767944,North,Lower in calories,767944
Yoshinoya (S) Pte Ltd,YOSHINOYA,Restaurant,Halal,Japanese,YOSHINOYA @ JUNCTION 8,9 Bishan Place #01-49/50 Junction 8 Singapore 579837,Central,Lower in calories,579837
Yoshinoya (S) Pte Ltd,YOSHINOYA,Restaurant,Halal,Japanese,YOSHINOYA @ LOYANG POINT,258 Pasir Ris Street 21 #01-22/26 Singapore 510258,East,Lower in calories,510258
Yoshinoya (S) Pte Ltd,YOSHINOYA,Restaurant,Halal,Japanese,YOSHINOYA @ MILLENIA WALK,9 Raffles Blvd #01-106 MILLENIA WALK Singapore 039596,Central,Lower in calories,39596
Yoshinoya (S) Pte Ltd,YOSHINOYA,Restaurant,Halal,Japanese,YOSHINOYA @ NEX,23 Serangoon Central #B1-36/37 NEX Singapore 556083,North-East,Lower in calories,556083
Yoshinoya (S) Pte Ltd,YOSHINOYA,Restaurant,Halal,Japanese,YOSHINOYA @ OUR TEMPINES HUB,1 Tampines Walk #B1-K1/K2 Our Tampines Hub Singapore 528523,East,Lower in calories,528523
Yoshinoya (S) Pte Ltd,YOSHINOYA,Restaurant,Halal,Japanese,YOSHINOYA @ STAR VISTA,1 Vista Exchange Green #02-07 The Star Vista Singapore 138617,Central,Lower in calories,138617
Yoshinoya (S) Pte Ltd,YOSHINOYA,Restaurant,Halal,Japanese,YOSHINOYA@ARTRA MALL,12 Alexandar View #01-03 Artra Mall Singapore 158736,Central,Lower in calories,158736
Yoshinoya (S) Pte Ltd,YOSHINOYA,Restaurant,Halal,Japanese,YOSHINOYA@THE CATHAY,2 Handy Rd #B1-08 The Cathay Singapore 229233,Central,Lower in calories,229233
Yoz! Salad Pte Ltd,Yoz! Salad Pte Ltd,Quick Service Restaurant/Fast Food,,Western,Yoz! Salad - Le Quest,4 Bukit Batok Street 41 #01-18 Le Quest Singapore 657991,West,Lower in calories,657991
Zensho Food Singapore,Long John Silver's,Quick Service Restaurant/Fast Food,Halal,Western,Heartbeat,11 Bedok North Street 1 #1-13 Heartbeat@Bedok Singapore 469662,East,"Lower in calories, Lower in sugar, No added sugar",469662
Zensho Food Singapore,Long John Silver's,Quick Service Restaurant/Fast Food,Halal,Western,Yew Tee,"21 Choa Chu Kang North 6, #B1-36/38/39 Yew Tee Point, Singapore 689578 #B1-36-38 Yew Tee Point Singapore 689578",West,"Lower in calories, Lower in sugar, No added sugar",689578
Zensho Food Singapore,Long John Silver's,Quick Service Restaurant/Fast Food,Halal,Western,Wood Square,"6 Woodlands Square, #B2-19, Singapore 737737 #B2-19 Woodlands Square Singapore 737737",North,"Lower in calories, Lower in sugar, No added sugar",737737
Zensho Food Singapore,Long John Silver's,Quick Service Restaurant/Fast Food,Halal,Western,Wisteria Mall,598 Wisteria Mall 598 Yishun Ring Road #01-17/18 & #01-55/56 (S) 768698 #1-17/18 Wisteria Mall Singapore 768698,North,"Lower in calories, Lower in sugar, No added sugar",768698
Zensho Food Singapore,Long John Silver's,Quick Service Restaurant/Fast Food,Halal,Western,Westgate,"3 Gateway Drive, #B1-10 Westgate, Singapore 608532 #B1-10 Westgate Singapore 608532",West,"Lower in calories, Lower in sugar, No added sugar",608532
Zensho Food Singapore,Long John Silver's,Quick Service Restaurant/Fast Food,Halal,Western,West Coast Plaza,"154 154 West Coast Road, West Coast Plaza, B1 - 49, Singapore 127371 #B1-49 West Coast Plaza Singapore 127371",West,"Lower in calories, Lower in sugar, No added sugar",127371
Zensho Food Singapore,Long John Silver's,Quick Service Restaurant/Fast Food,Halal,Western,Tiong Bahru,"302 Tiong Bahru Road, #01-160 Tiong Bahru Plaza, Singapore 168732 #1-160 Tiong Bahru Plaza Singapore 168732",Central,"Lower in calories, Lower in sugar, No added sugar",168732
Zensho Food Singapore,Long John Silver's,Quick Service Restaurant/Fast Food,Halal,Western,Tampines Mall,"4 Tampines Central 5, #04-23/24/25 Tampines Mall, Singapore 529510 #4-23-25 Tampines Mall Singapore 529510",East,"Lower in calories, Lower in sugar, No added sugar",529510
Zensho Food Singapore,Long John Silver's,Quick Service Restaurant/Fast Food,Halal,Western,Spore Post Ctr,"10 SingPost @ 10 Eunos Road 8, #01-149   ( S ) 408600 #1-149 Spore Post Ctr Singapore 408600",Central,"Lower in calories, Lower in sugar, No added sugar",408600
Zensho Food Singapore,Long John Silver's,Quick Service Restaurant/Fast Food,Halal,Western,Tai Seng,18 Tai Seng Street #01-31/32 & K7 Singapore 539775 #1-31/32 Singapore 539775,Central,"Lower in calories, Lower in sugar, No added sugar",539775
Zensho Food Singapore,Long John Silver's,Quick Service Restaurant/Fast Food,Halal,Western,Rivervale Mall,"11 Rivervale Crescent, #01-28A Rivervale Mall, Singapore 545082 #1-28 Rivervale Mall Singapore 545082",Central,"Lower in calories, Lower in sugar, No added sugar",545082
Zensho Food Singapore,Long John Silver's,Quick Service Restaurant/Fast Food,Halal,Western,Northpoint,"930 Yishun Ave 2, #01-14 Northpoint Shopping Centre, Singapore 769098 #1-14 Northpoint Shopping Centre Singapore 769098",North,"Lower in calories, Lower in sugar, No added sugar",769098
Zensho Food Singapore,Long John Silver's,Quick Service Restaurant/Fast Food,Halal,Western,Jurong Point,"63 Jurong West central  #03-09/10/11, Jurong Point Shopping Centre Singapore 648331. #3-09-11 Jurong Point Singapore 648331",West,"Lower in calories, Lower in sugar, No added sugar",648331
Zensho Food Singapore,Long John Silver's,Quick Service Restaurant/Fast Food,Halal,Western,Hougang Mall,"90 Hougang Ave 10, #B1-27/28 Hougang Mall, Singapore 538766 #B1-27/28 Hougang Mall Singapore 538766",North-East,"Lower in calories, Lower in sugar, No added sugar",538766
Zensho Food Singapore,Long John Silver's,Quick Service Restaurant/Fast Food,Halal,Western,Junction 8 Mall,"9 Bishan Place, #01-19A Junction 8 Shopping Centre, Singapore 579837 #1-19A Junction 8 Mall Singapore 579834",Central,"Lower in calories, Lower in sugar, No added sugar",579837
Zensho Food Singapore,Long John Silver's,Quick Service Restaurant/Fast Food,Halal,Western,Hillion Mall,17 Petir Road B1-57/58/59 Singapore 678278 #B1-57-59 Hillion Mall Singapore 678278,North,"Lower in calories, Lower in sugar, No added sugar",678278
Zensho Food Singapore,Long John Silver's,Quick Service Restaurant/Fast Food,Halal,Western,Eastpoint Mall,"3 Simei Street 6, #01-32 East Point Mall, Singapore 528833 #1-32 Eastpoint Mall Singapore 528833",East,"Lower in calories, Lower in sugar, No added sugar",528833
Zensho Food Singapore,Long John Silver's,Quick Service Restaurant/Fast Food,Halal,Western,Commonwealth,"88 Tanglin Halt Road, #01-09, Singapore 141088 #1-09 Singapore 141088",Central,"Lower in calories, Lower in sugar, No added sugar",141088
Zensho Food Singapore,Long John Silver's,Quick Service Restaurant/Fast Food,Halal,Western,Admiralty,"676 Woodland Drive 71, #01-05 & #01-12 ( S ) 730676 #1-05&12 Kampong Admiralty Singapore 730676",North,"Lower in calories, Lower in sugar, No added sugar",730676
Zensho Food Singapore,Long John Silver's,Quick Service Restaurant/Fast Food,Halal,Fast Food,Long John Silver's - Bedok Heartbeat,11 Bedok North Street 1 #01-13 Heartbeat@Bedok Singapore 469662,East,"Lower in calories and sodium, Lower in sugar, No added sugar",469662
Zensho Food Singapore,Long John Silver's,Quick Service Restaurant/Fast Food,Halal,Fast Food,Long John Silver's - Yew Tee Point,"21 Choa Chu Kang North 6, #B1-36/38/39 Yew Tee Point, Singapore 689578",West,"Lower in calories and sodium, Lower in sugar, No added sugar",689578
Zensho Food Singapore,Long John Silver's,Quick Service Restaurant/Fast Food,Halal,Fast Food,Long John Silver's - Wood Square,"6 Woodlands Square, #B2-19, Singapore 737737 ",North,"Lower in calories and sodium, Lower in sugar, No added sugar",737737
Zensho Food Singapore,Long John Silver's,Quick Service Restaurant/Fast Food,Halal,Fast Food,Long John Silver's - Wisteria Mall,598 Wisteria Mall 598 Yishun Ring Road #01-17/18 & #01-55/56 Singapore 768698,North,"Lower in calories and sodium, Lower in sugar, No added sugar",768698
Zensho Food Singapore,Long John Silver's,Quick Service Restaurant/Fast Food,Halal,Fast Food,Long John Silver's - Westgate,"3 Gateway Drive, #B1-10 Westgate, Singapore 608532",West,"Lower in calories and sodium, Lower in sugar, No added sugar",608532
Zensho Food Singapore,Long John Silver's,Quick Service Restaurant/Fast Food,Halal,Fast Food,Long John Silver's - West Coast Plaza,"154 West Coast Road, #B1-49 West Coast Plaza Singapore 127371",West,"Lower in calories and sodium, Lower in sugar, No added sugar",127371
Zensho Food Singapore,Long John Silver's,Quick Service Restaurant/Fast Food,Halal,Fast Food,Long John Silver's - Tiong Bahru Plaza,"302 Tiong Bahru Road, #01-160 Tiong Bahru Plaza Singapore 168732",Central,"Lower in calories and sodium, Lower in sugar, No added sugar",168732
Zensho Food Singapore,Long John Silver's,Quick Service Restaurant/Fast Food,Halal,Fast Food,Long John Silver's - Tampines Mall,"4 Tampines Central 5, #04-23/24/25 Tampines Mall, Singapore 529510",East,"Lower in calories and sodium, Lower in sugar, No added sugar",529510
Zensho Food Singapore,Long John Silver's,Quick Service Restaurant/Fast Food,Halal,Fast Food,Long John Silver's - Tai Seng,18 Tai Seng Street #01-31/32 & K7 Singapore 539775,Central,"Lower in calories and sodium, Lower in sugar, No added sugar",539775
Zensho Food Singapore,Long John Silver's,Quick Service Restaurant/Fast Food,Halal,Fast Food,Long John Silver's - Northpoint,"930 Yishun Ave 2, #01-14 Northpoint Shopping Centre, Singapore 769098 ",North,"Lower in calories and sodium, Lower in sugar, No added sugar",769098
Zensho Food Singapore,Long John Silver's,Quick Service Restaurant/Fast Food,Halal,Fast Food,Long John Silver's - Jurong Point,"63 Jurong West Central  #03-09/10/11, Jurong Point Shopping Centre Singapore 648331",West,"Lower in calories and sodium, Lower in sugar, No added sugar",648331
Zensho Food Singapore,Long John Silver's,Quick Service Restaurant/Fast Food,Halal,Fast Food,Long John Silver's - Hougang Mall,"90 Hougang Ave 10, #B1-27/28 Hougang Mall, Singapore 538766",North-East,"Lower in calories and sodium, Lower in sugar, No added sugar",538766
Zensho Food Singapore,Long John Silver's,Quick Service Restaurant/Fast Food,Halal,Fast Food,Long John Silver's - Junction 8 Mall,"9 Bishan Place, #01-19A Junction 8 Shopping Centre, Singapore 579834",Central,"Lower in calories and sodium, Lower in sugar, No added sugar",579834
Zensho Food Singapore,Long John Silver's,Quick Service Restaurant/Fast Food,Halal,Fast Food,Long John Silver's - Hillion Mall,"17 Petir Road B1-57/58/59, Hillion Mall, Singapore 678278",West,"Lower in calories and sodium, Lower in sugar, No added sugar",678278
Zensho Food Singapore,Long John Silver's,Quick Service Restaurant/Fast Food,Halal,Fast Food,Long John Silver's - Eastpoint Mall,"3 Simei Street 6, #01-32 East Point Mall, Singapore 528833",East,"Lower in calories and sodium, Lower in sugar, No added sugar",528833
Zensho Food Singapore,Long John Silver's,Quick Service Restaurant/Fast Food,Halal,Fast Food,Long John Silver's - Commonwealth,"88 Tanglin Halt Road, #01-09, Singapore 141088 ",Central,"Lower in calories and sodium, Lower in sugar, No added sugar",141088
Zensho Food Singapore,Long John Silver's,Quick Service Restaurant/Fast Food,Halal,Fast Food,Long John Silver's - Admiralty,"676 Woodland Drive 71, #01-05 & #01-12 Kampong Admiralty Singapore 730676",North,"Lower in calories and sodium, Lower in sugar, No added sugar",730676
Zensho Food Singapore,Long John Silver's,Quick Service Restaurant/Fast Food,Halal,Fast Food,Long John Silver's - Paya Lebar Square,60 Paya Lebar Road #01-72/73 Paya Lebar Square Singapore 409051,Central,"Lower in calories and sodium, Lower in sugar, No added sugar",409051
Zensho Food Singapore,Long John Silver's,Quick Service Restaurant/Fast Food,Halal,Fast Food,Long John Silver's - Suntec City,3 Temasek Blvd #B1-149 Suntec city Singapore 038983,Central,"Lower in calories and sodium, Lower in sugar, No added sugar",38983
Zensho Food Singapore,Long John Silver's,Quick Service Restaurant/Fast Food,Halal,Fast Food,Long John Silver's - White Sands,"1 Pasir Ris Central, Street 3 #2-31/32 White Snds Singapore 518457",East,"Lower in calories and sodium, Lower in sugar, No added sugar",518457
ZENSHO JAPANESE RESTAURANT COMPANY PTE. LTD.,SUKIYA,Quick Service Restaurant/Fast Food,,Japanese,313,313 Orchard Rd #B3-33/34 313@Somerset Singapore 238895,Central,"Lower in calories, No added sugar",238895
ZENSHO JAPANESE RESTAURANT COMPANY PTE. LTD.,SUKIYA,Quick Service Restaurant/Fast Food,,Japanese,Novena Square 2,10 SINARAN DRIVE #1-47-53 Novena square 2 Singapore 307506,Central,"Lower in calories, No added sugar",307506
ZENSHO JAPANESE RESTAURANT COMPANY PTE. LTD.,SUKIYA,Quick Service Restaurant/Fast Food,,Japanese,Jewel,78 AIRPORT BOULEVARD #B2-200 JEWEL CHANGI AIRPORT Singapore 819666,East,"Lower in calories, No added sugar",819666
ZENSHO JAPANESE RESTAURANT COMPANY PTE. LTD.,SUKIYA,Quick Service Restaurant/Fast Food,,Japanese,Funan,107 North Bridge Rd #B1-32 Funan Mall Singapore 179105,Central,"Lower in calories, No added sugar",179105
ZENSHO JAPANESE RESTAURANT COMPANY PTE. LTD.,SUKIYA,Quick Service Restaurant/Fast Food,,Japanese,Waterway Point,83 PUNGGOL CENTRAL #B1-23 WATERWAY POINT Singapore 828761,North-East,"Lower in calories, No added sugar",828761
ZENSHO JAPANESE RESTAURANT COMPANY PTE. LTD.,SUKIYA,Quick Service Restaurant/Fast Food,,Japanese,Century Square,2 TAMPINES CENTRAL 5 #1-21 CENTURY SQUARE Singapore 529509,East,"Lower in calories, No added sugar",529509
ZENSHO JAPANESE RESTAURANT COMPANY PTE. LTD.,SUKIYA,Quick Service Restaurant/Fast Food,,Japanese,Changi City Point,5 CHANGI BUSINESS PARK CENTRAL 1 #1-12 CHANGI CITY POINT Singapore 486038,East,"Lower in calories, No added sugar",486038
ZENSHO JAPANESE RESTAURANT COMPANY PTE. LTD.,SUKIYA,Quick Service Restaurant/Fast Food,,Japanese,Suntec city,3 Temasek Boulevard #01-647 Suntec City Mall Singapore 038983,Central,"Lower in calories, No added sugar",38983
ZENSHO JAPANESE RESTAURANT COMPANY PTE. LTD.,SUKIYA,Quick Service Restaurant/Fast Food,Halal,Japanese,SUKIYA - Suntec,3 Temasek Boulevard #01-647 Suntec City Mall Singapore 038983,Central,"Lower in calories, No added sugar",38983
ZENSHO JAPANESE RESTAURANT COMPANY PTE. LTD.,SUKIYA,Quick Service Restaurant/Fast Food,Halal,Japanese,SUKIYA - 313,313 Orchard Rd #B3-33/34 313@Somerset Singapore 238895,Central,"Lower in calories, No added sugar",238895
ZENSHO JAPANESE RESTAURANT COMPANY PTE. LTD.,SUKIYA,Quick Service Restaurant/Fast Food,Halal,Japanese,SUKIYA - Novena Square 2,10 SINARAN DRIVE #1-47-53 Novena square 2 Singapore 307506,Central,"Lower in calories, No added sugar",307506
ZENSHO JAPANESE RESTAURANT COMPANY PTE. LTD.,SUKIYA,Quick Service Restaurant/Fast Food,Halal,Japanese,SUKIYA - Jewel,78 AIRPORT BOULEVARD #B2-200 JEWEL CHANGI AIRPORT Singapore 819666,East,"Lower in calories, No added sugar",819666
ZENSHO JAPANESE RESTAURANT COMPANY PTE. LTD.,SUKIYA,Quick Service Restaurant/Fast Food,Halal,Japanese,SUKIYA - Funan,107 North Bridge Rd #B1-32 Funan Mall Singapore 179105,Central,"Lower in calories, No added sugar",179105
ZENSHO JAPANESE RESTAURANT COMPANY PTE. LTD.,SUKIYA,Quick Service Restaurant/Fast Food,Halal,Japanese,SUKIYA - Waterway Point,83 PUNGGOL CENTRAL #B1-23 WATERWAY POINT Singapore 828761,North-East,"Lower in calories, No added sugar",828761
ZENSHO JAPANESE RESTAURANT COMPANY PTE. LTD.,SUKIYA,Quick Service Restaurant/Fast Food,Halal,Japanese,SUKIYA - Century Square,2 TAMPINES CENTRAL 5 #1-21 CENTURY SQUARE Singapore 529509,East,"Lower in calories, No added sugar",529509
ZENSHO JAPANESE RESTAURANT COMPANY PTE. LTD.,SUKIYA,Quick Service Restaurant/Fast Food,Halal,Japanese,SUKIYA - Changi City Point,5 CHANGI BUSINESS PARK CENTRAL 1 #1-12 CHANGI CITY POINT Singapore 486038,East,"Lower in calories, No added sugar",486038
,,,,,,"200 Victoria Street #01-68, Bugis Junction",,,188021
,,,,,,"30 Sembawang Drive, #02-21/22",,,757713
,,,,,,"33 Sengkang West Avenue  #02-11/12,  The Seletar Mall",,,797653
,,,,,,"83 Punggol Central #02-35, Waterway Point",,,828868
,,,,,,"Changi Airport Terminal 2 Departure, #036-087-01",,,819643
,,,,,,"1 Vista Exchange Green, Star Vista #01-33 ",,,138617
,,,,,,20 Pasir Panjang Kitchen Loft Road Maple Tree Business City,,,117439
,,,,,,1 Harbourfont Walk Vivocity #02-150,,,098585
,,,,,,"3 Simei Street 6, #01-34 Eastpoint Mall Singapore ",,,528833
,,,,,,370 Alexandra Road Anchor Point #01-09/10,,,159953
,,,,,,"Blk 730 Ang Mo Kio Ave 6, ",,,560730
,,,,,,"Blk 231 Bain Street, #01-01 Bras Basah Complex",,,180231
,,,,,,"Compass One, 1 Sengkang Square, #04-07",,,545078
,,,,,,"JEM, 50 Jurong Gateway Road, #04-15 ",,,608549
,,,,,,"NEX, 23 Serangoon Central, #04-66 ",,,556083
,,,,,,"430 Lorong 6 Toa Payoh, OrangeTee Building, #01-01A ",,,319402
,,,,,,"80 Marine Parade Road, #01-30 Parkway Parade",,,449269
,,,,,,"6 Sentul Crescent, #01-01 SAFRA Punggol",,,828654
,,,,,,"333 Boon Lay Way, #2A-01 SAFRA Jurong Club",,,649848
,,,,,,No. 1 Sengkang Square #04-06,,,545078
,,,,,,Blk 205 Hougang Street 21 #01-133,,,530205
,,,,,,9 Bishan Place #B1-20,,,579837
,,,,,,No. 21 Choa Chu Kang Ave  4 #03-10,,,689812
,,,,,,80 Marine Parade Road #B1-84C,,,449269
,,,,,,60 Paya Leber Road #B1-19 Paya Lebar Square,,,409051
,,,,,,10 Sinaran Drive #02-85 / 86 / 89,,,307506
,,,,,,"30 Sembawang Drive, Sun Plaza, #03-17/18/19",,,757713
,,,,,,28 Boon Lay Way #01-175/176,,,609971
,,,,,,900 South woodlands Drive #01-04,,,730900
